block,model,variant,concurrency,repetition,source,metric,value,statistic,unit
8,27B,pr2_dflash,1,1,b200-block8-20260922/27B/pr2_dflash/vllm_dflash/c1,acceptance_length,5.654847887940468,avg,tokens
8,27B,pr2_dflash,1,2,b200-repeats-20260922/rep2-block8/27B/pr2_dflash/vllm_dflash/c1,acceptance_length,5.654847887940468,avg,tokens
8,27B,pr2_dflash,1,3,b200-repeats-20260922/rep3-block8/27B/pr2_dflash/vllm_dflash/c1,acceptance_length,5.654847887940468,avg,tokens
8,27B,pr2_dflash,1,1,b200-block8-20260922/27B/pr2_dflash/vllm_dflash/c1,inter_chunk_latency,13.458946399999986,p99,ms
8,27B,pr2_dflash,1,2,b200-repeats-20260922/rep2-block8/27B/pr2_dflash/vllm_dflash/c1,inter_chunk_latency,12.965129319999992,p99,ms
8,27B,pr2_dflash,1,3,b200-repeats-20260922/rep3-block8/27B/pr2_dflash/vllm_dflash/c1,inter_chunk_latency,12.185067039999998,p99,ms
8,27B,pr2_dflash,1,1,b200-block8-20260922/27B/pr2_dflash/vllm_dflash/c1,inter_token_latency,2.3242333560784316,p90,ms
8,27B,pr2_dflash,1,2,b200-repeats-20260922/rep2-block8/27B/pr2_dflash/vllm_dflash/c1,inter_token_latency,2.2200237823529423,p90,ms
8,27B,pr2_dflash,1,3,b200-repeats-20260922/rep3-block8/27B/pr2_dflash/vllm_dflash/c1,inter_token_latency,2.2507716184313735,p90,ms
8,27B,pr2_dflash,1,1,b200-block8-20260922/27B/pr2_dflash/vllm_dflash/c1,inter_token_latency,2.924020856392158,p99,ms
8,27B,pr2_dflash,1,2,b200-repeats-20260922/rep2-block8/27B/pr2_dflash/vllm_dflash/c1,inter_token_latency,2.773466085568628,p99,ms
8,27B,pr2_dflash,1,3,b200-repeats-20260922/rep3-block8/27B/pr2_dflash/vllm_dflash/c1,inter_token_latency,2.8162517118823533,p99,ms
8,27B,pr2_dflash,1,1,b200-block8-20260922/27B/pr2_dflash/vllm_dflash/c1,interactivity,341.9948246312659,derived,tokens/s/user
8,27B,pr2_dflash,1,2,b200-repeats-20260922/rep2-block8/27B/pr2_dflash/vllm_dflash/c1,interactivity,360.5596640259532,derived,tokens/s/user
8,27B,pr2_dflash,1,3,b200-repeats-20260922/rep3-block8/27B/pr2_dflash/vllm_dflash/c1,interactivity,355.08189689891407,derived,tokens/s/user
8,27B,pr2_dflash,1,1,b200-block8-20260922/27B/pr2_dflash/vllm_dflash/c1,interactivity,430.24939702580144,derived_p90,tokens/s/user
8,27B,pr2_dflash,1,2,b200-repeats-20260922/rep2-block8/27B/pr2_dflash/vllm_dflash/c1,interactivity,450.4456249293543,derived_p90,tokens/s/user
8,27B,pr2_dflash,1,3,b200-repeats-20260922/rep3-block8/27B/pr2_dflash/vllm_dflash/c1,interactivity,444.2920782415625,derived_p90,tokens/s/user
8,27B,pr2_dflash,1,1,b200-block8-20260922/27B/pr2_dflash/vllm_dflash/c1,output_token_throughput,441.3564216274722,avg,tokens/s
8,27B,pr2_dflash,1,2,b200-repeats-20260922/rep2-block8/27B/pr2_dflash/vllm_dflash/c1,output_token_throughput,452.1686376224404,avg,tokens/s
8,27B,pr2_dflash,1,3,b200-repeats-20260922/rep3-block8/27B/pr2_dflash/vllm_dflash/c1,output_token_throughput,447.3389419630434,avg,tokens/s
8,27B,pr2_dflash,1,1,b200-block8-20260922/27B/pr2_dflash/vllm_dflash/c1,time_to_first_token,74.47790586,p99,ms
8,27B,pr2_dflash,1,2,b200-repeats-20260922/rep2-block8/27B/pr2_dflash/vllm_dflash/c1,time_to_first_token,76.26667534000015,p99,ms
8,27B,pr2_dflash,1,3,b200-repeats-20260922/rep3-block8/27B/pr2_dflash/vllm_dflash/c1,time_to_first_token,67.24032289000002,p99,ms
8,27B,pr2_dflash,2,1,b200-block8-20260922/27B/pr2_dflash/vllm_dflash/c2,acceptance_length,5.641921397379913,avg,tokens
8,27B,pr2_dflash,2,2,b200-repeats-20260922/rep2-block8/27B/pr2_dflash/vllm_dflash/c2,acceptance_length,5.696132596685083,avg,tokens
8,27B,pr2_dflash,2,3,b200-repeats-20260922/rep3-block8/27B/pr2_dflash/vllm_dflash/c2,acceptance_length,5.712860310421286,avg,tokens
8,27B,pr2_dflash,2,1,b200-block8-20260922/27B/pr2_dflash/vllm_dflash/c2,inter_chunk_latency,63.86309318000001,p99,ms
8,27B,pr2_dflash,2,2,b200-repeats-20260922/rep2-block8/27B/pr2_dflash/vllm_dflash/c2,inter_chunk_latency,60.31152425999999,p99,ms
8,27B,pr2_dflash,2,3,b200-repeats-20260922/rep3-block8/27B/pr2_dflash/vllm_dflash/c2,inter_chunk_latency,61.33038671999999,p99,ms
8,27B,pr2_dflash,2,1,b200-block8-20260922/27B/pr2_dflash/vllm_dflash/c2,inter_token_latency,2.540599062745098,p90,ms
8,27B,pr2_dflash,2,2,b200-repeats-20260922/rep2-block8/27B/pr2_dflash/vllm_dflash/c2,inter_token_latency,2.4209361384313723,p90,ms
8,27B,pr2_dflash,2,3,b200-repeats-20260922/rep3-block8/27B/pr2_dflash/vllm_dflash/c2,inter_token_latency,2.462868548627451,p90,ms
8,27B,pr2_dflash,2,1,b200-block8-20260922/27B/pr2_dflash/vllm_dflash/c2,inter_token_latency,2.783465474117647,p99,ms
8,27B,pr2_dflash,2,2,b200-repeats-20260922/rep2-block8/27B/pr2_dflash/vllm_dflash/c2,inter_token_latency,2.4649556834117643,p99,ms
8,27B,pr2_dflash,2,3,b200-repeats-20260922/rep3-block8/27B/pr2_dflash/vllm_dflash/c2,inter_token_latency,2.503716904078431,p99,ms
8,27B,pr2_dflash,2,1,b200-block8-20260922/27B/pr2_dflash/vllm_dflash/c2,interactivity,359.2643807866875,derived,tokens/s/user
8,27B,pr2_dflash,2,2,b200-repeats-20260922/rep2-block8/27B/pr2_dflash/vllm_dflash/c2,interactivity,405.6868067566603,derived,tokens/s/user
8,27B,pr2_dflash,2,3,b200-repeats-20260922/rep3-block8/27B/pr2_dflash/vllm_dflash/c2,interactivity,399.4061782188911,derived,tokens/s/user
8,27B,pr2_dflash,2,1,b200-block8-20260922/27B/pr2_dflash/vllm_dflash/c2,interactivity,393.60795438517863,derived_p90,tokens/s/user
8,27B,pr2_dflash,2,2,b200-repeats-20260922/rep2-block8/27B/pr2_dflash/vllm_dflash/c2,interactivity,413.0633535207346,derived_p90,tokens/s/user
8,27B,pr2_dflash,2,3,b200-repeats-20260922/rep3-block8/27B/pr2_dflash/vllm_dflash/c2,interactivity,406.03060222491246,derived_p90,tokens/s/user
8,27B,pr2_dflash,2,1,b200-block8-20260922/27B/pr2_dflash/vllm_dflash/c2,output_token_throughput,776.8065584444413,avg,tokens/s
8,27B,pr2_dflash,2,2,b200-repeats-20260922/rep2-block8/27B/pr2_dflash/vllm_dflash/c2,output_token_throughput,809.2255549499187,avg,tokens/s
8,27B,pr2_dflash,2,3,b200-repeats-20260922/rep3-block8/27B/pr2_dflash/vllm_dflash/c2,output_token_throughput,798.7542398609257,avg,tokens/s
8,27B,pr2_dflash,2,1,b200-block8-20260922/27B/pr2_dflash/vllm_dflash/c2,time_to_first_token,112.63471505,p99,ms
8,27B,pr2_dflash,2,2,b200-repeats-20260922/rep2-block8/27B/pr2_dflash/vllm_dflash/c2,time_to_first_token,123.06843619999998,p99,ms
8,27B,pr2_dflash,2,3,b200-repeats-20260922/rep3-block8/27B/pr2_dflash/vllm_dflash/c2,time_to_first_token,125.76453794,p99,ms
8,27B,pr2_dflash,4,1,b200-block8-20260922/27B/pr2_dflash/vllm_dflash/c4,acceptance_length,5.645275805570726,avg,tokens
8,27B,pr2_dflash,4,2,b200-repeats-20260922/rep2-block8/27B/pr2_dflash/vllm_dflash/c4,acceptance_length,5.719911259012757,avg,tokens
8,27B,pr2_dflash,4,3,b200-repeats-20260922/rep3-block8/27B/pr2_dflash/vllm_dflash/c4,acceptance_length,5.688086045228903,avg,tokens
8,27B,pr2_dflash,4,1,b200-block8-20260922/27B/pr2_dflash/vllm_dflash/c4,inter_chunk_latency,63.63706746999999,p99,ms
8,27B,pr2_dflash,4,2,b200-repeats-20260922/rep2-block8/27B/pr2_dflash/vllm_dflash/c4,inter_chunk_latency,61.2039326,p99,ms
8,27B,pr2_dflash,4,3,b200-repeats-20260922/rep3-block8/27B/pr2_dflash/vllm_dflash/c4,inter_chunk_latency,64.05900749999999,p99,ms
8,27B,pr2_dflash,4,1,b200-block8-20260922/27B/pr2_dflash/vllm_dflash/c4,inter_token_latency,3.105684737254902,p90,ms
8,27B,pr2_dflash,4,2,b200-repeats-20260922/rep2-block8/27B/pr2_dflash/vllm_dflash/c4,inter_token_latency,2.9227457847058824,p90,ms
8,27B,pr2_dflash,4,3,b200-repeats-20260922/rep3-block8/27B/pr2_dflash/vllm_dflash/c4,inter_token_latency,3.081584639215686,p90,ms
8,27B,pr2_dflash,4,1,b200-block8-20260922/27B/pr2_dflash/vllm_dflash/c4,inter_token_latency,3.41093576435294,p99,ms
8,27B,pr2_dflash,4,2,b200-repeats-20260922/rep2-block8/27B/pr2_dflash/vllm_dflash/c4,inter_token_latency,3.2560788039215662,p99,ms
8,27B,pr2_dflash,4,3,b200-repeats-20260922/rep3-block8/27B/pr2_dflash/vllm_dflash/c4,inter_token_latency,3.40605292345098,p99,ms
8,27B,pr2_dflash,4,1,b200-block8-20260922/27B/pr2_dflash/vllm_dflash/c4,interactivity,293.1746796438724,derived,tokens/s/user
8,27B,pr2_dflash,4,2,b200-repeats-20260922/rep2-block8/27B/pr2_dflash/vllm_dflash/c4,interactivity,307.11787405010494,derived,tokens/s/user
8,27B,pr2_dflash,4,3,b200-repeats-20260922/rep3-block8/27B/pr2_dflash/vllm_dflash/c4,interactivity,293.59496827395435,derived,tokens/s/user
8,27B,pr2_dflash,4,1,b200-block8-20260922/27B/pr2_dflash/vllm_dflash/c4,interactivity,321.99018400170735,derived_p90,tokens/s/user
8,27B,pr2_dflash,4,2,b200-repeats-20260922/rep2-block8/27B/pr2_dflash/vllm_dflash/c4,interactivity,342.1440226627957,derived_p90,tokens/s/user
8,27B,pr2_dflash,4,3,b200-repeats-20260922/rep3-block8/27B/pr2_dflash/vllm_dflash/c4,interactivity,324.50836731017597,derived_p90,tokens/s/user
8,27B,pr2_dflash,4,1,b200-block8-20260922/27B/pr2_dflash/vllm_dflash/c4,output_token_throughput,1328.5439796851426,avg,tokens/s
8,27B,pr2_dflash,4,2,b200-repeats-20260922/rep2-block8/27B/pr2_dflash/vllm_dflash/c4,output_token_throughput,1355.742668787476,avg,tokens/s
8,27B,pr2_dflash,4,3,b200-repeats-20260922/rep3-block8/27B/pr2_dflash/vllm_dflash/c4,output_token_throughput,1334.3750129265543,avg,tokens/s
8,27B,pr2_dflash,4,1,b200-block8-20260922/27B/pr2_dflash/vllm_dflash/c4,time_to_first_token,162.55098709,p99,ms
8,27B,pr2_dflash,4,2,b200-repeats-20260922/rep2-block8/27B/pr2_dflash/vllm_dflash/c4,time_to_first_token,184.79832029999997,p99,ms
8,27B,pr2_dflash,4,3,b200-repeats-20260922/rep3-block8/27B/pr2_dflash/vllm_dflash/c4,time_to_first_token,145.71114153,p99,ms
8,27B,pr2_dflash,8,1,b200-block8-20260922/27B/pr2_dflash/vllm_dflash/c8,acceptance_length,5.631112927394088,avg,tokens
8,27B,pr2_dflash,8,2,b200-repeats-20260922/rep2-block8/27B/pr2_dflash/vllm_dflash/c8,acceptance_length,5.62450538954837,avg,tokens
8,27B,pr2_dflash,8,3,b200-repeats-20260922/rep3-block8/27B/pr2_dflash/vllm_dflash/c8,acceptance_length,5.644350321082115,avg,tokens
8,27B,pr2_dflash,8,1,b200-block8-20260922/27B/pr2_dflash/vllm_dflash/c8,inter_chunk_latency,63.842638600000015,p99,ms
8,27B,pr2_dflash,8,2,b200-repeats-20260922/rep2-block8/27B/pr2_dflash/vllm_dflash/c8,inter_chunk_latency,63.97019024000005,p99,ms
8,27B,pr2_dflash,8,3,b200-repeats-20260922/rep3-block8/27B/pr2_dflash/vllm_dflash/c8,inter_chunk_latency,64.96127082,p99,ms
8,27B,pr2_dflash,8,1,b200-block8-20260922/27B/pr2_dflash/vllm_dflash/c8,inter_token_latency,4.067409555294117,p90,ms
8,27B,pr2_dflash,8,2,b200-repeats-20260922/rep2-block8/27B/pr2_dflash/vllm_dflash/c8,inter_token_latency,3.9772174827450977,p90,ms
8,27B,pr2_dflash,8,3,b200-repeats-20260922/rep3-block8/27B/pr2_dflash/vllm_dflash/c8,inter_token_latency,4.113017599999999,p90,ms
8,27B,pr2_dflash,8,1,b200-block8-20260922/27B/pr2_dflash/vllm_dflash/c8,inter_token_latency,4.658013255254901,p99,ms
8,27B,pr2_dflash,8,2,b200-repeats-20260922/rep2-block8/27B/pr2_dflash/vllm_dflash/c8,inter_token_latency,4.851560648117647,p99,ms
8,27B,pr2_dflash,8,3,b200-repeats-20260922/rep3-block8/27B/pr2_dflash/vllm_dflash/c8,inter_token_latency,5.047552335843136,p99,ms
8,27B,pr2_dflash,8,1,b200-block8-20260922/27B/pr2_dflash/vllm_dflash/c8,interactivity,214.68380298657544,derived,tokens/s/user
8,27B,pr2_dflash,8,2,b200-repeats-20260922/rep2-block8/27B/pr2_dflash/vllm_dflash/c8,interactivity,206.11924131835585,derived,tokens/s/user
8,27B,pr2_dflash,8,3,b200-repeats-20260922/rep3-block8/27B/pr2_dflash/vllm_dflash/c8,interactivity,198.1158259417951,derived,tokens/s/user
8,27B,pr2_dflash,8,1,b200-block8-20260922/27B/pr2_dflash/vllm_dflash/c8,interactivity,245.856726844339,derived_p90,tokens/s/user
8,27B,pr2_dflash,8,2,b200-repeats-20260922/rep2-block8/27B/pr2_dflash/vllm_dflash/c8,interactivity,251.43206383317877,derived_p90,tokens/s/user
8,27B,pr2_dflash,8,3,b200-repeats-20260922/rep3-block8/27B/pr2_dflash/vllm_dflash/c8,interactivity,243.13049377663742,derived_p90,tokens/s/user
8,27B,pr2_dflash,8,1,b200-block8-20260922/27B/pr2_dflash/vllm_dflash/c8,output_token_throughput,2083.6308010711364,avg,tokens/s
8,27B,pr2_dflash,8,2,b200-repeats-20260922/rep2-block8/27B/pr2_dflash/vllm_dflash/c8,output_token_throughput,2163.4661700401475,avg,tokens/s
8,27B,pr2_dflash,8,3,b200-repeats-20260922/rep3-block8/27B/pr2_dflash/vllm_dflash/c8,output_token_throughput,2098.8466934575467,avg,tokens/s
8,27B,pr2_dflash,8,1,b200-block8-20260922/27B/pr2_dflash/vllm_dflash/c8,time_to_first_token,188.65287601,p99,ms
8,27B,pr2_dflash,8,2,b200-repeats-20260922/rep2-block8/27B/pr2_dflash/vllm_dflash/c8,time_to_first_token,183.07267851,p99,ms
8,27B,pr2_dflash,8,3,b200-repeats-20260922/rep3-block8/27B/pr2_dflash/vllm_dflash/c8,time_to_first_token,191.2875244,p99,ms
8,27B,pr2_dflash,16,1,b200-block8-20260922/27B/pr2_dflash/vllm_dflash/c16,acceptance_length,5.780655095184771,avg,tokens
8,27B,pr2_dflash,16,2,b200-repeats-20260922/rep2-block8/27B/pr2_dflash/vllm_dflash/c16,acceptance_length,5.6867295640796085,avg,tokens
8,27B,pr2_dflash,16,3,b200-repeats-20260922/rep3-block8/27B/pr2_dflash/vllm_dflash/c16,acceptance_length,5.753222322859332,avg,tokens
8,27B,pr2_dflash,16,1,b200-block8-20260922/27B/pr2_dflash/vllm_dflash/c16,inter_chunk_latency,71.28385002999998,p99,ms
8,27B,pr2_dflash,16,2,b200-repeats-20260922/rep2-block8/27B/pr2_dflash/vllm_dflash/c16,inter_chunk_latency,69.70454719999998,p99,ms
8,27B,pr2_dflash,16,3,b200-repeats-20260922/rep3-block8/27B/pr2_dflash/vllm_dflash/c16,inter_chunk_latency,66.33925664,p99,ms
8,27B,pr2_dflash,16,1,b200-block8-20260922/27B/pr2_dflash/vllm_dflash/c16,inter_token_latency,5.543592190588235,p90,ms
8,27B,pr2_dflash,16,2,b200-repeats-20260922/rep2-block8/27B/pr2_dflash/vllm_dflash/c16,inter_token_latency,5.360198694901961,p90,ms
8,27B,pr2_dflash,16,3,b200-repeats-20260922/rep3-block8/27B/pr2_dflash/vllm_dflash/c16,inter_token_latency,5.5378867988235285,p90,ms
8,27B,pr2_dflash,16,1,b200-block8-20260922/27B/pr2_dflash/vllm_dflash/c16,inter_token_latency,6.522940964941176,p99,ms
8,27B,pr2_dflash,16,2,b200-repeats-20260922/rep2-block8/27B/pr2_dflash/vllm_dflash/c16,inter_token_latency,6.637688749882353,p99,ms
8,27B,pr2_dflash,16,3,b200-repeats-20260922/rep3-block8/27B/pr2_dflash/vllm_dflash/c16,inter_token_latency,6.612951504549019,p99,ms
8,27B,pr2_dflash,16,1,b200-block8-20260922/27B/pr2_dflash/vllm_dflash/c16,interactivity,153.30508207489473,derived,tokens/s/user
8,27B,pr2_dflash,16,2,b200-repeats-20260922/rep2-block8/27B/pr2_dflash/vllm_dflash/c16,interactivity,150.65484955402948,derived,tokens/s/user
8,27B,pr2_dflash,16,3,b200-repeats-20260922/rep3-block8/27B/pr2_dflash/vllm_dflash/c16,interactivity,151.2184081967189,derived,tokens/s/user
8,27B,pr2_dflash,16,1,b200-block8-20260922/27B/pr2_dflash/vllm_dflash/c16,interactivity,180.38844951433722,derived_p90,tokens/s/user
8,27B,pr2_dflash,16,2,b200-repeats-20260922/rep2-block8/27B/pr2_dflash/vllm_dflash/c16,interactivity,186.5602484010698,derived_p90,tokens/s/user
8,27B,pr2_dflash,16,3,b200-repeats-20260922/rep3-block8/27B/pr2_dflash/vllm_dflash/c16,interactivity,180.57429418969716,derived_p90,tokens/s/user
8,27B,pr2_dflash,16,1,b200-block8-20260922/27B/pr2_dflash/vllm_dflash/c16,output_token_throughput,3088.410004856663,avg,tokens/s
8,27B,pr2_dflash,16,2,b200-repeats-20260922/rep2-block8/27B/pr2_dflash/vllm_dflash/c16,output_token_throughput,3201.0324141047217,avg,tokens/s
8,27B,pr2_dflash,16,3,b200-repeats-20260922/rep3-block8/27B/pr2_dflash/vllm_dflash/c16,output_token_throughput,3093.488387167833,avg,tokens/s
8,27B,pr2_dflash,16,1,b200-block8-20260922/27B/pr2_dflash/vllm_dflash/c16,time_to_first_token,265.67702269000006,p99,ms
8,27B,pr2_dflash,16,2,b200-repeats-20260922/rep2-block8/27B/pr2_dflash/vllm_dflash/c16,time_to_first_token,203.61683014,p99,ms
8,27B,pr2_dflash,16,3,b200-repeats-20260922/rep3-block8/27B/pr2_dflash/vllm_dflash/c16,time_to_first_token,201.701946,p99,ms
8,27B,pr2_dflash,32,1,b200-block8-20260922/27B/pr2_dflash/vllm_dflash/c32,acceptance_length,5.714928368745242,avg,tokens
8,27B,pr2_dflash,32,2,b200-repeats-20260922/rep2-block8/27B/pr2_dflash/vllm_dflash/c32,acceptance_length,5.715561401079884,avg,tokens
8,27B,pr2_dflash,32,3,b200-repeats-20260922/rep3-block8/27B/pr2_dflash/vllm_dflash/c32,acceptance_length,5.735697662301574,avg,tokens
8,27B,pr2_dflash,32,1,b200-block8-20260922/27B/pr2_dflash/vllm_dflash/c32,inter_chunk_latency,86.17777876999999,p99,ms
8,27B,pr2_dflash,32,2,b200-repeats-20260922/rep2-block8/27B/pr2_dflash/vllm_dflash/c32,inter_chunk_latency,76.42437733,p99,ms
8,27B,pr2_dflash,32,3,b200-repeats-20260922/rep3-block8/27B/pr2_dflash/vllm_dflash/c32,inter_chunk_latency,71.01243072,p99,ms
8,27B,pr2_dflash,32,1,b200-block8-20260922/27B/pr2_dflash/vllm_dflash/c32,inter_token_latency,8.210291468627451,p90,ms
8,27B,pr2_dflash,32,2,b200-repeats-20260922/rep2-block8/27B/pr2_dflash/vllm_dflash/c32,inter_token_latency,7.682042205882352,p90,ms
8,27B,pr2_dflash,32,3,b200-repeats-20260922/rep3-block8/27B/pr2_dflash/vllm_dflash/c32,inter_token_latency,8.247485611372548,p90,ms
8,27B,pr2_dflash,32,1,b200-block8-20260922/27B/pr2_dflash/vllm_dflash/c32,inter_token_latency,9.823199000588236,p99,ms
8,27B,pr2_dflash,32,2,b200-repeats-20260922/rep2-block8/27B/pr2_dflash/vllm_dflash/c32,inter_token_latency,9.389555760666669,p99,ms
8,27B,pr2_dflash,32,3,b200-repeats-20260922/rep3-block8/27B/pr2_dflash/vllm_dflash/c32,inter_token_latency,10.367416619529417,p99,ms
8,27B,pr2_dflash,32,1,b200-block8-20260922/27B/pr2_dflash/vllm_dflash/c32,interactivity,101.7998311894239,derived,tokens/s/user
8,27B,pr2_dflash,32,2,b200-repeats-20260922/rep2-block8/27B/pr2_dflash/vllm_dflash/c32,interactivity,106.50131118972118,derived,tokens/s/user
8,27B,pr2_dflash,32,3,b200-repeats-20260922/rep3-block8/27B/pr2_dflash/vllm_dflash/c32,interactivity,96.45604461542231,derived,tokens/s/user
8,27B,pr2_dflash,32,1,b200-block8-20260922/27B/pr2_dflash/vllm_dflash/c32,interactivity,121.79835561515993,derived_p90,tokens/s/user
8,27B,pr2_dflash,32,2,b200-repeats-20260922/rep2-block8/27B/pr2_dflash/vllm_dflash/c32,interactivity,130.17371855029282,derived_p90,tokens/s/user
8,27B,pr2_dflash,32,3,b200-repeats-20260922/rep3-block8/27B/pr2_dflash/vllm_dflash/c32,interactivity,121.24907482361522,derived_p90,tokens/s/user
8,27B,pr2_dflash,32,1,b200-block8-20260922/27B/pr2_dflash/vllm_dflash/c32,output_token_throughput,4230.154353200859,avg,tokens/s
8,27B,pr2_dflash,32,2,b200-repeats-20260922/rep2-block8/27B/pr2_dflash/vllm_dflash/c32,output_token_throughput,4492.64553235342,avg,tokens/s
8,27B,pr2_dflash,32,3,b200-repeats-20260922/rep3-block8/27B/pr2_dflash/vllm_dflash/c32,output_token_throughput,4202.754355664239,avg,tokens/s
8,27B,pr2_dflash,32,1,b200-block8-20260922/27B/pr2_dflash/vllm_dflash/c32,time_to_first_token,261.8670545,p99,ms
8,27B,pr2_dflash,32,2,b200-repeats-20260922/rep2-block8/27B/pr2_dflash/vllm_dflash/c32,time_to_first_token,260.73492334,p99,ms
8,27B,pr2_dflash,32,3,b200-repeats-20260922/rep3-block8/27B/pr2_dflash/vllm_dflash/c32,time_to_first_token,239.48870046,p99,ms
8,27B,sglang_baseline,1,1,b200-block8-20260922/27B/sglang_baseline/sglang_baseline/c1,inter_chunk_latency,10.768151099999995,p99,ms
8,27B,sglang_baseline,1,2,b200-repeats-20260922/rep2-block8/27B/sglang_baseline/sglang_baseline/c1,inter_chunk_latency,11.324297919999998,p99,ms
8,27B,sglang_baseline,1,3,b200-repeats-20260922/rep3-block8/27B/sglang_baseline/sglang_baseline/c1,inter_chunk_latency,10.66342958,p99,ms
8,27B,sglang_baseline,1,1,b200-block8-20260922/27B/sglang_baseline/sglang_baseline/c1,inter_token_latency,7.175664511372548,p90,ms
8,27B,sglang_baseline,1,2,b200-repeats-20260922/rep2-block8/27B/sglang_baseline/sglang_baseline/c1,inter_token_latency,7.3589662717647055,p90,ms
8,27B,sglang_baseline,1,3,b200-repeats-20260922/rep3-block8/27B/sglang_baseline/sglang_baseline/c1,inter_token_latency,7.415033145490196,p90,ms
8,27B,sglang_baseline,1,1,b200-block8-20260922/27B/sglang_baseline/sglang_baseline/c1,inter_token_latency,7.18224047717647,p99,ms
8,27B,sglang_baseline,1,2,b200-repeats-20260922/rep2-block8/27B/sglang_baseline/sglang_baseline/c1,inter_token_latency,7.376878201529411,p99,ms
8,27B,sglang_baseline,1,3,b200-repeats-20260922/rep3-block8/27B/sglang_baseline/sglang_baseline/c1,inter_token_latency,7.42579613372549,p99,ms
8,27B,sglang_baseline,1,1,b200-block8-20260922/27B/sglang_baseline/sglang_baseline/c1,interactivity,139.23231938247864,derived,tokens/s/user
8,27B,sglang_baseline,1,2,b200-repeats-20260922/rep2-block8/27B/sglang_baseline/sglang_baseline/c1,interactivity,135.55869741656775,derived,tokens/s/user
8,27B,sglang_baseline,1,3,b200-repeats-20260922/rep3-block8/27B/sglang_baseline/sglang_baseline/c1,interactivity,134.66569536676792,derived,tokens/s/user
8,27B,sglang_baseline,1,1,b200-block8-20260922/27B/sglang_baseline/sglang_baseline/c1,interactivity,139.3599155054034,derived_p90,tokens/s/user
8,27B,sglang_baseline,1,2,b200-repeats-20260922/rep2-block8/27B/sglang_baseline/sglang_baseline/c1,interactivity,135.8886510781896,derived_p90,tokens/s/user
8,27B,sglang_baseline,1,3,b200-repeats-20260922/rep3-block8/27B/sglang_baseline/sglang_baseline/c1,interactivity,134.86116385173509,derived_p90,tokens/s/user
8,27B,sglang_baseline,1,1,b200-block8-20260922/27B/sglang_baseline/sglang_baseline/c1,output_token_throughput,137.231957672055,avg,tokens/s
8,27B,sglang_baseline,1,2,b200-repeats-20260922/rep2-block8/27B/sglang_baseline/sglang_baseline/c1,output_token_throughput,133.8215400427824,avg,tokens/s
8,27B,sglang_baseline,1,3,b200-repeats-20260922/rep3-block8/27B/sglang_baseline/sglang_baseline/c1,output_token_throughput,132.93445776140646,avg,tokens/s
8,27B,sglang_baseline,1,1,b200-block8-20260922/27B/sglang_baseline/sglang_baseline/c1,time_to_first_token,42.28206404000001,p99,ms
8,27B,sglang_baseline,1,2,b200-repeats-20260922/rep2-block8/27B/sglang_baseline/sglang_baseline/c1,time_to_first_token,46.81092808000002,p99,ms
8,27B,sglang_baseline,1,3,b200-repeats-20260922/rep3-block8/27B/sglang_baseline/sglang_baseline/c1,time_to_first_token,40.45387519,p99,ms
8,27B,sglang_baseline,2,1,b200-block8-20260922/27B/sglang_baseline/sglang_baseline/c2,inter_chunk_latency,10.78884656,p99,ms
8,27B,sglang_baseline,2,2,b200-repeats-20260922/rep2-block8/27B/sglang_baseline/sglang_baseline/c2,inter_chunk_latency,13.496390830000012,p99,ms
8,27B,sglang_baseline,2,3,b200-repeats-20260922/rep3-block8/27B/sglang_baseline/sglang_baseline/c2,inter_chunk_latency,10.754783400000006,p99,ms
8,27B,sglang_baseline,2,1,b200-block8-20260922/27B/sglang_baseline/sglang_baseline/c2,inter_token_latency,7.348611845098039,p90,ms
8,27B,sglang_baseline,2,2,b200-repeats-20260922/rep2-block8/27B/sglang_baseline/sglang_baseline/c2,inter_token_latency,7.512175499607843,p90,ms
8,27B,sglang_baseline,2,3,b200-repeats-20260922/rep3-block8/27B/sglang_baseline/sglang_baseline/c2,inter_token_latency,7.4586881898039215,p90,ms
8,27B,sglang_baseline,2,1,b200-block8-20260922/27B/sglang_baseline/sglang_baseline/c2,inter_token_latency,7.35284879945098,p99,ms
8,27B,sglang_baseline,2,2,b200-repeats-20260922/rep2-block8/27B/sglang_baseline/sglang_baseline/c2,inter_token_latency,7.536412780470588,p99,ms
8,27B,sglang_baseline,2,3,b200-repeats-20260922/rep3-block8/27B/sglang_baseline/sglang_baseline/c2,inter_token_latency,7.463890616392157,p99,ms
8,27B,sglang_baseline,2,1,b200-block8-20260922/27B/sglang_baseline/sglang_baseline/c2,interactivity,136.00170862682063,derived,tokens/s/user
8,27B,sglang_baseline,2,2,b200-repeats-20260922/rep2-block8/27B/sglang_baseline/sglang_baseline/c2,interactivity,132.68912268066586,derived,tokens/s/user
8,27B,sglang_baseline,2,3,b200-repeats-20260922/rep3-block8/27B/sglang_baseline/sglang_baseline/c2,interactivity,133.97838357971182,derived,tokens/s/user
8,27B,sglang_baseline,2,1,b200-block8-20260922/27B/sglang_baseline/sglang_baseline/c2,interactivity,136.0801224883118,derived_p90,tokens/s/user
8,27B,sglang_baseline,2,2,b200-repeats-20260922/rep2-block8/27B/sglang_baseline/sglang_baseline/c2,interactivity,133.1172308277679,derived_p90,tokens/s/user
8,27B,sglang_baseline,2,3,b200-repeats-20260922/rep3-block8/27B/sglang_baseline/sglang_baseline/c2,interactivity,134.0718333509379,derived_p90,tokens/s/user
8,27B,sglang_baseline,2,1,b200-block8-20260922/27B/sglang_baseline/sglang_baseline/c2,output_token_throughput,265.1196927691633,avg,tokens/s
8,27B,sglang_baseline,2,2,b200-repeats-20260922/rep2-block8/27B/sglang_baseline/sglang_baseline/c2,output_token_throughput,259.7442378052224,avg,tokens/s
8,27B,sglang_baseline,2,3,b200-repeats-20260922/rep3-block8/27B/sglang_baseline/sglang_baseline/c2,output_token_throughput,261.9053230726022,avg,tokens/s
8,27B,sglang_baseline,2,1,b200-block8-20260922/27B/sglang_baseline/sglang_baseline/c2,time_to_first_token,68.04385678,p99,ms
8,27B,sglang_baseline,2,2,b200-repeats-20260922/rep2-block8/27B/sglang_baseline/sglang_baseline/c2,time_to_first_token,125.50965326,p99,ms
8,27B,sglang_baseline,2,3,b200-repeats-20260922/rep3-block8/27B/sglang_baseline/sglang_baseline/c2,time_to_first_token,69.57459804999999,p99,ms
8,27B,sglang_baseline,4,1,b200-block8-20260922/27B/sglang_baseline/sglang_baseline/c4,inter_chunk_latency,10.39744175999982,p99,ms
8,27B,sglang_baseline,4,2,b200-repeats-20260922/rep2-block8/27B/sglang_baseline/sglang_baseline/c4,inter_chunk_latency,13.525594839999954,p99,ms
8,27B,sglang_baseline,4,3,b200-repeats-20260922/rep3-block8/27B/sglang_baseline/sglang_baseline/c4,inter_chunk_latency,11.411233609999991,p99,ms
8,27B,sglang_baseline,4,1,b200-block8-20260922/27B/sglang_baseline/sglang_baseline/c4,inter_token_latency,7.571883469411764,p90,ms
8,27B,sglang_baseline,4,2,b200-repeats-20260922/rep2-block8/27B/sglang_baseline/sglang_baseline/c4,inter_token_latency,7.673761323529412,p90,ms
8,27B,sglang_baseline,4,3,b200-repeats-20260922/rep3-block8/27B/sglang_baseline/sglang_baseline/c4,inter_token_latency,7.643225765490197,p90,ms
8,27B,sglang_baseline,4,1,b200-block8-20260922/27B/sglang_baseline/sglang_baseline/c4,inter_token_latency,7.578269251882353,p99,ms
8,27B,sglang_baseline,4,2,b200-repeats-20260922/rep2-block8/27B/sglang_baseline/sglang_baseline/c4,inter_token_latency,7.67538224345098,p99,ms
8,27B,sglang_baseline,4,3,b200-repeats-20260922/rep3-block8/27B/sglang_baseline/sglang_baseline/c4,inter_token_latency,7.644185485333334,p99,ms
8,27B,sglang_baseline,4,1,b200-block8-20260922/27B/sglang_baseline/sglang_baseline/c4,interactivity,131.95625105978013,derived,tokens/s/user
8,27B,sglang_baseline,4,2,b200-repeats-20260922/rep2-block8/27B/sglang_baseline/sglang_baseline/c4,interactivity,130.28667084994365,derived,tokens/s/user
8,27B,sglang_baseline,4,3,b200-repeats-20260922/rep3-block8/27B/sglang_baseline/sglang_baseline/c4,interactivity,130.81838502201046,derived,tokens/s/user
8,27B,sglang_baseline,4,1,b200-block8-20260922/27B/sglang_baseline/sglang_baseline/c4,interactivity,132.0675369661608,derived_p90,tokens/s/user
8,27B,sglang_baseline,4,2,b200-repeats-20260922/rep2-block8/27B/sglang_baseline/sglang_baseline/c4,interactivity,130.31419115600895,derived_p90,tokens/s/user
8,27B,sglang_baseline,4,3,b200-repeats-20260922/rep3-block8/27B/sglang_baseline/sglang_baseline/c4,interactivity,130.83481120171584,derived_p90,tokens/s/user
8,27B,sglang_baseline,4,1,b200-block8-20260922/27B/sglang_baseline/sglang_baseline/c4,output_token_throughput,513.9699314509467,avg,tokens/s
8,27B,sglang_baseline,4,2,b200-repeats-20260922/rep2-block8/27B/sglang_baseline/sglang_baseline/c4,output_token_throughput,504.33908057791297,avg,tokens/s
8,27B,sglang_baseline,4,3,b200-repeats-20260922/rep3-block8/27B/sglang_baseline/sglang_baseline/c4,output_token_throughput,509.0406372155287,avg,tokens/s
8,27B,sglang_baseline,4,1,b200-block8-20260922/27B/sglang_baseline/sglang_baseline/c4,time_to_first_token,64.96358784,p99,ms
8,27B,sglang_baseline,4,2,b200-repeats-20260922/rep2-block8/27B/sglang_baseline/sglang_baseline/c4,time_to_first_token,83.96394018999999,p99,ms
8,27B,sglang_baseline,4,3,b200-repeats-20260922/rep3-block8/27B/sglang_baseline/sglang_baseline/c4,time_to_first_token,70.24860412999999,p99,ms
8,27B,sglang_baseline,8,1,b200-block8-20260922/27B/sglang_baseline/sglang_baseline/c8,inter_chunk_latency,11.28197057,p99,ms
8,27B,sglang_baseline,8,2,b200-repeats-20260922/rep2-block8/27B/sglang_baseline/sglang_baseline/c8,inter_chunk_latency,12.02075272,p99,ms
8,27B,sglang_baseline,8,3,b200-repeats-20260922/rep3-block8/27B/sglang_baseline/sglang_baseline/c8,inter_chunk_latency,12.116992450000016,p99,ms
8,27B,sglang_baseline,8,1,b200-block8-20260922/27B/sglang_baseline/sglang_baseline/c8,inter_token_latency,7.786162008627451,p90,ms
8,27B,sglang_baseline,8,2,b200-repeats-20260922/rep2-block8/27B/sglang_baseline/sglang_baseline/c8,inter_token_latency,7.914712208627451,p90,ms
8,27B,sglang_baseline,8,3,b200-repeats-20260922/rep3-block8/27B/sglang_baseline/sglang_baseline/c8,inter_token_latency,7.987999752941176,p90,ms
8,27B,sglang_baseline,8,1,b200-block8-20260922/27B/sglang_baseline/sglang_baseline/c8,inter_token_latency,7.794791900745097,p99,ms
8,27B,sglang_baseline,8,2,b200-repeats-20260922/rep2-block8/27B/sglang_baseline/sglang_baseline/c8,inter_token_latency,7.921203495254902,p99,ms
8,27B,sglang_baseline,8,3,b200-repeats-20260922/rep3-block8/27B/sglang_baseline/sglang_baseline/c8,inter_token_latency,8.027226111960784,p99,ms
8,27B,sglang_baseline,8,1,b200-block8-20260922/27B/sglang_baseline/sglang_baseline/c8,interactivity,128.2907886103298,derived,tokens/s/user
8,27B,sglang_baseline,8,2,b200-repeats-20260922/rep2-block8/27B/sglang_baseline/sglang_baseline/c8,interactivity,126.24344275450537,derived,tokens/s/user
8,27B,sglang_baseline,8,3,b200-repeats-20260922/rep3-block8/27B/sglang_baseline/sglang_baseline/c8,interactivity,124.57603486588884,derived,tokens/s/user
8,27B,sglang_baseline,8,1,b200-block8-20260922/27B/sglang_baseline/sglang_baseline/c8,interactivity,128.4329813445894,derived_p90,tokens/s/user
8,27B,sglang_baseline,8,2,b200-repeats-20260922/rep2-block8/27B/sglang_baseline/sglang_baseline/c8,interactivity,126.34698187887963,derived_p90,tokens/s/user
8,27B,sglang_baseline,8,3,b200-repeats-20260922/rep3-block8/27B/sglang_baseline/sglang_baseline/c8,interactivity,125.18778554440999,derived_p90,tokens/s/user
8,27B,sglang_baseline,8,1,b200-block8-20260922/27B/sglang_baseline/sglang_baseline/c8,output_token_throughput,998.575694446652,avg,tokens/s
8,27B,sglang_baseline,8,2,b200-repeats-20260922/rep2-block8/27B/sglang_baseline/sglang_baseline/c8,output_token_throughput,982.9868845632012,avg,tokens/s
8,27B,sglang_baseline,8,3,b200-repeats-20260922/rep3-block8/27B/sglang_baseline/sglang_baseline/c8,output_token_throughput,973.425517707405,avg,tokens/s
8,27B,sglang_baseline,8,1,b200-block8-20260922/27B/sglang_baseline/sglang_baseline/c8,time_to_first_token,81.05697258,p99,ms
8,27B,sglang_baseline,8,2,b200-repeats-20260922/rep2-block8/27B/sglang_baseline/sglang_baseline/c8,time_to_first_token,74.98805684,p99,ms
8,27B,sglang_baseline,8,3,b200-repeats-20260922/rep3-block8/27B/sglang_baseline/sglang_baseline/c8,time_to_first_token,106.9319799,p99,ms
8,27B,sglang_baseline,16,1,b200-block8-20260922/27B/sglang_baseline/sglang_baseline/c16,inter_chunk_latency,12.193214349999998,p99,ms
8,27B,sglang_baseline,16,2,b200-repeats-20260922/rep2-block8/27B/sglang_baseline/sglang_baseline/c16,inter_chunk_latency,12.223614149999992,p99,ms
8,27B,sglang_baseline,16,3,b200-repeats-20260922/rep3-block8/27B/sglang_baseline/sglang_baseline/c16,inter_chunk_latency,14.095319829999962,p99,ms
8,27B,sglang_baseline,16,1,b200-block8-20260922/27B/sglang_baseline/sglang_baseline/c16,inter_token_latency,8.275039721568628,p90,ms
8,27B,sglang_baseline,16,2,b200-repeats-20260922/rep2-block8/27B/sglang_baseline/sglang_baseline/c16,inter_token_latency,8.281135645490195,p90,ms
8,27B,sglang_baseline,16,3,b200-repeats-20260922/rep3-block8/27B/sglang_baseline/sglang_baseline/c16,inter_token_latency,8.391974789411764,p90,ms
8,27B,sglang_baseline,16,1,b200-block8-20260922/27B/sglang_baseline/sglang_baseline/c16,inter_token_latency,8.33789419290196,p99,ms
8,27B,sglang_baseline,16,2,b200-repeats-20260922/rep2-block8/27B/sglang_baseline/sglang_baseline/c16,inter_token_latency,8.347784323490195,p99,ms
8,27B,sglang_baseline,16,3,b200-repeats-20260922/rep3-block8/27B/sglang_baseline/sglang_baseline/c16,inter_token_latency,15.88706538317647,p99,ms
8,27B,sglang_baseline,16,1,b200-block8-20260922/27B/sglang_baseline/sglang_baseline/c16,interactivity,119.93435954743812,derived,tokens/s/user
8,27B,sglang_baseline,16,2,b200-repeats-20260922/rep2-block8/27B/sglang_baseline/sglang_baseline/c16,interactivity,119.7922659772194,derived,tokens/s/user
8,27B,sglang_baseline,16,3,b200-repeats-20260922/rep3-block8/27B/sglang_baseline/sglang_baseline/c16,interactivity,62.944286806986085,derived,tokens/s/user
8,27B,sglang_baseline,16,1,b200-block8-20260922/27B/sglang_baseline/sglang_baseline/c16,interactivity,120.84534136960475,derived_p90,tokens/s/user
8,27B,sglang_baseline,16,2,b200-repeats-20260922/rep2-block8/27B/sglang_baseline/sglang_baseline/c16,interactivity,120.75638448750537,derived_p90,tokens/s/user
8,27B,sglang_baseline,16,3,b200-repeats-20260922/rep3-block8/27B/sglang_baseline/sglang_baseline/c16,interactivity,119.16146379058594,derived_p90,tokens/s/user
8,27B,sglang_baseline,16,1,b200-block8-20260922/27B/sglang_baseline/sglang_baseline/c16,output_token_throughput,1871.730108335502,avg,tokens/s
8,27B,sglang_baseline,16,2,b200-repeats-20260922/rep2-block8/27B/sglang_baseline/sglang_baseline/c16,output_token_throughput,1870.6511787961092,avg,tokens/s
8,27B,sglang_baseline,16,3,b200-repeats-20260922/rep3-block8/27B/sglang_baseline/sglang_baseline/c16,output_token_throughput,1770.49961742839,avg,tokens/s
8,27B,sglang_baseline,16,1,b200-block8-20260922/27B/sglang_baseline/sglang_baseline/c16,time_to_first_token,88.20025715,p99,ms
8,27B,sglang_baseline,16,2,b200-repeats-20260922/rep2-block8/27B/sglang_baseline/sglang_baseline/c16,time_to_first_token,91.09692564,p99,ms
8,27B,sglang_baseline,16,3,b200-repeats-20260922/rep3-block8/27B/sglang_baseline/sglang_baseline/c16,time_to_first_token,236.64067136,p99,ms
8,27B,sglang_baseline,32,1,b200-block8-20260922/27B/sglang_baseline/sglang_baseline/c32,inter_chunk_latency,14.19926027000002,p99,ms
8,27B,sglang_baseline,32,2,b200-repeats-20260922/rep2-block8/27B/sglang_baseline/sglang_baseline/c32,inter_chunk_latency,13.69363388,p99,ms
8,27B,sglang_baseline,32,3,b200-repeats-20260922/rep3-block8/27B/sglang_baseline/sglang_baseline/c32,inter_chunk_latency,14.215021830000008,p99,ms
8,27B,sglang_baseline,32,1,b200-block8-20260922/27B/sglang_baseline/sglang_baseline/c32,inter_token_latency,8.7463594027451,p90,ms
8,27B,sglang_baseline,32,2,b200-repeats-20260922/rep2-block8/27B/sglang_baseline/sglang_baseline/c32,inter_token_latency,8.76735590745098,p90,ms
8,27B,sglang_baseline,32,3,b200-repeats-20260922/rep3-block8/27B/sglang_baseline/sglang_baseline/c32,inter_token_latency,8.809226487843137,p90,ms
8,27B,sglang_baseline,32,1,b200-block8-20260922/27B/sglang_baseline/sglang_baseline/c32,inter_token_latency,8.95368336890196,p99,ms
8,27B,sglang_baseline,32,2,b200-repeats-20260922/rep2-block8/27B/sglang_baseline/sglang_baseline/c32,inter_token_latency,8.974635202588235,p99,ms
8,27B,sglang_baseline,32,3,b200-repeats-20260922/rep3-block8/27B/sglang_baseline/sglang_baseline/c32,inter_token_latency,9.130027765686274,p99,ms
8,27B,sglang_baseline,32,1,b200-block8-20260922/27B/sglang_baseline/sglang_baseline/c32,interactivity,111.68587929669393,derived,tokens/s/user
8,27B,sglang_baseline,32,2,b200-repeats-20260922/rep2-block8/27B/sglang_baseline/sglang_baseline/c32,interactivity,111.42514179424312,derived,tokens/s/user
8,27B,sglang_baseline,32,3,b200-repeats-20260922/rep3-block8/27B/sglang_baseline/sglang_baseline/c32,interactivity,109.52869209865248,derived,tokens/s/user
8,27B,sglang_baseline,32,1,b200-block8-20260922/27B/sglang_baseline/sglang_baseline/c32,interactivity,114.33328473629197,derived_p90,tokens/s/user
8,27B,sglang_baseline,32,2,b200-repeats-20260922/rep2-block8/27B/sglang_baseline/sglang_baseline/c32,interactivity,114.05947363790092,derived_p90,tokens/s/user
8,27B,sglang_baseline,32,3,b200-repeats-20260922/rep3-block8/27B/sglang_baseline/sglang_baseline/c32,interactivity,113.51734472714656,derived_p90,tokens/s/user
8,27B,sglang_baseline,32,1,b200-block8-20260922/27B/sglang_baseline/sglang_baseline/c32,output_token_throughput,3344.929802221335,avg,tokens/s
8,27B,sglang_baseline,32,2,b200-repeats-20260922/rep2-block8/27B/sglang_baseline/sglang_baseline/c32,output_token_throughput,3332.716270423426,avg,tokens/s
8,27B,sglang_baseline,32,3,b200-repeats-20260922/rep3-block8/27B/sglang_baseline/sglang_baseline/c32,output_token_throughput,3318.815077452939,avg,tokens/s
8,27B,sglang_baseline,32,1,b200-block8-20260922/27B/sglang_baseline/sglang_baseline/c32,time_to_first_token,135.587268,p99,ms
8,27B,sglang_baseline,32,2,b200-repeats-20260922/rep2-block8/27B/sglang_baseline/sglang_baseline/c32,time_to_first_token,1522.3574858800307,p99,ms
8,27B,sglang_baseline,32,3,b200-repeats-20260922/rep3-block8/27B/sglang_baseline/sglang_baseline/c32,time_to_first_token,136.27037153,p99,ms
8,27B,sglang_dflash,1,1,b200-block8-20260922/27B/sglang_dflash/sglang_dflash/c1,acceptance_length,5.66483870967742,avg,tokens
8,27B,sglang_dflash,1,2,b200-repeats-20260922/rep2-block8/27B/sglang_dflash/sglang_dflash/c1,acceptance_length,5.732051282051282,avg,tokens
8,27B,sglang_dflash,1,3,b200-repeats-20260922/rep3-block8/27B/sglang_dflash/sglang_dflash/c1,acceptance_length,5.7290584415584425,avg,tokens
8,27B,sglang_dflash,1,1,b200-block8-20260922/27B/sglang_dflash/sglang_dflash/c1,inter_chunk_latency,13.447678179999956,p99,ms
8,27B,sglang_dflash,1,2,b200-repeats-20260922/rep2-block8/27B/sglang_dflash/sglang_dflash/c1,inter_chunk_latency,16.51799716000004,p99,ms
8,27B,sglang_dflash,1,3,b200-repeats-20260922/rep3-block8/27B/sglang_dflash/sglang_dflash/c1,inter_chunk_latency,13.37686623999998,p99,ms
8,27B,sglang_dflash,1,1,b200-block8-20260922/27B/sglang_dflash/sglang_dflash/c1,inter_token_latency,2.0897028160784314,p90,ms
8,27B,sglang_dflash,1,2,b200-repeats-20260922/rep2-block8/27B/sglang_dflash/sglang_dflash/c1,inter_token_latency,2.0899481850980393,p90,ms
8,27B,sglang_dflash,1,3,b200-repeats-20260922/rep3-block8/27B/sglang_dflash/sglang_dflash/c1,inter_token_latency,2.06751485137255,p90,ms
8,27B,sglang_dflash,1,1,b200-block8-20260922/27B/sglang_dflash/sglang_dflash/c1,inter_token_latency,2.526806481450981,p99,ms
8,27B,sglang_dflash,1,2,b200-repeats-20260922/rep2-block8/27B/sglang_dflash/sglang_dflash/c1,inter_token_latency,2.3428644453333334,p99,ms
8,27B,sglang_dflash,1,3,b200-repeats-20260922/rep3-block8/27B/sglang_dflash/sglang_dflash/c1,inter_token_latency,2.390440428235295,p99,ms
8,27B,sglang_dflash,1,1,b200-block8-20260922/27B/sglang_dflash/sglang_dflash/c1,interactivity,395.7564646683053,derived,tokens/s/user
8,27B,sglang_dflash,1,2,b200-repeats-20260922/rep2-block8/27B/sglang_dflash/sglang_dflash/c1,interactivity,426.8279379081721,derived,tokens/s/user
8,27B,sglang_dflash,1,3,b200-repeats-20260922/rep3-block8/27B/sglang_dflash/sglang_dflash/c1,interactivity,418.33295161353766,derived,tokens/s/user
8,27B,sglang_dflash,1,1,b200-block8-20260922/27B/sglang_dflash/sglang_dflash/c1,interactivity,478.536944251535,derived_p90,tokens/s/user
8,27B,sglang_dflash,1,2,b200-repeats-20260922/rep2-block8/27B/sglang_dflash/sglang_dflash/c1,interactivity,478.4807619300333,derived_p90,tokens/s/user
8,27B,sglang_dflash,1,3,b200-repeats-20260922/rep3-block8/27B/sglang_dflash/sglang_dflash/c1,interactivity,483.67246278116716,derived_p90,tokens/s/user
8,27B,sglang_dflash,1,1,b200-block8-20260922/27B/sglang_dflash/sglang_dflash/c1,output_token_throughput,505.0700174951832,avg,tokens/s
8,27B,sglang_dflash,1,2,b200-repeats-20260922/rep2-block8/27B/sglang_dflash/sglang_dflash/c1,output_token_throughput,503.4399680748295,avg,tokens/s
8,27B,sglang_dflash,1,3,b200-repeats-20260922/rep3-block8/27B/sglang_dflash/sglang_dflash/c1,output_token_throughput,510.7325701499909,avg,tokens/s
8,27B,sglang_dflash,1,1,b200-block8-20260922/27B/sglang_dflash/sglang_dflash/c1,time_to_first_token,46.48178167,p99,ms
8,27B,sglang_dflash,1,2,b200-repeats-20260922/rep2-block8/27B/sglang_dflash/sglang_dflash/c1,time_to_first_token,54.875100990000014,p99,ms
8,27B,sglang_dflash,1,3,b200-repeats-20260922/rep3-block8/27B/sglang_dflash/sglang_dflash/c1,time_to_first_token,50.10693883000001,p99,ms
8,27B,sglang_dflash,2,1,b200-block8-20260922/27B/sglang_dflash/sglang_dflash/c2,acceptance_length,5.557697959216091,avg,tokens
8,27B,sglang_dflash,2,2,b200-repeats-20260922/rep2-block8/27B/sglang_dflash/sglang_dflash/c2,acceptance_length,5.720813714737764,avg,tokens
8,27B,sglang_dflash,2,3,b200-repeats-20260922/rep3-block8/27B/sglang_dflash/sglang_dflash/c2,acceptance_length,5.784715012721343,avg,tokens
8,27B,sglang_dflash,2,1,b200-block8-20260922/27B/sglang_dflash/sglang_dflash/c2,inter_chunk_latency,37.3438014,p99,ms
8,27B,sglang_dflash,2,2,b200-repeats-20260922/rep2-block8/27B/sglang_dflash/sglang_dflash/c2,inter_chunk_latency,43.371572,p99,ms
8,27B,sglang_dflash,2,3,b200-repeats-20260922/rep3-block8/27B/sglang_dflash/sglang_dflash/c2,inter_chunk_latency,37.93801556,p99,ms
8,27B,sglang_dflash,2,1,b200-block8-20260922/27B/sglang_dflash/sglang_dflash/c2,inter_token_latency,2.3266218101960785,p90,ms
8,27B,sglang_dflash,2,2,b200-repeats-20260922/rep2-block8/27B/sglang_dflash/sglang_dflash/c2,inter_token_latency,2.2445502850980388,p90,ms
8,27B,sglang_dflash,2,3,b200-repeats-20260922/rep3-block8/27B/sglang_dflash/sglang_dflash/c2,inter_token_latency,2.2761961670588233,p90,ms
8,27B,sglang_dflash,2,1,b200-block8-20260922/27B/sglang_dflash/sglang_dflash/c2,inter_token_latency,2.470407225490196,p99,ms
8,27B,sglang_dflash,2,2,b200-repeats-20260922/rep2-block8/27B/sglang_dflash/sglang_dflash/c2,inter_token_latency,2.634829123764706,p99,ms
8,27B,sglang_dflash,2,3,b200-repeats-20260922/rep3-block8/27B/sglang_dflash/sglang_dflash/c2,inter_token_latency,2.7545235192941173,p99,ms
8,27B,sglang_dflash,2,1,b200-block8-20260922/27B/sglang_dflash/sglang_dflash/c2,interactivity,404.79156216909655,derived,tokens/s/user
8,27B,sglang_dflash,2,2,b200-repeats-20260922/rep2-block8/27B/sglang_dflash/sglang_dflash/c2,interactivity,379.53125346177154,derived,tokens/s/user
8,27B,sglang_dflash,2,3,b200-repeats-20260922/rep3-block8/27B/sglang_dflash/sglang_dflash/c2,interactivity,363.0391946176822,derived,tokens/s/user
8,27B,sglang_dflash,2,1,b200-block8-20260922/27B/sglang_dflash/sglang_dflash/c2,interactivity,429.80771331964945,derived_p90,tokens/s/user
8,27B,sglang_dflash,2,2,b200-repeats-20260922/rep2-block8/27B/sglang_dflash/sglang_dflash/c2,interactivity,445.5235450233281,derived_p90,tokens/s/user
8,27B,sglang_dflash,2,3,b200-repeats-20260922/rep3-block8/27B/sglang_dflash/sglang_dflash/c2,interactivity,439.32944553375006,derived_p90,tokens/s/user
8,27B,sglang_dflash,2,1,b200-block8-20260922/27B/sglang_dflash/sglang_dflash/c2,output_token_throughput,907.2908191359144,avg,tokens/s
8,27B,sglang_dflash,2,2,b200-repeats-20260922/rep2-block8/27B/sglang_dflash/sglang_dflash/c2,output_token_throughput,886.5650238787102,avg,tokens/s
8,27B,sglang_dflash,2,3,b200-repeats-20260922/rep3-block8/27B/sglang_dflash/sglang_dflash/c2,output_token_throughput,895.331002653716,avg,tokens/s
8,27B,sglang_dflash,2,1,b200-block8-20260922/27B/sglang_dflash/sglang_dflash/c2,time_to_first_token,78.70279276000001,p99,ms
8,27B,sglang_dflash,2,2,b200-repeats-20260922/rep2-block8/27B/sglang_dflash/sglang_dflash/c2,time_to_first_token,91.09160794,p99,ms
8,27B,sglang_dflash,2,3,b200-repeats-20260922/rep3-block8/27B/sglang_dflash/sglang_dflash/c2,time_to_first_token,77.23612044,p99,ms
8,27B,sglang_dflash,4,1,b200-block8-20260922/27B/sglang_dflash/sglang_dflash/c4,acceptance_length,5.681831354423373,avg,tokens
8,27B,sglang_dflash,4,2,b200-repeats-20260922/rep2-block8/27B/sglang_dflash/sglang_dflash/c4,acceptance_length,5.6532601084209855,avg,tokens
8,27B,sglang_dflash,4,3,b200-repeats-20260922/rep3-block8/27B/sglang_dflash/sglang_dflash/c4,acceptance_length,5.5933926424238845,avg,tokens
8,27B,sglang_dflash,4,1,b200-block8-20260922/27B/sglang_dflash/sglang_dflash/c4,inter_chunk_latency,39.52110088,p99,ms
8,27B,sglang_dflash,4,2,b200-repeats-20260922/rep2-block8/27B/sglang_dflash/sglang_dflash/c4,inter_chunk_latency,47.24213872,p99,ms
8,27B,sglang_dflash,4,3,b200-repeats-20260922/rep3-block8/27B/sglang_dflash/sglang_dflash/c4,inter_chunk_latency,39.90494188,p99,ms
8,27B,sglang_dflash,4,1,b200-block8-20260922/27B/sglang_dflash/sglang_dflash/c4,inter_token_latency,2.7569201192156862,p90,ms
8,27B,sglang_dflash,4,2,b200-repeats-20260922/rep2-block8/27B/sglang_dflash/sglang_dflash/c4,inter_token_latency,2.67171495882353,p90,ms
8,27B,sglang_dflash,4,3,b200-repeats-20260922/rep3-block8/27B/sglang_dflash/sglang_dflash/c4,inter_token_latency,2.6164790901960795,p90,ms
8,27B,sglang_dflash,4,1,b200-block8-20260922/27B/sglang_dflash/sglang_dflash/c4,inter_token_latency,3.062148923019607,p99,ms
8,27B,sglang_dflash,4,2,b200-repeats-20260922/rep2-block8/27B/sglang_dflash/sglang_dflash/c4,inter_token_latency,3.078572735529411,p99,ms
8,27B,sglang_dflash,4,3,b200-repeats-20260922/rep3-block8/27B/sglang_dflash/sglang_dflash/c4,inter_token_latency,3.5668429063921563,p99,ms
8,27B,sglang_dflash,4,1,b200-block8-20260922/27B/sglang_dflash/sglang_dflash/c4,interactivity,326.5680491508861,derived,tokens/s/user
8,27B,sglang_dflash,4,2,b200-repeats-20260922/rep2-block8/27B/sglang_dflash/sglang_dflash/c4,interactivity,324.8258481792972,derived,tokens/s/user
8,27B,sglang_dflash,4,3,b200-repeats-20260922/rep3-block8/27B/sglang_dflash/sglang_dflash/c4,interactivity,280.3599783460873,derived,tokens/s/user
8,27B,sglang_dflash,4,1,b200-block8-20260922/27B/sglang_dflash/sglang_dflash/c4,interactivity,362.7236034261628,derived_p90,tokens/s/user
8,27B,sglang_dflash,4,2,b200-repeats-20260922/rep2-block8/27B/sglang_dflash/sglang_dflash/c4,interactivity,374.2914253249316,derived_p90,tokens/s/user
8,27B,sglang_dflash,4,3,b200-repeats-20260922/rep3-block8/27B/sglang_dflash/sglang_dflash/c4,interactivity,382.1930027061901,derived_p90,tokens/s/user
8,27B,sglang_dflash,4,1,b200-block8-20260922/27B/sglang_dflash/sglang_dflash/c4,output_token_throughput,1569.3668435761315,avg,tokens/s
8,27B,sglang_dflash,4,2,b200-repeats-20260922/rep2-block8/27B/sglang_dflash/sglang_dflash/c4,output_token_throughput,1525.0217063756077,avg,tokens/s
8,27B,sglang_dflash,4,3,b200-repeats-20260922/rep3-block8/27B/sglang_dflash/sglang_dflash/c4,output_token_throughput,1562.642669045816,avg,tokens/s
8,27B,sglang_dflash,4,1,b200-block8-20260922/27B/sglang_dflash/sglang_dflash/c4,time_to_first_token,83.20658872999998,p99,ms
8,27B,sglang_dflash,4,2,b200-repeats-20260922/rep2-block8/27B/sglang_dflash/sglang_dflash/c4,time_to_first_token,109.96746716,p99,ms
8,27B,sglang_dflash,4,3,b200-repeats-20260922/rep3-block8/27B/sglang_dflash/sglang_dflash/c4,time_to_first_token,90.11648354999986,p99,ms
8,27B,sglang_dflash,8,1,b200-block8-20260922/27B/sglang_dflash/sglang_dflash/c8,acceptance_length,5.643299024280291,avg,tokens
8,27B,sglang_dflash,8,2,b200-repeats-20260922/rep2-block8/27B/sglang_dflash/sglang_dflash/c8,acceptance_length,5.646144449216992,avg,tokens
8,27B,sglang_dflash,8,3,b200-repeats-20260922/rep3-block8/27B/sglang_dflash/sglang_dflash/c8,acceptance_length,5.695439199293083,avg,tokens
8,27B,sglang_dflash,8,1,b200-block8-20260922/27B/sglang_dflash/sglang_dflash/c8,inter_chunk_latency,44.66511718,p99,ms
8,27B,sglang_dflash,8,2,b200-repeats-20260922/rep2-block8/27B/sglang_dflash/sglang_dflash/c8,inter_chunk_latency,45.202240800000006,p99,ms
8,27B,sglang_dflash,8,3,b200-repeats-20260922/rep3-block8/27B/sglang_dflash/sglang_dflash/c8,inter_chunk_latency,44.06657391,p99,ms
8,27B,sglang_dflash,8,1,b200-block8-20260922/27B/sglang_dflash/sglang_dflash/c8,inter_token_latency,3.4913515262745096,p90,ms
8,27B,sglang_dflash,8,2,b200-repeats-20260922/rep2-block8/27B/sglang_dflash/sglang_dflash/c8,inter_token_latency,3.5736544584313723,p90,ms
8,27B,sglang_dflash,8,3,b200-repeats-20260922/rep3-block8/27B/sglang_dflash/sglang_dflash/c8,inter_token_latency,3.4954588054901956,p90,ms
8,27B,sglang_dflash,8,1,b200-block8-20260922/27B/sglang_dflash/sglang_dflash/c8,inter_token_latency,4.441998291921568,p99,ms
8,27B,sglang_dflash,8,2,b200-repeats-20260922/rep2-block8/27B/sglang_dflash/sglang_dflash/c8,inter_token_latency,4.14204886090196,p99,ms
8,27B,sglang_dflash,8,3,b200-repeats-20260922/rep3-block8/27B/sglang_dflash/sglang_dflash/c8,inter_token_latency,3.9727521715294105,p99,ms
8,27B,sglang_dflash,8,1,b200-block8-20260922/27B/sglang_dflash/sglang_dflash/c8,interactivity,225.12390466665605,derived,tokens/s/user
8,27B,sglang_dflash,8,2,b200-repeats-20260922/rep2-block8/27B/sglang_dflash/sglang_dflash/c8,interactivity,241.4264132514948,derived,tokens/s/user
8,27B,sglang_dflash,8,3,b200-repeats-20260922/rep3-block8/27B/sglang_dflash/sglang_dflash/c8,interactivity,251.7146695347535,derived,tokens/s/user
8,27B,sglang_dflash,8,1,b200-block8-20260922/27B/sglang_dflash/sglang_dflash/c8,interactivity,286.42203240619045,derived_p90,tokens/s/user
8,27B,sglang_dflash,8,2,b200-repeats-20260922/rep2-block8/27B/sglang_dflash/sglang_dflash/c8,interactivity,279.8255991540218,derived_p90,tokens/s/user
8,27B,sglang_dflash,8,3,b200-repeats-20260922/rep3-block8/27B/sglang_dflash/sglang_dflash/c8,interactivity,286.08547708510673,derived_p90,tokens/s/user
8,27B,sglang_dflash,8,1,b200-block8-20260922/27B/sglang_dflash/sglang_dflash/c8,output_token_throughput,2459.943677539149,avg,tokens/s
8,27B,sglang_dflash,8,2,b200-repeats-20260922/rep2-block8/27B/sglang_dflash/sglang_dflash/c8,output_token_throughput,2409.226098830329,avg,tokens/s
8,27B,sglang_dflash,8,3,b200-repeats-20260922/rep3-block8/27B/sglang_dflash/sglang_dflash/c8,output_token_throughput,2453.470038799068,avg,tokens/s
8,27B,sglang_dflash,8,1,b200-block8-20260922/27B/sglang_dflash/sglang_dflash/c8,time_to_first_token,96.79956465,p99,ms
8,27B,sglang_dflash,8,2,b200-repeats-20260922/rep2-block8/27B/sglang_dflash/sglang_dflash/c8,time_to_first_token,96.6698391,p99,ms
8,27B,sglang_dflash,8,3,b200-repeats-20260922/rep3-block8/27B/sglang_dflash/sglang_dflash/c8,time_to_first_token,97.10024281,p99,ms
8,27B,sglang_dflash,16,1,b200-block8-20260922/27B/sglang_dflash/sglang_dflash/c16,acceptance_length,5.733930539686546,avg,tokens
8,27B,sglang_dflash,16,2,b200-repeats-20260922/rep2-block8/27B/sglang_dflash/sglang_dflash/c16,acceptance_length,5.761816279998414,avg,tokens
8,27B,sglang_dflash,16,3,b200-repeats-20260922/rep3-block8/27B/sglang_dflash/sglang_dflash/c16,acceptance_length,5.704579420532073,avg,tokens
8,27B,sglang_dflash,16,1,b200-block8-20260922/27B/sglang_dflash/sglang_dflash/c16,inter_chunk_latency,76.58077348,p99,ms
8,27B,sglang_dflash,16,2,b200-repeats-20260922/rep2-block8/27B/sglang_dflash/sglang_dflash/c16,inter_chunk_latency,77.85610784,p99,ms
8,27B,sglang_dflash,16,3,b200-repeats-20260922/rep3-block8/27B/sglang_dflash/sglang_dflash/c16,inter_chunk_latency,77.63041305000003,p99,ms
8,27B,sglang_dflash,16,1,b200-block8-20260922/27B/sglang_dflash/sglang_dflash/c16,inter_token_latency,4.85749122627451,p90,ms
8,27B,sglang_dflash,16,2,b200-repeats-20260922/rep2-block8/27B/sglang_dflash/sglang_dflash/c16,inter_token_latency,4.910366843529412,p90,ms
8,27B,sglang_dflash,16,3,b200-repeats-20260922/rep3-block8/27B/sglang_dflash/sglang_dflash/c16,inter_token_latency,5.066378378039216,p90,ms
8,27B,sglang_dflash,16,1,b200-block8-20260922/27B/sglang_dflash/sglang_dflash/c16,inter_token_latency,5.762009116588235,p99,ms
8,27B,sglang_dflash,16,2,b200-repeats-20260922/rep2-block8/27B/sglang_dflash/sglang_dflash/c16,inter_token_latency,6.040081614313726,p99,ms
8,27B,sglang_dflash,16,3,b200-repeats-20260922/rep3-block8/27B/sglang_dflash/sglang_dflash/c16,inter_token_latency,6.245063011607844,p99,ms
8,27B,sglang_dflash,16,1,b200-block8-20260922/27B/sglang_dflash/sglang_dflash/c16,interactivity,173.55057580889664,derived,tokens/s/user
8,27B,sglang_dflash,16,2,b200-repeats-20260922/rep2-block8/27B/sglang_dflash/sglang_dflash/c16,interactivity,165.5606768011561,derived,tokens/s/user
8,27B,sglang_dflash,16,3,b200-repeats-20260922/rep3-block8/27B/sglang_dflash/sglang_dflash/c16,interactivity,160.12648681707083,derived,tokens/s/user
8,27B,sglang_dflash,16,1,b200-block8-20260922/27B/sglang_dflash/sglang_dflash/c16,interactivity,205.86758748856406,derived_p90,tokens/s/user
8,27B,sglang_dflash,16,2,b200-repeats-20260922/rep2-block8/27B/sglang_dflash/sglang_dflash/c16,interactivity,203.65077230792647,derived_p90,tokens/s/user
8,27B,sglang_dflash,16,3,b200-repeats-20260922/rep3-block8/27B/sglang_dflash/sglang_dflash/c16,interactivity,197.3796517714926,derived_p90,tokens/s/user
8,27B,sglang_dflash,16,1,b200-block8-20260922/27B/sglang_dflash/sglang_dflash/c16,output_token_throughput,3556.329221394468,avg,tokens/s
8,27B,sglang_dflash,16,2,b200-repeats-20260922/rep2-block8/27B/sglang_dflash/sglang_dflash/c16,output_token_throughput,3529.519016829591,avg,tokens/s
8,27B,sglang_dflash,16,3,b200-repeats-20260922/rep3-block8/27B/sglang_dflash/sglang_dflash/c16,output_token_throughput,3540.066715330706,avg,tokens/s
8,27B,sglang_dflash,16,1,b200-block8-20260922/27B/sglang_dflash/sglang_dflash/c16,time_to_first_token,100.50712086,p99,ms
8,27B,sglang_dflash,16,2,b200-repeats-20260922/rep2-block8/27B/sglang_dflash/sglang_dflash/c16,time_to_first_token,125.42239684999998,p99,ms
8,27B,sglang_dflash,16,3,b200-repeats-20260922/rep3-block8/27B/sglang_dflash/sglang_dflash/c16,time_to_first_token,103.77275143,p99,ms
8,27B,sglang_dflash,32,1,b200-block8-20260922/27B/sglang_dflash/sglang_dflash/c32,acceptance_length,5.689052337428522,avg,tokens
8,27B,sglang_dflash,32,2,b200-repeats-20260922/rep2-block8/27B/sglang_dflash/sglang_dflash/c32,acceptance_length,5.731142075037216,avg,tokens
8,27B,sglang_dflash,32,3,b200-repeats-20260922/rep3-block8/27B/sglang_dflash/sglang_dflash/c32,acceptance_length,5.6760746988389466,avg,tokens
8,27B,sglang_dflash,32,1,b200-block8-20260922/27B/sglang_dflash/sglang_dflash/c32,inter_chunk_latency,53.59461556,p99,ms
8,27B,sglang_dflash,32,2,b200-repeats-20260922/rep2-block8/27B/sglang_dflash/sglang_dflash/c32,inter_chunk_latency,54.06114409999999,p99,ms
8,27B,sglang_dflash,32,3,b200-repeats-20260922/rep3-block8/27B/sglang_dflash/sglang_dflash/c32,inter_chunk_latency,56.83878528,p99,ms
8,27B,sglang_dflash,32,1,b200-block8-20260922/27B/sglang_dflash/sglang_dflash/c32,inter_token_latency,5.843536069803921,p90,ms
8,27B,sglang_dflash,32,2,b200-repeats-20260922/rep2-block8/27B/sglang_dflash/sglang_dflash/c32,inter_token_latency,5.699243808235294,p90,ms
8,27B,sglang_dflash,32,3,b200-repeats-20260922/rep3-block8/27B/sglang_dflash/sglang_dflash/c32,inter_token_latency,5.859179546666667,p90,ms
8,27B,sglang_dflash,32,1,b200-block8-20260922/27B/sglang_dflash/sglang_dflash/c32,inter_token_latency,7.068536014117647,p99,ms
8,27B,sglang_dflash,32,2,b200-repeats-20260922/rep2-block8/27B/sglang_dflash/sglang_dflash/c32,inter_token_latency,7.172203795764707,p99,ms
8,27B,sglang_dflash,32,3,b200-repeats-20260922/rep3-block8/27B/sglang_dflash/sglang_dflash/c32,inter_token_latency,7.527490454156863,p99,ms
8,27B,sglang_dflash,32,1,b200-block8-20260922/27B/sglang_dflash/sglang_dflash/c32,interactivity,141.47201032897732,derived,tokens/s/user
8,27B,sglang_dflash,32,2,b200-repeats-20260922/rep2-block8/27B/sglang_dflash/sglang_dflash/c32,interactivity,139.4271591376858,derived,tokens/s/user
8,27B,sglang_dflash,32,3,b200-repeats-20260922/rep3-block8/27B/sglang_dflash/sglang_dflash/c32,interactivity,132.84639895461785,derived,tokens/s/user
8,27B,sglang_dflash,32,1,b200-block8-20260922/27B/sglang_dflash/sglang_dflash/c32,interactivity,171.12925941664545,derived_p90,tokens/s/user
8,27B,sglang_dflash,32,2,b200-repeats-20260922/rep2-block8/27B/sglang_dflash/sglang_dflash/c32,interactivity,175.4618741796973,derived_p90,tokens/s/user
8,27B,sglang_dflash,32,3,b200-repeats-20260922/rep3-block8/27B/sglang_dflash/sglang_dflash/c32,interactivity,170.67235984753324,derived_p90,tokens/s/user
8,27B,sglang_dflash,32,1,b200-block8-20260922/27B/sglang_dflash/sglang_dflash/c32,output_token_throughput,5731.337620341899,avg,tokens/s
8,27B,sglang_dflash,32,2,b200-repeats-20260922/rep2-block8/27B/sglang_dflash/sglang_dflash/c32,output_token_throughput,5728.808245310517,avg,tokens/s
8,27B,sglang_dflash,32,3,b200-repeats-20260922/rep3-block8/27B/sglang_dflash/sglang_dflash/c32,output_token_throughput,5687.51022619636,avg,tokens/s
8,27B,sglang_dflash,32,1,b200-block8-20260922/27B/sglang_dflash/sglang_dflash/c32,time_to_first_token,401.1150261400007,p99,ms
8,27B,sglang_dflash,32,2,b200-repeats-20260922/rep2-block8/27B/sglang_dflash/sglang_dflash/c32,time_to_first_token,452.56941320000055,p99,ms
8,27B,sglang_dflash,32,3,b200-repeats-20260922/rep3-block8/27B/sglang_dflash/sglang_dflash/c32,time_to_first_token,376.9384624100001,p99,ms
8,27B,vllm_baseline,1,1,b200-block8-20260922/27B/vllm_baseline/vllm_baseline/c1,inter_chunk_latency,8.886752869999995,p99,ms
8,27B,vllm_baseline,1,2,b200-repeats-20260922/rep2-block8/27B/vllm_baseline/vllm_baseline/c1,inter_chunk_latency,8.954469060000003,p99,ms
8,27B,vllm_baseline,1,3,b200-repeats-20260922/rep3-block8/27B/vllm_baseline/vllm_baseline/c1,inter_chunk_latency,9.63976052999999,p99,ms
8,27B,vllm_baseline,1,1,b200-block8-20260922/27B/vllm_baseline/vllm_baseline/c1,inter_token_latency,8.100861977647059,p90,ms
8,27B,vllm_baseline,1,2,b200-repeats-20260922/rep2-block8/27B/vllm_baseline/vllm_baseline/c1,inter_token_latency,8.103715132156863,p90,ms
8,27B,vllm_baseline,1,3,b200-repeats-20260922/rep3-block8/27B/vllm_baseline/vllm_baseline/c1,inter_token_latency,8.356166890980392,p90,ms
8,27B,vllm_baseline,1,1,b200-block8-20260922/27B/vllm_baseline/vllm_baseline/c1,inter_token_latency,8.106125534745098,p99,ms
8,27B,vllm_baseline,1,2,b200-repeats-20260922/rep2-block8/27B/vllm_baseline/vllm_baseline/c1,inter_token_latency,8.111035370156863,p99,ms
8,27B,vllm_baseline,1,3,b200-repeats-20260922/rep3-block8/27B/vllm_baseline/vllm_baseline/c1,inter_token_latency,8.387328423294118,p99,ms
8,27B,vllm_baseline,1,1,b200-block8-20260922/27B/vllm_baseline/vllm_baseline/c1,interactivity,123.36349785279332,derived,tokens/s/user
8,27B,vllm_baseline,1,2,b200-repeats-20260922/rep2-block8/27B/vllm_baseline/vllm_baseline/c1,interactivity,123.2888224947613,derived,tokens/s/user
8,27B,vllm_baseline,1,3,b200-repeats-20260922/rep3-block8/27B/vllm_baseline/vllm_baseline/c1,interactivity,119.22747620359075,derived,tokens/s/user
8,27B,vllm_baseline,1,1,b200-block8-20260922/27B/vllm_baseline/vllm_baseline/c1,interactivity,123.44365362097624,derived_p90,tokens/s/user
8,27B,vllm_baseline,1,2,b200-repeats-20260922/rep2-block8/27B/vllm_baseline/vllm_baseline/c1,interactivity,123.40019160247094,derived_p90,tokens/s/user
8,27B,vllm_baseline,1,3,b200-repeats-20260922/rep3-block8/27B/vllm_baseline/vllm_baseline/c1,interactivity,119.67209523775733,derived_p90,tokens/s/user
8,27B,vllm_baseline,1,1,b200-block8-20260922/27B/vllm_baseline/vllm_baseline/c1,output_token_throughput,121.47684177821324,avg,tokens/s
8,27B,vllm_baseline,1,2,b200-repeats-20260922/rep2-block8/27B/vllm_baseline/vllm_baseline/c1,output_token_throughput,121.328975164507,avg,tokens/s
8,27B,vllm_baseline,1,3,b200-repeats-20260922/rep3-block8/27B/vllm_baseline/vllm_baseline/c1,output_token_throughput,117.67047655593392,avg,tokens/s
8,27B,vllm_baseline,1,1,b200-block8-20260922/27B/vllm_baseline/vllm_baseline/c1,time_to_first_token,47.61188029000005,p99,ms
8,27B,vllm_baseline,1,2,b200-repeats-20260922/rep2-block8/27B/vllm_baseline/vllm_baseline/c1,time_to_first_token,56.401857560000046,p99,ms
8,27B,vllm_baseline,1,3,b200-repeats-20260922/rep3-block8/27B/vllm_baseline/vllm_baseline/c1,time_to_first_token,66.14356453,p99,ms
8,27B,vllm_baseline,2,1,b200-block8-20260922/27B/vllm_baseline/vllm_baseline/c2,inter_chunk_latency,9.35269012000001,p99,ms
8,27B,vllm_baseline,2,2,b200-repeats-20260922/rep2-block8/27B/vllm_baseline/vllm_baseline/c2,inter_chunk_latency,9.172977260000003,p99,ms
8,27B,vllm_baseline,2,3,b200-repeats-20260922/rep3-block8/27B/vllm_baseline/vllm_baseline/c2,inter_chunk_latency,9.47579152,p99,ms
8,27B,vllm_baseline,2,1,b200-block8-20260922/27B/vllm_baseline/vllm_baseline/c2,inter_token_latency,8.425407642745098,p90,ms
8,27B,vllm_baseline,2,2,b200-repeats-20260922/rep2-block8/27B/vllm_baseline/vllm_baseline/c2,inter_token_latency,8.426477463137253,p90,ms
8,27B,vllm_baseline,2,3,b200-repeats-20260922/rep3-block8/27B/vllm_baseline/vllm_baseline/c2,inter_token_latency,8.638839902745097,p90,ms
8,27B,vllm_baseline,2,1,b200-block8-20260922/27B/vllm_baseline/vllm_baseline/c2,inter_token_latency,8.43817781964706,p99,ms
8,27B,vllm_baseline,2,2,b200-repeats-20260922/rep2-block8/27B/vllm_baseline/vllm_baseline/c2,inter_token_latency,8.433320589607842,p99,ms
8,27B,vllm_baseline,2,3,b200-repeats-20260922/rep3-block8/27B/vllm_baseline/vllm_baseline/c2,inter_token_latency,8.64212732090196,p99,ms
8,27B,vllm_baseline,2,1,b200-block8-20260922/27B/vllm_baseline/vllm_baseline/c2,interactivity,118.5089981952794,derived,tokens/s/user
8,27B,vllm_baseline,2,2,b200-repeats-20260922/rep2-block8/27B/vllm_baseline/vllm_baseline/c2,interactivity,118.57725428252704,derived,tokens/s/user
8,27B,vllm_baseline,2,3,b200-repeats-20260922/rep3-block8/27B/vllm_baseline/vllm_baseline/c2,interactivity,115.71225033694972,derived,tokens/s/user
8,27B,vllm_baseline,2,1,b200-block8-20260922/27B/vllm_baseline/vllm_baseline/c2,interactivity,118.688619281356,derived_p90,tokens/s/user
8,27B,vllm_baseline,2,2,b200-repeats-20260922/rep2-block8/27B/vllm_baseline/vllm_baseline/c2,interactivity,118.67355064730583,derived_p90,tokens/s/user
8,27B,vllm_baseline,2,3,b200-repeats-20260922/rep3-block8/27B/vllm_baseline/vllm_baseline/c2,interactivity,115.75628339659794,derived_p90,tokens/s/user
8,27B,vllm_baseline,2,1,b200-block8-20260922/27B/vllm_baseline/vllm_baseline/c2,output_token_throughput,230.37030257439335,avg,tokens/s
8,27B,vllm_baseline,2,2,b200-repeats-20260922/rep2-block8/27B/vllm_baseline/vllm_baseline/c2,output_token_throughput,230.22153853513785,avg,tokens/s
8,27B,vllm_baseline,2,3,b200-repeats-20260922/rep3-block8/27B/vllm_baseline/vllm_baseline/c2,output_token_throughput,224.56106969578707,avg,tokens/s
8,27B,vllm_baseline,2,1,b200-block8-20260922/27B/vllm_baseline/vllm_baseline/c2,time_to_first_token,91.46558926,p99,ms
8,27B,vllm_baseline,2,2,b200-repeats-20260922/rep2-block8/27B/vllm_baseline/vllm_baseline/c2,time_to_first_token,93.75820015,p99,ms
8,27B,vllm_baseline,2,3,b200-repeats-20260922/rep3-block8/27B/vllm_baseline/vllm_baseline/c2,time_to_first_token,123.67382428,p99,ms
8,27B,vllm_baseline,4,1,b200-block8-20260922/27B/vllm_baseline/vllm_baseline/c4,inter_chunk_latency,9.327749239999989,p99,ms
8,27B,vllm_baseline,4,2,b200-repeats-20260922/rep2-block8/27B/vllm_baseline/vllm_baseline/c4,inter_chunk_latency,9.042606309999998,p99,ms
8,27B,vllm_baseline,4,3,b200-repeats-20260922/rep3-block8/27B/vllm_baseline/vllm_baseline/c4,inter_chunk_latency,9.56808956,p99,ms
8,27B,vllm_baseline,4,1,b200-block8-20260922/27B/vllm_baseline/vllm_baseline/c4,inter_token_latency,8.56220470470588,p90,ms
8,27B,vllm_baseline,4,2,b200-repeats-20260922/rep2-block8/27B/vllm_baseline/vllm_baseline/c4,inter_token_latency,8.55727823137255,p90,ms
8,27B,vllm_baseline,4,3,b200-repeats-20260922/rep3-block8/27B/vllm_baseline/vllm_baseline/c4,inter_token_latency,8.775026976470588,p90,ms
8,27B,vllm_baseline,4,1,b200-block8-20260922/27B/vllm_baseline/vllm_baseline/c4,inter_token_latency,8.596119596941177,p99,ms
8,27B,vllm_baseline,4,2,b200-repeats-20260922/rep2-block8/27B/vllm_baseline/vllm_baseline/c4,inter_token_latency,8.564341145254902,p99,ms
8,27B,vllm_baseline,4,3,b200-repeats-20260922/rep3-block8/27B/vllm_baseline/vllm_baseline/c4,inter_token_latency,8.782119917568627,p99,ms
8,27B,vllm_baseline,4,1,b200-block8-20260922/27B/vllm_baseline/vllm_baseline/c4,interactivity,116.33155969070482,derived,tokens/s/user
8,27B,vllm_baseline,4,2,b200-repeats-20260922/rep2-block8/27B/vllm_baseline/vllm_baseline/c4,interactivity,116.7632142437545,derived,tokens/s/user
8,27B,vllm_baseline,4,3,b200-repeats-20260922/rep3-block8/27B/vllm_baseline/vllm_baseline/c4,interactivity,113.86772321333262,derived,tokens/s/user
8,27B,vllm_baseline,4,1,b200-block8-20260922/27B/vllm_baseline/vllm_baseline/c4,interactivity,116.79234899048713,derived_p90,tokens/s/user
8,27B,vllm_baseline,4,2,b200-repeats-20260922/rep2-block8/27B/vllm_baseline/vllm_baseline/c4,interactivity,116.85958700440717,derived_p90,tokens/s/user
8,27B,vllm_baseline,4,3,b200-repeats-20260922/rep3-block8/27B/vllm_baseline/vllm_baseline/c4,interactivity,113.95976362026079,derived_p90,tokens/s/user
8,27B,vllm_baseline,4,1,b200-block8-20260922/27B/vllm_baseline/vllm_baseline/c4,output_token_throughput,453.21417924609176,avg,tokens/s
8,27B,vllm_baseline,4,2,b200-repeats-20260922/rep2-block8/27B/vllm_baseline/vllm_baseline/c4,output_token_throughput,453.6899245892936,avg,tokens/s
8,27B,vllm_baseline,4,3,b200-repeats-20260922/rep3-block8/27B/vllm_baseline/vllm_baseline/c4,output_token_throughput,443.1427756944576,avg,tokens/s
8,27B,vllm_baseline,4,1,b200-block8-20260922/27B/vllm_baseline/vllm_baseline/c4,time_to_first_token,114.99228157,p99,ms
8,27B,vllm_baseline,4,2,b200-repeats-20260922/rep2-block8/27B/vllm_baseline/vllm_baseline/c4,time_to_first_token,87.16067614999997,p99,ms
8,27B,vllm_baseline,4,3,b200-repeats-20260922/rep3-block8/27B/vllm_baseline/vllm_baseline/c4,time_to_first_token,105.85044787999998,p99,ms
8,27B,vllm_baseline,8,1,b200-block8-20260922/27B/vllm_baseline/vllm_baseline/c8,inter_chunk_latency,9.602541389999995,p99,ms
8,27B,vllm_baseline,8,2,b200-repeats-20260922/rep2-block8/27B/vllm_baseline/vllm_baseline/c8,inter_chunk_latency,9.447387080000004,p99,ms
8,27B,vllm_baseline,8,3,b200-repeats-20260922/rep3-block8/27B/vllm_baseline/vllm_baseline/c8,inter_chunk_latency,9.74054412,p99,ms
8,27B,vllm_baseline,8,1,b200-block8-20260922/27B/vllm_baseline/vllm_baseline/c8,inter_token_latency,8.76570039607843,p90,ms
8,27B,vllm_baseline,8,2,b200-repeats-20260922/rep2-block8/27B/vllm_baseline/vllm_baseline/c8,inter_token_latency,8.758899756078431,p90,ms
8,27B,vllm_baseline,8,3,b200-repeats-20260922/rep3-block8/27B/vllm_baseline/vllm_baseline/c8,inter_token_latency,8.911148103921567,p90,ms
8,27B,vllm_baseline,8,1,b200-block8-20260922/27B/vllm_baseline/vllm_baseline/c8,inter_token_latency,8.794196319490196,p99,ms
8,27B,vllm_baseline,8,2,b200-repeats-20260922/rep2-block8/27B/vllm_baseline/vllm_baseline/c8,inter_token_latency,8.76317404090196,p99,ms
8,27B,vllm_baseline,8,3,b200-repeats-20260922/rep3-block8/27B/vllm_baseline/vllm_baseline/c8,inter_token_latency,8.914690434745097,p99,ms
8,27B,vllm_baseline,8,1,b200-block8-20260922/27B/vllm_baseline/vllm_baseline/c8,interactivity,113.71135731684129,derived,tokens/s/user
8,27B,vllm_baseline,8,2,b200-repeats-20260922/rep2-block8/27B/vllm_baseline/vllm_baseline/c8,interactivity,114.11390385863815,derived,tokens/s/user
8,27B,vllm_baseline,8,3,b200-repeats-20260922/rep3-block8/27B/vllm_baseline/vllm_baseline/c8,interactivity,112.17439431239136,derived,tokens/s/user
8,27B,vllm_baseline,8,1,b200-block8-20260922/27B/vllm_baseline/vllm_baseline/c8,interactivity,114.08101518589167,derived_p90,tokens/s/user
8,27B,vllm_baseline,8,2,b200-repeats-20260922/rep2-block8/27B/vllm_baseline/vllm_baseline/c8,interactivity,114.16959068472362,derived_p90,tokens/s/user
8,27B,vllm_baseline,8,3,b200-repeats-20260922/rep3-block8/27B/vllm_baseline/vllm_baseline/c8,interactivity,112.21898551544955,derived_p90,tokens/s/user
8,27B,vllm_baseline,8,1,b200-block8-20260922/27B/vllm_baseline/vllm_baseline/c8,output_token_throughput,883.1441431616927,avg,tokens/s
8,27B,vllm_baseline,8,2,b200-repeats-20260922/rep2-block8/27B/vllm_baseline/vllm_baseline/c8,output_token_throughput,884.3569885466335,avg,tokens/s
8,27B,vllm_baseline,8,3,b200-repeats-20260922/rep3-block8/27B/vllm_baseline/vllm_baseline/c8,output_token_throughput,870.3037254571008,avg,tokens/s
8,27B,vllm_baseline,8,1,b200-block8-20260922/27B/vllm_baseline/vllm_baseline/c8,time_to_first_token,111.85058349,p99,ms
8,27B,vllm_baseline,8,2,b200-repeats-20260922/rep2-block8/27B/vllm_baseline/vllm_baseline/c8,time_to_first_token,97.40020776,p99,ms
8,27B,vllm_baseline,8,3,b200-repeats-20260922/rep3-block8/27B/vllm_baseline/vllm_baseline/c8,time_to_first_token,99.05410523,p99,ms
8,27B,vllm_baseline,16,1,b200-block8-20260922/27B/vllm_baseline/vllm_baseline/c16,inter_chunk_latency,10.86361934,p99,ms
8,27B,vllm_baseline,16,2,b200-repeats-20260922/rep2-block8/27B/vllm_baseline/vllm_baseline/c16,inter_chunk_latency,10.098679209999997,p99,ms
8,27B,vllm_baseline,16,3,b200-repeats-20260922/rep3-block8/27B/vllm_baseline/vllm_baseline/c16,inter_chunk_latency,10.283083949999996,p99,ms
8,27B,vllm_baseline,16,1,b200-block8-20260922/27B/vllm_baseline/vllm_baseline/c16,inter_token_latency,9.090871345882354,p90,ms
8,27B,vllm_baseline,16,2,b200-repeats-20260922/rep2-block8/27B/vllm_baseline/vllm_baseline/c16,inter_token_latency,9.07983428588235,p90,ms
8,27B,vllm_baseline,16,3,b200-repeats-20260922/rep3-block8/27B/vllm_baseline/vllm_baseline/c16,inter_token_latency,9.193063696470588,p90,ms
8,27B,vllm_baseline,16,1,b200-block8-20260922/27B/vllm_baseline/vllm_baseline/c16,inter_token_latency,9.161635019529411,p99,ms
8,27B,vllm_baseline,16,2,b200-repeats-20260922/rep2-block8/27B/vllm_baseline/vllm_baseline/c16,inter_token_latency,9.096650729764706,p99,ms
8,27B,vllm_baseline,16,3,b200-repeats-20260922/rep3-block8/27B/vllm_baseline/vllm_baseline/c16,inter_token_latency,9.20859754545098,p99,ms
8,27B,vllm_baseline,16,1,b200-block8-20260922/27B/vllm_baseline/vllm_baseline/c16,interactivity,109.150822737246,derived,tokens/s/user
8,27B,vllm_baseline,16,2,b200-repeats-20260922/rep2-block8/27B/vllm_baseline/vllm_baseline/c16,interactivity,109.93057002045258,derived,tokens/s/user
8,27B,vllm_baseline,16,3,b200-repeats-20260922/rep3-block8/27B/vllm_baseline/vllm_baseline/c16,interactivity,108.59416920592832,derived,tokens/s/user
8,27B,vllm_baseline,16,1,b200-block8-20260922/27B/vllm_baseline/vllm_baseline/c16,interactivity,110.00045671671978,derived_p90,tokens/s/user
8,27B,vllm_baseline,16,2,b200-repeats-20260922/rep2-block8/27B/vllm_baseline/vllm_baseline/c16,interactivity,110.13416858882938,derived_p90,tokens/s/user
8,27B,vllm_baseline,16,3,b200-repeats-20260922/rep3-block8/27B/vllm_baseline/vllm_baseline/c16,interactivity,108.77766466296988,derived_p90,tokens/s/user
8,27B,vllm_baseline,16,1,b200-block8-20260922/27B/vllm_baseline/vllm_baseline/c16,output_token_throughput,1693.6984938685196,avg,tokens/s
8,27B,vllm_baseline,16,2,b200-repeats-20260922/rep2-block8/27B/vllm_baseline/vllm_baseline/c16,output_token_throughput,1702.2757891533197,avg,tokens/s
8,27B,vllm_baseline,16,3,b200-repeats-20260922/rep3-block8/27B/vllm_baseline/vllm_baseline/c16,output_token_throughput,1682.510971860613,avg,tokens/s
8,27B,vllm_baseline,16,1,b200-block8-20260922/27B/vllm_baseline/vllm_baseline/c16,time_to_first_token,166.69091387999998,p99,ms
8,27B,vllm_baseline,16,2,b200-repeats-20260922/rep2-block8/27B/vllm_baseline/vllm_baseline/c16,time_to_first_token,120.69363959999998,p99,ms
8,27B,vllm_baseline,16,3,b200-repeats-20260922/rep3-block8/27B/vllm_baseline/vllm_baseline/c16,time_to_first_token,111.49864993,p99,ms
8,27B,vllm_baseline,32,1,b200-block8-20260922/27B/vllm_baseline/vllm_baseline/c32,inter_chunk_latency,11.131289220000014,p99,ms
8,27B,vllm_baseline,32,2,b200-repeats-20260922/rep2-block8/27B/vllm_baseline/vllm_baseline/c32,inter_chunk_latency,10.98468248,p99,ms
8,27B,vllm_baseline,32,3,b200-repeats-20260922/rep3-block8/27B/vllm_baseline/vllm_baseline/c32,inter_chunk_latency,11.68141665,p99,ms
8,27B,vllm_baseline,32,1,b200-block8-20260922/27B/vllm_baseline/vllm_baseline/c32,inter_token_latency,9.82694834627451,p90,ms
8,27B,vllm_baseline,32,2,b200-repeats-20260922/rep2-block8/27B/vllm_baseline/vllm_baseline/c32,inter_token_latency,9.792787386274508,p90,ms
8,27B,vllm_baseline,32,3,b200-repeats-20260922/rep3-block8/27B/vllm_baseline/vllm_baseline/c32,inter_token_latency,9.941808198431373,p90,ms
8,27B,vllm_baseline,32,1,b200-block8-20260922/27B/vllm_baseline/vllm_baseline/c32,inter_token_latency,9.977973124470587,p99,ms
8,27B,vllm_baseline,32,2,b200-repeats-20260922/rep2-block8/27B/vllm_baseline/vllm_baseline/c32,inter_token_latency,9.94535663235294,p99,ms
8,27B,vllm_baseline,32,3,b200-repeats-20260922/rep3-block8/27B/vllm_baseline/vllm_baseline/c32,inter_token_latency,10.056540315882351,p99,ms
8,27B,vllm_baseline,32,1,b200-block8-20260922/27B/vllm_baseline/vllm_baseline/c32,interactivity,100.22075500960604,derived,tokens/s/user
8,27B,vllm_baseline,32,2,b200-repeats-20260922/rep2-block8/27B/vllm_baseline/vllm_baseline/c32,interactivity,100.5494359796943,derived,tokens/s/user
8,27B,vllm_baseline,32,3,b200-repeats-20260922/rep3-block8/27B/vllm_baseline/vllm_baseline/c32,interactivity,99.43777567526816,derived,tokens/s/user
8,27B,vllm_baseline,32,1,b200-block8-20260922/27B/vllm_baseline/vllm_baseline/c32,interactivity,101.76099077381531,derived_p90,tokens/s/user
8,27B,vllm_baseline,32,2,b200-repeats-20260922/rep2-block8/27B/vllm_baseline/vllm_baseline/c32,interactivity,102.11597174075197,derived_p90,tokens/s/user
8,27B,vllm_baseline,32,3,b200-repeats-20260922/rep3-block8/27B/vllm_baseline/vllm_baseline/c32,interactivity,100.58532412220353,derived_p90,tokens/s/user
8,27B,vllm_baseline,32,1,b200-block8-20260922/27B/vllm_baseline/vllm_baseline/c32,output_token_throughput,3090.1791475023083,avg,tokens/s
8,27B,vllm_baseline,32,2,b200-repeats-20260922/rep2-block8/27B/vllm_baseline/vllm_baseline/c32,output_token_throughput,3100.013423394917,avg,tokens/s
8,27B,vllm_baseline,32,3,b200-repeats-20260922/rep3-block8/27B/vllm_baseline/vllm_baseline/c32,output_token_throughput,3071.822688790842,avg,tokens/s
8,27B,vllm_baseline,32,1,b200-block8-20260922/27B/vllm_baseline/vllm_baseline/c32,time_to_first_token,174.17537611,p99,ms
8,27B,vllm_baseline,32,2,b200-repeats-20260922/rep2-block8/27B/vllm_baseline/vllm_baseline/c32,time_to_first_token,164.99604581,p99,ms
8,27B,vllm_baseline,32,3,b200-repeats-20260922/rep3-block8/27B/vllm_baseline/vllm_baseline/c32,time_to_first_token,196.82488138,p99,ms
8,27B,vllm_dflash,1,1,b200-block8-20260922/27B/vllm_dflash/vllm_dflash/c1,acceptance_length,5.654847887940468,avg,tokens
8,27B,vllm_dflash,1,2,b200-repeats-20260922/rep2-block8/27B/vllm_dflash/vllm_dflash/c1,acceptance_length,5.654847887940468,avg,tokens
8,27B,vllm_dflash,1,3,b200-repeats-20260922/rep3-block8/27B/vllm_dflash/vllm_dflash/c1,acceptance_length,5.654847887940468,avg,tokens
8,27B,vllm_dflash,1,1,b200-block8-20260922/27B/vllm_dflash/vllm_dflash/c1,inter_chunk_latency,15.33890463999999,p99,ms
8,27B,vllm_dflash,1,2,b200-repeats-20260922/rep2-block8/27B/vllm_dflash/vllm_dflash/c1,inter_chunk_latency,21.94514808,p99,ms
8,27B,vllm_dflash,1,3,b200-repeats-20260922/rep3-block8/27B/vllm_dflash/vllm_dflash/c1,inter_chunk_latency,15.907547599999996,p99,ms
8,27B,vllm_dflash,1,1,b200-block8-20260922/27B/vllm_dflash/vllm_dflash/c1,inter_token_latency,2.5754717611764715,p90,ms
8,27B,vllm_dflash,1,2,b200-repeats-20260922/rep2-block8/27B/vllm_dflash/vllm_dflash/c1,inter_token_latency,3.2769973811764705,p90,ms
8,27B,vllm_dflash,1,3,b200-repeats-20260922/rep3-block8/27B/vllm_dflash/vllm_dflash/c1,inter_token_latency,2.639844553333333,p90,ms
8,27B,vllm_dflash,1,1,b200-block8-20260922/27B/vllm_dflash/vllm_dflash/c1,inter_token_latency,3.2360435547058826,p99,ms
8,27B,vllm_dflash,1,2,b200-repeats-20260922/rep2-block8/27B/vllm_dflash/vllm_dflash/c1,inter_token_latency,3.8658346913333377,p99,ms
8,27B,vllm_dflash,1,3,b200-repeats-20260922/rep3-block8/27B/vllm_dflash/vllm_dflash/c1,inter_token_latency,3.168887662784313,p99,ms
8,27B,vllm_dflash,1,1,b200-block8-20260922/27B/vllm_dflash/vllm_dflash/c1,interactivity,309.01932656184164,derived,tokens/s/user
8,27B,vllm_dflash,1,2,b200-repeats-20260922/rep2-block8/27B/vllm_dflash/vllm_dflash/c1,interactivity,258.6763480191899,derived,tokens/s/user
8,27B,vllm_dflash,1,3,b200-repeats-20260922/rep3-block8/27B/vllm_dflash/vllm_dflash/c1,interactivity,315.56814453982867,derived,tokens/s/user
8,27B,vllm_dflash,1,1,b200-block8-20260922/27B/vllm_dflash/vllm_dflash/c1,interactivity,388.2783787709641,derived_p90,tokens/s/user
8,27B,vllm_dflash,1,2,b200-repeats-20260922/rep2-block8/27B/vllm_dflash/vllm_dflash/c1,interactivity,305.1573998026789,derived_p90,tokens/s/user
8,27B,vllm_dflash,1,3,b200-repeats-20260922/rep3-block8/27B/vllm_dflash/vllm_dflash/c1,interactivity,378.8101836289184,derived_p90,tokens/s/user
8,27B,vllm_dflash,1,1,b200-block8-20260922/27B/vllm_dflash/vllm_dflash/c1,output_token_throughput,395.6669130749873,avg,tokens/s
8,27B,vllm_dflash,1,2,b200-repeats-20260922/rep2-block8/27B/vllm_dflash/vllm_dflash/c1,output_token_throughput,338.34741391817045,avg,tokens/s
8,27B,vllm_dflash,1,3,b200-repeats-20260922/rep3-block8/27B/vllm_dflash/vllm_dflash/c1,output_token_throughput,404.6128002815359,avg,tokens/s
8,27B,vllm_dflash,1,1,b200-block8-20260922/27B/vllm_dflash/vllm_dflash/c1,time_to_first_token,67.69369902,p99,ms
8,27B,vllm_dflash,1,2,b200-repeats-20260922/rep2-block8/27B/vllm_dflash/vllm_dflash/c1,time_to_first_token,90.68335844000002,p99,ms
8,27B,vllm_dflash,1,3,b200-repeats-20260922/rep3-block8/27B/vllm_dflash/vllm_dflash/c1,time_to_first_token,74.38594256000002,p99,ms
8,27B,vllm_dflash,2,1,b200-block8-20260922/27B/vllm_dflash/vllm_dflash/c2,acceptance_length,5.712860310421286,avg,tokens
8,27B,vllm_dflash,2,2,b200-repeats-20260922/rep2-block8/27B/vllm_dflash/vllm_dflash/c2,acceptance_length,5.636859323882224,avg,tokens
8,27B,vllm_dflash,2,3,b200-repeats-20260922/rep3-block8/27B/vllm_dflash/vllm_dflash/c2,acceptance_length,5.696132596685083,avg,tokens
8,27B,vllm_dflash,2,1,b200-block8-20260922/27B/vllm_dflash/vllm_dflash/c2,inter_chunk_latency,79.82853248,p99,ms
8,27B,vllm_dflash,2,2,b200-repeats-20260922/rep2-block8/27B/vllm_dflash/vllm_dflash/c2,inter_chunk_latency,91.38455427,p99,ms
8,27B,vllm_dflash,2,3,b200-repeats-20260922/rep3-block8/27B/vllm_dflash/vllm_dflash/c2,inter_chunk_latency,78.60640667,p99,ms
8,27B,vllm_dflash,2,1,b200-block8-20260922/27B/vllm_dflash/vllm_dflash/c2,inter_token_latency,2.9675925674509807,p90,ms
8,27B,vllm_dflash,2,2,b200-repeats-20260922/rep2-block8/27B/vllm_dflash/vllm_dflash/c2,inter_token_latency,3.842753763529412,p90,ms
8,27B,vllm_dflash,2,3,b200-repeats-20260922/rep3-block8/27B/vllm_dflash/vllm_dflash/c2,inter_token_latency,2.8634434976470584,p90,ms
8,27B,vllm_dflash,2,1,b200-block8-20260922/27B/vllm_dflash/vllm_dflash/c2,inter_token_latency,3.0699314127058823,p99,ms
8,27B,vllm_dflash,2,2,b200-repeats-20260922/rep2-block8/27B/vllm_dflash/vllm_dflash/c2,inter_token_latency,4.8684444843137245,p99,ms
8,27B,vllm_dflash,2,3,b200-repeats-20260922/rep3-block8/27B/vllm_dflash/vllm_dflash/c2,inter_token_latency,2.9839812027058823,p99,ms
8,27B,vllm_dflash,2,1,b200-block8-20260922/27B/vllm_dflash/vllm_dflash/c2,interactivity,325.7401764290836,derived,tokens/s/user
8,27B,vllm_dflash,2,2,b200-repeats-20260922/rep2-block8/27B/vllm_dflash/vllm_dflash/c2,interactivity,205.4044167951448,derived,tokens/s/user
8,27B,vllm_dflash,2,3,b200-repeats-20260922/rep3-block8/27B/vllm_dflash/vllm_dflash/c2,interactivity,335.1227544909456,derived,tokens/s/user
8,27B,vllm_dflash,2,1,b200-block8-20260922/27B/vllm_dflash/vllm_dflash/c2,interactivity,336.9734817940159,derived_p90,tokens/s/user
8,27B,vllm_dflash,2,2,b200-repeats-20260922/rep2-block8/27B/vllm_dflash/vllm_dflash/c2,interactivity,260.23004895362874,derived_p90,tokens/s/user
8,27B,vllm_dflash,2,3,b200-repeats-20260922/rep3-block8/27B/vllm_dflash/vllm_dflash/c2,interactivity,349.22986984786587,derived_p90,tokens/s/user
8,27B,vllm_dflash,2,1,b200-block8-20260922/27B/vllm_dflash/vllm_dflash/c2,output_token_throughput,659.1583427668896,avg,tokens/s
8,27B,vllm_dflash,2,2,b200-repeats-20260922/rep2-block8/27B/vllm_dflash/vllm_dflash/c2,output_token_throughput,533.5379631213082,avg,tokens/s
8,27B,vllm_dflash,2,3,b200-repeats-20260922/rep3-block8/27B/vllm_dflash/vllm_dflash/c2,output_token_throughput,672.9934390357943,avg,tokens/s
8,27B,vllm_dflash,2,1,b200-block8-20260922/27B/vllm_dflash/vllm_dflash/c2,time_to_first_token,155.01431178,p99,ms
8,27B,vllm_dflash,2,2,b200-repeats-20260922/rep2-block8/27B/vllm_dflash/vllm_dflash/c2,time_to_first_token,215.63944989,p99,ms
8,27B,vllm_dflash,2,3,b200-repeats-20260922/rep3-block8/27B/vllm_dflash/vllm_dflash/c2,time_to_first_token,142.65825018,p99,ms
8,27B,vllm_dflash,4,1,b200-block8-20260922/27B/vllm_dflash/vllm_dflash/c4,acceptance_length,5.673626373626374,avg,tokens
8,27B,vllm_dflash,4,2,b200-repeats-20260922/rep2-block8/27B/vllm_dflash/vllm_dflash/c4,acceptance_length,5.65907844212836,avg,tokens
8,27B,vllm_dflash,4,3,b200-repeats-20260922/rep3-block8/27B/vllm_dflash/vllm_dflash/c4,acceptance_length,5.671969281404278,avg,tokens
8,27B,vllm_dflash,4,1,b200-block8-20260922/27B/vllm_dflash/vllm_dflash/c4,inter_chunk_latency,80.31061494,p99,ms
8,27B,vllm_dflash,4,2,b200-repeats-20260922/rep2-block8/27B/vllm_dflash/vllm_dflash/c4,inter_chunk_latency,97.49644325,p99,ms
8,27B,vllm_dflash,4,3,b200-repeats-20260922/rep3-block8/27B/vllm_dflash/vllm_dflash/c4,inter_chunk_latency,81.20936730000001,p99,ms
8,27B,vllm_dflash,4,1,b200-block8-20260922/27B/vllm_dflash/vllm_dflash/c4,inter_token_latency,3.5785856156862743,p90,ms
8,27B,vllm_dflash,4,2,b200-repeats-20260922/rep2-block8/27B/vllm_dflash/vllm_dflash/c4,inter_token_latency,4.234562751372549,p90,ms
8,27B,vllm_dflash,4,3,b200-repeats-20260922/rep3-block8/27B/vllm_dflash/vllm_dflash/c4,inter_token_latency,3.529507407450981,p90,ms
8,27B,vllm_dflash,4,1,b200-block8-20260922/27B/vllm_dflash/vllm_dflash/c4,inter_token_latency,4.330460797647059,p99,ms
8,27B,vllm_dflash,4,2,b200-repeats-20260922/rep2-block8/27B/vllm_dflash/vllm_dflash/c4,inter_token_latency,5.162426667686272,p99,ms
8,27B,vllm_dflash,4,3,b200-repeats-20260922/rep3-block8/27B/vllm_dflash/vllm_dflash/c4,inter_token_latency,3.9539674770196074,p99,ms
8,27B,vllm_dflash,4,1,b200-block8-20260922/27B/vllm_dflash/vllm_dflash/c4,interactivity,230.9223075159453,derived,tokens/s/user
8,27B,vllm_dflash,4,2,b200-repeats-20260922/rep2-block8/27B/vllm_dflash/vllm_dflash/c4,interactivity,193.7073520597216,derived,tokens/s/user
8,27B,vllm_dflash,4,3,b200-repeats-20260922/rep3-block8/27B/vllm_dflash/vllm_dflash/c4,interactivity,252.9105274163188,derived,tokens/s/user
8,27B,vllm_dflash,4,1,b200-block8-20260922/27B/vllm_dflash/vllm_dflash/c4,interactivity,279.4400099348266,derived_p90,tokens/s/user
8,27B,vllm_dflash,4,2,b200-repeats-20260922/rep2-block8/27B/vllm_dflash/vllm_dflash/c4,interactivity,236.15189069423286,derived_p90,tokens/s/user
8,27B,vllm_dflash,4,3,b200-repeats-20260922/rep3-block8/27B/vllm_dflash/vllm_dflash/c4,interactivity,283.3256555543547,derived_p90,tokens/s/user
8,27B,vllm_dflash,4,1,b200-block8-20260922/27B/vllm_dflash/vllm_dflash/c4,output_token_throughput,1118.2157598551346,avg,tokens/s
8,27B,vllm_dflash,4,2,b200-repeats-20260922/rep2-block8/27B/vllm_dflash/vllm_dflash/c4,output_token_throughput,952.152847925083,avg,tokens/s
8,27B,vllm_dflash,4,3,b200-repeats-20260922/rep3-block8/27B/vllm_dflash/vllm_dflash/c4,output_token_throughput,1151.293479556589,avg,tokens/s
8,27B,vllm_dflash,4,1,b200-block8-20260922/27B/vllm_dflash/vllm_dflash/c4,time_to_first_token,243.98062732999992,p99,ms
8,27B,vllm_dflash,4,2,b200-repeats-20260922/rep2-block8/27B/vllm_dflash/vllm_dflash/c4,time_to_first_token,241.0341529399995,p99,ms
8,27B,vllm_dflash,4,3,b200-repeats-20260922/rep3-block8/27B/vllm_dflash/vllm_dflash/c4,time_to_first_token,183.44830884,p99,ms
8,27B,vllm_dflash,8,1,b200-block8-20260922/27B/vllm_dflash/vllm_dflash/c8,acceptance_length,5.692382003864201,avg,tokens
8,27B,vllm_dflash,8,2,b200-repeats-20260922/rep2-block8/27B/vllm_dflash/vllm_dflash/c8,acceptance_length,5.742626599888704,avg,tokens
8,27B,vllm_dflash,8,3,b200-repeats-20260922/rep3-block8/27B/vllm_dflash/vllm_dflash/c8,acceptance_length,5.671754675467547,avg,tokens
8,27B,vllm_dflash,8,1,b200-block8-20260922/27B/vllm_dflash/vllm_dflash/c8,inter_chunk_latency,84.68584505,p99,ms
8,27B,vllm_dflash,8,2,b200-repeats-20260922/rep2-block8/27B/vllm_dflash/vllm_dflash/c8,inter_chunk_latency,81.91877946000001,p99,ms
8,27B,vllm_dflash,8,3,b200-repeats-20260922/rep3-block8/27B/vllm_dflash/vllm_dflash/c8,inter_chunk_latency,86.96918176,p99,ms
8,27B,vllm_dflash,8,1,b200-block8-20260922/27B/vllm_dflash/vllm_dflash/c8,inter_token_latency,4.800470155686274,p90,ms
8,27B,vllm_dflash,8,2,b200-repeats-20260922/rep2-block8/27B/vllm_dflash/vllm_dflash/c8,inter_token_latency,4.741382529019608,p90,ms
8,27B,vllm_dflash,8,3,b200-repeats-20260922/rep3-block8/27B/vllm_dflash/vllm_dflash/c8,inter_token_latency,4.909430812156862,p90,ms
8,27B,vllm_dflash,8,1,b200-block8-20260922/27B/vllm_dflash/vllm_dflash/c8,inter_token_latency,5.958151627764705,p99,ms
8,27B,vllm_dflash,8,2,b200-repeats-20260922/rep2-block8/27B/vllm_dflash/vllm_dflash/c8,inter_token_latency,5.59186813890196,p99,ms
8,27B,vllm_dflash,8,3,b200-repeats-20260922/rep3-block8/27B/vllm_dflash/vllm_dflash/c8,inter_token_latency,5.75252712298039,p99,ms
8,27B,vllm_dflash,8,1,b200-block8-20260922/27B/vllm_dflash/vllm_dflash/c8,interactivity,167.83728620467582,derived,tokens/s/user
8,27B,vllm_dflash,8,2,b200-repeats-20260922/rep2-block8/27B/vllm_dflash/vllm_dflash/c8,interactivity,178.83111245830696,derived,tokens/s/user
8,27B,vllm_dflash,8,3,b200-repeats-20260922/rep3-block8/27B/vllm_dflash/vllm_dflash/c8,interactivity,173.8366423350124,derived,tokens/s/user
8,27B,vllm_dflash,8,1,b200-block8-20260922/27B/vllm_dflash/vllm_dflash/c8,interactivity,208.31292926912076,derived_p90,tokens/s/user
8,27B,vllm_dflash,8,2,b200-repeats-20260922/rep2-block8/27B/vllm_dflash/vllm_dflash/c8,interactivity,210.90894773402167,derived_p90,tokens/s/user
8,27B,vllm_dflash,8,3,b200-repeats-20260922/rep3-block8/27B/vllm_dflash/vllm_dflash/c8,interactivity,203.68960033488477,derived_p90,tokens/s/user
8,27B,vllm_dflash,8,1,b200-block8-20260922/27B/vllm_dflash/vllm_dflash/c8,output_token_throughput,1752.8637400118605,avg,tokens/s
8,27B,vllm_dflash,8,2,b200-repeats-20260922/rep2-block8/27B/vllm_dflash/vllm_dflash/c8,output_token_throughput,1800.5702763014035,avg,tokens/s
8,27B,vllm_dflash,8,3,b200-repeats-20260922/rep3-block8/27B/vllm_dflash/vllm_dflash/c8,output_token_throughput,1744.9792092264502,avg,tokens/s
8,27B,vllm_dflash,8,1,b200-block8-20260922/27B/vllm_dflash/vllm_dflash/c8,time_to_first_token,249.69055992,p99,ms
8,27B,vllm_dflash,8,2,b200-repeats-20260922/rep2-block8/27B/vllm_dflash/vllm_dflash/c8,time_to_first_token,245.55343816,p99,ms
8,27B,vllm_dflash,8,3,b200-repeats-20260922/rep3-block8/27B/vllm_dflash/vllm_dflash/c8,time_to_first_token,240.83769736,p99,ms
8,27B,vllm_dflash,16,1,b200-block8-20260922/27B/vllm_dflash/vllm_dflash/c16,acceptance_length,5.739647026125625,avg,tokens
8,27B,vllm_dflash,16,2,b200-repeats-20260922/rep2-block8/27B/vllm_dflash/vllm_dflash/c16,acceptance_length,5.746329924163362,avg,tokens
8,27B,vllm_dflash,16,3,b200-repeats-20260922/rep3-block8/27B/vllm_dflash/vllm_dflash/c16,acceptance_length,5.729770992366412,avg,tokens
8,27B,vllm_dflash,16,1,b200-block8-20260922/27B/vllm_dflash/vllm_dflash/c16,inter_chunk_latency,91.38463916,p99,ms
8,27B,vllm_dflash,16,2,b200-repeats-20260922/rep2-block8/27B/vllm_dflash/vllm_dflash/c16,inter_chunk_latency,86.75411592,p99,ms
8,27B,vllm_dflash,16,3,b200-repeats-20260922/rep3-block8/27B/vllm_dflash/vllm_dflash/c16,inter_chunk_latency,86.17259037999999,p99,ms
8,27B,vllm_dflash,16,1,b200-block8-20260922/27B/vllm_dflash/vllm_dflash/c16,inter_token_latency,6.88092367882353,p90,ms
8,27B,vllm_dflash,16,2,b200-repeats-20260922/rep2-block8/27B/vllm_dflash/vllm_dflash/c16,inter_token_latency,6.757357263921569,p90,ms
8,27B,vllm_dflash,16,3,b200-repeats-20260922/rep3-block8/27B/vllm_dflash/vllm_dflash/c16,inter_token_latency,6.488479139607843,p90,ms
8,27B,vllm_dflash,16,1,b200-block8-20260922/27B/vllm_dflash/vllm_dflash/c16,inter_token_latency,8.199220794,p99,ms
8,27B,vllm_dflash,16,2,b200-repeats-20260922/rep2-block8/27B/vllm_dflash/vllm_dflash/c16,inter_token_latency,8.503977928313725,p99,ms
8,27B,vllm_dflash,16,3,b200-repeats-20260922/rep3-block8/27B/vllm_dflash/vllm_dflash/c16,inter_token_latency,8.521960163921568,p99,ms
8,27B,vllm_dflash,16,1,b200-block8-20260922/27B/vllm_dflash/vllm_dflash/c16,interactivity,121.96280904299796,derived,tokens/s/user
8,27B,vllm_dflash,16,2,b200-repeats-20260922/rep2-block8/27B/vllm_dflash/vllm_dflash/c16,interactivity,117.5920267467454,derived,tokens/s/user
8,27B,vllm_dflash,16,3,b200-repeats-20260922/rep3-block8/27B/vllm_dflash/vllm_dflash/c16,interactivity,117.34389515613834,derived,tokens/s/user
8,27B,vllm_dflash,16,1,b200-block8-20260922/27B/vllm_dflash/vllm_dflash/c16,interactivity,145.32932592720977,derived_p90,tokens/s/user
8,27B,vllm_dflash,16,2,b200-repeats-20260922/rep2-block8/27B/vllm_dflash/vllm_dflash/c16,interactivity,147.98684765997697,derived_p90,tokens/s/user
8,27B,vllm_dflash,16,3,b200-repeats-20260922/rep3-block8/27B/vllm_dflash/vllm_dflash/c16,interactivity,154.1193211049514,derived_p90,tokens/s/user
8,27B,vllm_dflash,16,1,b200-block8-20260922/27B/vllm_dflash/vllm_dflash/c16,output_token_throughput,2524.8058971766086,avg,tokens/s
8,27B,vllm_dflash,16,2,b200-repeats-20260922/rep2-block8/27B/vllm_dflash/vllm_dflash/c16,output_token_throughput,2550.3082292470326,avg,tokens/s
8,27B,vllm_dflash,16,3,b200-repeats-20260922/rep3-block8/27B/vllm_dflash/vllm_dflash/c16,output_token_throughput,2614.0837223885515,avg,tokens/s
8,27B,vllm_dflash,16,1,b200-block8-20260922/27B/vllm_dflash/vllm_dflash/c16,time_to_first_token,250.75288823,p99,ms
8,27B,vllm_dflash,16,2,b200-repeats-20260922/rep2-block8/27B/vllm_dflash/vllm_dflash/c16,time_to_first_token,251.63378941,p99,ms
8,27B,vllm_dflash,16,3,b200-repeats-20260922/rep3-block8/27B/vllm_dflash/vllm_dflash/c16,time_to_first_token,258.8694233,p99,ms
8,27B,vllm_dflash,32,1,b200-block8-20260922/27B/vllm_dflash/vllm_dflash/c32,acceptance_length,5.701962274580253,avg,tokens
8,27B,vllm_dflash,32,2,b200-repeats-20260922/rep2-block8/27B/vllm_dflash/vllm_dflash/c32,acceptance_length,5.731129782653983,avg,tokens
8,27B,vllm_dflash,32,3,b200-repeats-20260922/rep3-block8/27B/vllm_dflash/vllm_dflash/c32,acceptance_length,5.734305555555555,avg,tokens
8,27B,vllm_dflash,32,1,b200-block8-20260922/27B/vllm_dflash/vllm_dflash/c32,inter_chunk_latency,100.5952888,p99,ms
8,27B,vllm_dflash,32,2,b200-repeats-20260922/rep2-block8/27B/vllm_dflash/vllm_dflash/c32,inter_chunk_latency,98.7661675,p99,ms
8,27B,vllm_dflash,32,3,b200-repeats-20260922/rep3-block8/27B/vllm_dflash/vllm_dflash/c32,inter_chunk_latency,99.38618187999997,p99,ms
8,27B,vllm_dflash,32,1,b200-block8-20260922/27B/vllm_dflash/vllm_dflash/c32,inter_token_latency,10.14385174509804,p90,ms
8,27B,vllm_dflash,32,2,b200-repeats-20260922/rep2-block8/27B/vllm_dflash/vllm_dflash/c32,inter_token_latency,10.00384499764706,p90,ms
8,27B,vllm_dflash,32,3,b200-repeats-20260922/rep3-block8/27B/vllm_dflash/vllm_dflash/c32,inter_token_latency,10.064810996862745,p90,ms
8,27B,vllm_dflash,32,1,b200-block8-20260922/27B/vllm_dflash/vllm_dflash/c32,inter_token_latency,12.611185420588232,p99,ms
8,27B,vllm_dflash,32,2,b200-repeats-20260922/rep2-block8/27B/vllm_dflash/vllm_dflash/c32,inter_token_latency,12.579668648470587,p99,ms
8,27B,vllm_dflash,32,3,b200-repeats-20260922/rep3-block8/27B/vllm_dflash/vllm_dflash/c32,inter_token_latency,12.069228652235296,p99,ms
8,27B,vllm_dflash,32,1,b200-block8-20260922/27B/vllm_dflash/vllm_dflash/c32,interactivity,79.29468695047989,derived,tokens/s/user
8,27B,vllm_dflash,32,2,b200-repeats-20260922/rep2-block8/27B/vllm_dflash/vllm_dflash/c32,interactivity,79.49334978084482,derived,tokens/s/user
8,27B,vllm_dflash,32,3,b200-repeats-20260922/rep3-block8/27B/vllm_dflash/vllm_dflash/c32,interactivity,82.85533639424371,derived,tokens/s/user
8,27B,vllm_dflash,32,1,b200-block8-20260922/27B/vllm_dflash/vllm_dflash/c32,interactivity,98.58188241791333,derived_p90,tokens/s/user
8,27B,vllm_dflash,32,2,b200-repeats-20260922/rep2-block8/27B/vllm_dflash/vllm_dflash/c32,interactivity,99.96156480185405,derived_p90,tokens/s/user
8,27B,vllm_dflash,32,3,b200-repeats-20260922/rep3-block8/27B/vllm_dflash/vllm_dflash/c32,interactivity,99.3560634483554,derived_p90,tokens/s/user
8,27B,vllm_dflash,32,1,b200-block8-20260922/27B/vllm_dflash/vllm_dflash/c32,output_token_throughput,3444.2314090967448,avg,tokens/s
8,27B,vllm_dflash,32,2,b200-repeats-20260922/rep2-block8/27B/vllm_dflash/vllm_dflash/c32,output_token_throughput,3486.614165942605,avg,tokens/s
8,27B,vllm_dflash,32,3,b200-repeats-20260922/rep3-block8/27B/vllm_dflash/vllm_dflash/c32,output_token_throughput,3470.461099382271,avg,tokens/s
8,27B,vllm_dflash,32,1,b200-block8-20260922/27B/vllm_dflash/vllm_dflash/c32,time_to_first_token,293.20013905,p99,ms
8,27B,vllm_dflash,32,2,b200-repeats-20260922/rep2-block8/27B/vllm_dflash/vllm_dflash/c32,time_to_first_token,298.21009737,p99,ms
8,27B,vllm_dflash,32,3,b200-repeats-20260922/rep3-block8/27B/vllm_dflash/vllm_dflash/c32,time_to_first_token,300.11248987,p99,ms
8,35B-A3B,pr2_dflash,1,1,b200-block8-20260922/35B-A3B/pr2_dflash/vllm_dflash/c1,acceptance_length,5.251783893985729,avg,tokens
8,35B-A3B,pr2_dflash,1,2,b200-repeats-20260922/rep2-block8/35B-A3B/pr2_dflash/vllm_dflash/c1,acceptance_length,5.251783893985729,avg,tokens
8,35B-A3B,pr2_dflash,1,3,b200-repeats-20260922/rep3-block8/35B-A3B/pr2_dflash/vllm_dflash/c1,acceptance_length,5.251783893985729,avg,tokens
8,35B-A3B,pr2_dflash,1,1,b200-block8-20260922/35B-A3B/pr2_dflash/vllm_dflash/c1,inter_chunk_latency,9.060117960000005,p99,ms
8,35B-A3B,pr2_dflash,1,2,b200-repeats-20260922/rep2-block8/35B-A3B/pr2_dflash/vllm_dflash/c1,inter_chunk_latency,10.60266652,p99,ms
8,35B-A3B,pr2_dflash,1,3,b200-repeats-20260922/rep3-block8/35B-A3B/pr2_dflash/vllm_dflash/c1,inter_chunk_latency,10.16627552,p99,ms
8,35B-A3B,pr2_dflash,1,1,b200-block8-20260922/35B-A3B/pr2_dflash/vllm_dflash/c1,inter_token_latency,1.5325479666666666,p90,ms
8,35B-A3B,pr2_dflash,1,2,b200-repeats-20260922/rep2-block8/35B-A3B/pr2_dflash/vllm_dflash/c1,inter_token_latency,1.6236776,p90,ms
8,35B-A3B,pr2_dflash,1,3,b200-repeats-20260922/rep3-block8/35B-A3B/pr2_dflash/vllm_dflash/c1,inter_token_latency,1.5406231392156864,p90,ms
8,35B-A3B,pr2_dflash,1,1,b200-block8-20260922/35B-A3B/pr2_dflash/vllm_dflash/c1,inter_token_latency,1.7397902358431376,p99,ms
8,35B-A3B,pr2_dflash,1,2,b200-repeats-20260922/rep2-block8/35B-A3B/pr2_dflash/vllm_dflash/c1,inter_token_latency,1.7366485047843163,p99,ms
8,35B-A3B,pr2_dflash,1,3,b200-repeats-20260922/rep3-block8/35B-A3B/pr2_dflash/vllm_dflash/c1,inter_token_latency,1.8288455426666663,p99,ms
8,35B-A3B,pr2_dflash,1,1,b200-block8-20260922/35B-A3B/pr2_dflash/vllm_dflash/c1,interactivity,574.7819360047044,derived,tokens/s/user
8,35B-A3B,pr2_dflash,1,2,b200-repeats-20260922/rep2-block8/35B-A3B/pr2_dflash/vllm_dflash/c1,interactivity,575.8217608486038,derived,tokens/s/user
8,35B-A3B,pr2_dflash,1,3,b200-repeats-20260922/rep3-block8/35B-A3B/pr2_dflash/vllm_dflash/c1,interactivity,546.7930323639498,derived,tokens/s/user
8,35B-A3B,pr2_dflash,1,1,b200-block8-20260922/35B-A3B/pr2_dflash/vllm_dflash/c1,interactivity,652.5081248680439,derived_p90,tokens/s/user
8,35B-A3B,pr2_dflash,1,2,b200-repeats-20260922/rep2-block8/35B-A3B/pr2_dflash/vllm_dflash/c1,interactivity,615.885813784707,derived_p90,tokens/s/user
8,35B-A3B,pr2_dflash,1,3,b200-repeats-20260922/rep3-block8/35B-A3B/pr2_dflash/vllm_dflash/c1,interactivity,649.0880050711744,derived_p90,tokens/s/user
8,35B-A3B,pr2_dflash,1,1,b200-block8-20260922/35B-A3B/pr2_dflash/vllm_dflash/c1,output_token_throughput,681.9838045760677,avg,tokens/s
8,35B-A3B,pr2_dflash,1,2,b200-repeats-20260922/rep2-block8/35B-A3B/pr2_dflash/vllm_dflash/c1,output_token_throughput,672.5908967133425,avg,tokens/s
8,35B-A3B,pr2_dflash,1,3,b200-repeats-20260922/rep3-block8/35B-A3B/pr2_dflash/vllm_dflash/c1,output_token_throughput,677.0248850967658,avg,tokens/s
8,35B-A3B,pr2_dflash,1,1,b200-block8-20260922/35B-A3B/pr2_dflash/vllm_dflash/c1,time_to_first_token,76.11480484000029,p99,ms
8,35B-A3B,pr2_dflash,1,2,b200-repeats-20260922/rep2-block8/35B-A3B/pr2_dflash/vllm_dflash/c1,time_to_first_token,59.39205368000007,p99,ms
8,35B-A3B,pr2_dflash,1,3,b200-repeats-20260922/rep3-block8/35B-A3B/pr2_dflash/vllm_dflash/c1,time_to_first_token,60.03371595000007,p99,ms
8,35B-A3B,pr2_dflash,2,1,b200-block8-20260922/35B-A3B/pr2_dflash/vllm_dflash/c2,acceptance_length,5.229166666666667,avg,tokens
8,35B-A3B,pr2_dflash,2,2,b200-repeats-20260922/rep2-block8/35B-A3B/pr2_dflash/vllm_dflash/c2,acceptance_length,5.310149407521896,avg,tokens
8,35B-A3B,pr2_dflash,2,3,b200-repeats-20260922/rep3-block8/35B-A3B/pr2_dflash/vllm_dflash/c2,acceptance_length,5.259315977539561,avg,tokens
8,35B-A3B,pr2_dflash,2,1,b200-block8-20260922/35B-A3B/pr2_dflash/vllm_dflash/c2,inter_chunk_latency,45.272187029999984,p99,ms
8,35B-A3B,pr2_dflash,2,2,b200-repeats-20260922/rep2-block8/35B-A3B/pr2_dflash/vllm_dflash/c2,inter_chunk_latency,53.11508959999999,p99,ms
8,35B-A3B,pr2_dflash,2,3,b200-repeats-20260922/rep3-block8/35B-A3B/pr2_dflash/vllm_dflash/c2,inter_chunk_latency,43.59401032,p99,ms
8,35B-A3B,pr2_dflash,2,1,b200-block8-20260922/35B-A3B/pr2_dflash/vllm_dflash/c2,inter_token_latency,1.8098244576470588,p90,ms
8,35B-A3B,pr2_dflash,2,2,b200-repeats-20260922/rep2-block8/35B-A3B/pr2_dflash/vllm_dflash/c2,inter_token_latency,1.9239501211764705,p90,ms
8,35B-A3B,pr2_dflash,2,3,b200-repeats-20260922/rep3-block8/35B-A3B/pr2_dflash/vllm_dflash/c2,inter_token_latency,1.79535426627451,p90,ms
8,35B-A3B,pr2_dflash,2,1,b200-block8-20260922/35B-A3B/pr2_dflash/vllm_dflash/c2,inter_token_latency,2.1857588423137253,p99,ms
8,35B-A3B,pr2_dflash,2,2,b200-repeats-20260922/rep2-block8/35B-A3B/pr2_dflash/vllm_dflash/c2,inter_token_latency,2.4407706998823526,p99,ms
8,35B-A3B,pr2_dflash,2,3,b200-repeats-20260922/rep3-block8/35B-A3B/pr2_dflash/vllm_dflash/c2,inter_token_latency,2.053671421921569,p99,ms
8,35B-A3B,pr2_dflash,2,1,b200-block8-20260922/35B-A3B/pr2_dflash/vllm_dflash/c2,interactivity,457.507013418486,derived,tokens/s/user
8,35B-A3B,pr2_dflash,2,2,b200-repeats-20260922/rep2-block8/35B-A3B/pr2_dflash/vllm_dflash/c2,interactivity,409.7066553806963,derived,tokens/s/user
8,35B-A3B,pr2_dflash,2,3,b200-repeats-20260922/rep3-block8/35B-A3B/pr2_dflash/vllm_dflash/c2,interactivity,486.93281180507694,derived,tokens/s/user
8,35B-A3B,pr2_dflash,2,1,b200-block8-20260922/35B-A3B/pr2_dflash/vllm_dflash/c2,interactivity,552.5397757637189,derived_p90,tokens/s/user
8,35B-A3B,pr2_dflash,2,2,b200-repeats-20260922/rep2-block8/35B-A3B/pr2_dflash/vllm_dflash/c2,interactivity,519.763994395298,derived_p90,tokens/s/user
8,35B-A3B,pr2_dflash,2,3,b200-repeats-20260922/rep3-block8/35B-A3B/pr2_dflash/vllm_dflash/c2,interactivity,556.9931343272281,derived_p90,tokens/s/user
8,35B-A3B,pr2_dflash,2,1,b200-block8-20260922/35B-A3B/pr2_dflash/vllm_dflash/c2,output_token_throughput,1093.9328409692816,avg,tokens/s
8,35B-A3B,pr2_dflash,2,2,b200-repeats-20260922/rep2-block8/35B-A3B/pr2_dflash/vllm_dflash/c2,output_token_throughput,1015.315721060092,avg,tokens/s
8,35B-A3B,pr2_dflash,2,3,b200-repeats-20260922/rep3-block8/35B-A3B/pr2_dflash/vllm_dflash/c2,output_token_throughput,1102.8943627372594,avg,tokens/s
8,35B-A3B,pr2_dflash,2,1,b200-block8-20260922/35B-A3B/pr2_dflash/vllm_dflash/c2,time_to_first_token,91.27341486,p99,ms
8,35B-A3B,pr2_dflash,2,2,b200-repeats-20260922/rep2-block8/35B-A3B/pr2_dflash/vllm_dflash/c2,time_to_first_token,125.81022636,p99,ms
8,35B-A3B,pr2_dflash,2,3,b200-repeats-20260922/rep3-block8/35B-A3B/pr2_dflash/vllm_dflash/c2,time_to_first_token,94.95782197,p99,ms
8,35B-A3B,pr2_dflash,4,1,b200-block8-20260922/35B-A3B/pr2_dflash/vllm_dflash/c4,acceptance_length,5.181040985667589,avg,tokens
8,35B-A3B,pr2_dflash,4,2,b200-repeats-20260922/rep2-block8/35B-A3B/pr2_dflash/vllm_dflash/c4,acceptance_length,5.084114454859398,avg,tokens
8,35B-A3B,pr2_dflash,4,3,b200-repeats-20260922/rep3-block8/35B-A3B/pr2_dflash/vllm_dflash/c4,acceptance_length,5.280153649167734,avg,tokens
8,35B-A3B,pr2_dflash,4,1,b200-block8-20260922/35B-A3B/pr2_dflash/vllm_dflash/c4,inter_chunk_latency,49.5580734,p99,ms
8,35B-A3B,pr2_dflash,4,2,b200-repeats-20260922/rep2-block8/35B-A3B/pr2_dflash/vllm_dflash/c4,inter_chunk_latency,65.37754102,p99,ms
8,35B-A3B,pr2_dflash,4,3,b200-repeats-20260922/rep3-block8/35B-A3B/pr2_dflash/vllm_dflash/c4,inter_chunk_latency,45.22000428,p99,ms
8,35B-A3B,pr2_dflash,4,1,b200-block8-20260922/35B-A3B/pr2_dflash/vllm_dflash/c4,inter_token_latency,2.4721209411764713,p90,ms
8,35B-A3B,pr2_dflash,4,2,b200-repeats-20260922/rep2-block8/35B-A3B/pr2_dflash/vllm_dflash/c4,inter_token_latency,2.867876303529412,p90,ms
8,35B-A3B,pr2_dflash,4,3,b200-repeats-20260922/rep3-block8/35B-A3B/pr2_dflash/vllm_dflash/c4,inter_token_latency,2.2877218599999996,p90,ms
8,35B-A3B,pr2_dflash,4,1,b200-block8-20260922/35B-A3B/pr2_dflash/vllm_dflash/c4,inter_token_latency,2.847572959921568,p99,ms
8,35B-A3B,pr2_dflash,4,2,b200-repeats-20260922/rep2-block8/35B-A3B/pr2_dflash/vllm_dflash/c4,inter_token_latency,3.881181232549017,p99,ms
8,35B-A3B,pr2_dflash,4,3,b200-repeats-20260922/rep3-block8/35B-A3B/pr2_dflash/vllm_dflash/c4,inter_token_latency,2.6759815701568592,p99,ms
8,35B-A3B,pr2_dflash,4,1,b200-block8-20260922/35B-A3B/pr2_dflash/vllm_dflash/c4,interactivity,351.1762522241199,derived,tokens/s/user
8,35B-A3B,pr2_dflash,4,2,b200-repeats-20260922/rep2-block8/35B-A3B/pr2_dflash/vllm_dflash/c4,interactivity,257.6535183705495,derived,tokens/s/user
8,35B-A3B,pr2_dflash,4,3,b200-repeats-20260922/rep3-block8/35B-A3B/pr2_dflash/vllm_dflash/c4,interactivity,373.6946513952944,derived,tokens/s/user
8,35B-A3B,pr2_dflash,4,1,b200-block8-20260922/35B-A3B/pr2_dflash/vllm_dflash/c4,interactivity,404.5109538710936,derived_p90,tokens/s/user
8,35B-A3B,pr2_dflash,4,2,b200-repeats-20260922/rep2-block8/35B-A3B/pr2_dflash/vllm_dflash/c4,interactivity,348.69007382547466,derived_p90,tokens/s/user
8,35B-A3B,pr2_dflash,4,3,b200-repeats-20260922/rep3-block8/35B-A3B/pr2_dflash/vllm_dflash/c4,interactivity,437.11607494103333,derived_p90,tokens/s/user
8,35B-A3B,pr2_dflash,4,1,b200-block8-20260922/35B-A3B/pr2_dflash/vllm_dflash/c4,output_token_throughput,1733.8365606118214,avg,tokens/s
8,35B-A3B,pr2_dflash,4,2,b200-repeats-20260922/rep2-block8/35B-A3B/pr2_dflash/vllm_dflash/c4,output_token_throughput,1589.748498486172,avg,tokens/s
8,35B-A3B,pr2_dflash,4,3,b200-repeats-20260922/rep3-block8/35B-A3B/pr2_dflash/vllm_dflash/c4,output_token_throughput,1796.9634281299411,avg,tokens/s
8,35B-A3B,pr2_dflash,4,1,b200-block8-20260922/35B-A3B/pr2_dflash/vllm_dflash/c4,time_to_first_token,142.3921786399999,p99,ms
8,35B-A3B,pr2_dflash,4,2,b200-repeats-20260922/rep2-block8/35B-A3B/pr2_dflash/vllm_dflash/c4,time_to_first_token,141.7559687399999,p99,ms
8,35B-A3B,pr2_dflash,4,3,b200-repeats-20260922/rep3-block8/35B-A3B/pr2_dflash/vllm_dflash/c4,time_to_first_token,99.62090225999998,p99,ms
8,35B-A3B,pr2_dflash,8,1,b200-block8-20260922/35B-A3B/pr2_dflash/vllm_dflash/c8,acceptance_length,5.233231707317073,avg,tokens
8,35B-A3B,pr2_dflash,8,2,b200-repeats-20260922/rep2-block8/35B-A3B/pr2_dflash/vllm_dflash/c8,acceptance_length,5.2100341210666,avg,tokens
8,35B-A3B,pr2_dflash,8,3,b200-repeats-20260922/rep3-block8/35B-A3B/pr2_dflash/vllm_dflash/c8,acceptance_length,5.2717405184523045,avg,tokens
8,35B-A3B,pr2_dflash,8,1,b200-block8-20260922/35B-A3B/pr2_dflash/vllm_dflash/c8,inter_chunk_latency,46.57340956,p99,ms
8,35B-A3B,pr2_dflash,8,2,b200-repeats-20260922/rep2-block8/35B-A3B/pr2_dflash/vllm_dflash/c8,inter_chunk_latency,51.13220884,p99,ms
8,35B-A3B,pr2_dflash,8,3,b200-repeats-20260922/rep3-block8/35B-A3B/pr2_dflash/vllm_dflash/c8,inter_chunk_latency,44.7557616,p99,ms
8,35B-A3B,pr2_dflash,8,1,b200-block8-20260922/35B-A3B/pr2_dflash/vllm_dflash/c8,inter_token_latency,3.2609273180392155,p90,ms
8,35B-A3B,pr2_dflash,8,2,b200-repeats-20260922/rep2-block8/35B-A3B/pr2_dflash/vllm_dflash/c8,inter_token_latency,3.362667593333333,p90,ms
8,35B-A3B,pr2_dflash,8,3,b200-repeats-20260922/rep3-block8/35B-A3B/pr2_dflash/vllm_dflash/c8,inter_token_latency,3.15246800745098,p90,ms
8,35B-A3B,pr2_dflash,8,1,b200-block8-20260922/35B-A3B/pr2_dflash/vllm_dflash/c8,inter_token_latency,3.805823769137255,p99,ms
8,35B-A3B,pr2_dflash,8,2,b200-repeats-20260922/rep2-block8/35B-A3B/pr2_dflash/vllm_dflash/c8,inter_token_latency,3.871454841960784,p99,ms
8,35B-A3B,pr2_dflash,8,3,b200-repeats-20260922/rep3-block8/35B-A3B/pr2_dflash/vllm_dflash/c8,inter_token_latency,3.911772760039215,p99,ms
8,35B-A3B,pr2_dflash,8,1,b200-block8-20260922/35B-A3B/pr2_dflash/vllm_dflash/c8,interactivity,262.75520377726025,derived,tokens/s/user
8,35B-A3B,pr2_dflash,8,2,b200-repeats-20260922/rep2-block8/35B-A3B/pr2_dflash/vllm_dflash/c8,interactivity,258.3008302619198,derived,tokens/s/user
8,35B-A3B,pr2_dflash,8,3,b200-repeats-20260922/rep3-block8/35B-A3B/pr2_dflash/vllm_dflash/c8,interactivity,255.6385713954343,derived,tokens/s/user
8,35B-A3B,pr2_dflash,8,1,b200-block8-20260922/35B-A3B/pr2_dflash/vllm_dflash/c8,interactivity,306.661235430815,derived_p90,tokens/s/user
8,35B-A3B,pr2_dflash,8,2,b200-repeats-20260922/rep2-block8/35B-A3B/pr2_dflash/vllm_dflash/c8,interactivity,297.3829473905042,derived_p90,tokens/s/user
8,35B-A3B,pr2_dflash,8,3,b200-repeats-20260922/rep3-block8/35B-A3B/pr2_dflash/vllm_dflash/c8,interactivity,317.21178379493824,derived_p90,tokens/s/user
8,35B-A3B,pr2_dflash,8,1,b200-block8-20260922/35B-A3B/pr2_dflash/vllm_dflash/c8,output_token_throughput,2644.0549077440355,avg,tokens/s
8,35B-A3B,pr2_dflash,8,2,b200-repeats-20260922/rep2-block8/35B-A3B/pr2_dflash/vllm_dflash/c8,output_token_throughput,2566.9547298647844,avg,tokens/s
8,35B-A3B,pr2_dflash,8,3,b200-repeats-20260922/rep3-block8/35B-A3B/pr2_dflash/vllm_dflash/c8,output_token_throughput,2732.100162465349,avg,tokens/s
8,35B-A3B,pr2_dflash,8,1,b200-block8-20260922/35B-A3B/pr2_dflash/vllm_dflash/c8,time_to_first_token,114.69132070999996,p99,ms
8,35B-A3B,pr2_dflash,8,2,b200-repeats-20260922/rep2-block8/35B-A3B/pr2_dflash/vllm_dflash/c8,time_to_first_token,176.68243434,p99,ms
8,35B-A3B,pr2_dflash,8,3,b200-repeats-20260922/rep3-block8/35B-A3B/pr2_dflash/vllm_dflash/c8,time_to_first_token,131.83522537999997,p99,ms
8,35B-A3B,pr2_dflash,16,1,b200-block8-20260922/35B-A3B/pr2_dflash/vllm_dflash/c16,acceptance_length,5.193708713431897,avg,tokens
8,35B-A3B,pr2_dflash,16,2,b200-repeats-20260922/rep2-block8/35B-A3B/pr2_dflash/vllm_dflash/c16,acceptance_length,5.187232704402516,avg,tokens
8,35B-A3B,pr2_dflash,16,3,b200-repeats-20260922/rep3-block8/35B-A3B/pr2_dflash/vllm_dflash/c16,acceptance_length,5.220548205355447,avg,tokens
8,35B-A3B,pr2_dflash,16,1,b200-block8-20260922/35B-A3B/pr2_dflash/vllm_dflash/c16,inter_chunk_latency,46.9640793,p99,ms
8,35B-A3B,pr2_dflash,16,2,b200-repeats-20260922/rep2-block8/35B-A3B/pr2_dflash/vllm_dflash/c16,inter_chunk_latency,54.36814582,p99,ms
8,35B-A3B,pr2_dflash,16,3,b200-repeats-20260922/rep3-block8/35B-A3B/pr2_dflash/vllm_dflash/c16,inter_chunk_latency,51.07028187999999,p99,ms
8,35B-A3B,pr2_dflash,16,1,b200-block8-20260922/35B-A3B/pr2_dflash/vllm_dflash/c16,inter_token_latency,4.4217449992156865,p90,ms
8,35B-A3B,pr2_dflash,16,2,b200-repeats-20260922/rep2-block8/35B-A3B/pr2_dflash/vllm_dflash/c16,inter_token_latency,4.624538608627453,p90,ms
8,35B-A3B,pr2_dflash,16,3,b200-repeats-20260922/rep3-block8/35B-A3B/pr2_dflash/vllm_dflash/c16,inter_token_latency,4.584741657254902,p90,ms
8,35B-A3B,pr2_dflash,16,1,b200-block8-20260922/35B-A3B/pr2_dflash/vllm_dflash/c16,inter_token_latency,5.615457373019607,p99,ms
8,35B-A3B,pr2_dflash,16,2,b200-repeats-20260922/rep2-block8/35B-A3B/pr2_dflash/vllm_dflash/c16,inter_token_latency,5.930309904196079,p99,ms
8,35B-A3B,pr2_dflash,16,3,b200-repeats-20260922/rep3-block8/35B-A3B/pr2_dflash/vllm_dflash/c16,inter_token_latency,5.2871880869411765,p99,ms
8,35B-A3B,pr2_dflash,16,1,b200-block8-20260922/35B-A3B/pr2_dflash/vllm_dflash/c16,interactivity,178.079884428411,derived,tokens/s/user
8,35B-A3B,pr2_dflash,16,2,b200-repeats-20260922/rep2-block8/35B-A3B/pr2_dflash/vllm_dflash/c16,interactivity,168.62525165715795,derived,tokens/s/user
8,35B-A3B,pr2_dflash,16,3,b200-repeats-20260922/rep3-block8/35B-A3B/pr2_dflash/vllm_dflash/c16,interactivity,189.1364527904539,derived,tokens/s/user
8,35B-A3B,pr2_dflash,16,1,b200-block8-20260922/35B-A3B/pr2_dflash/vllm_dflash/c16,interactivity,226.1550587330062,derived_p90,tokens/s/user
8,35B-A3B,pr2_dflash,16,2,b200-repeats-20260922/rep2-block8/35B-A3B/pr2_dflash/vllm_dflash/c16,interactivity,216.2377881621355,derived_p90,tokens/s/user
8,35B-A3B,pr2_dflash,16,3,b200-repeats-20260922/rep3-block8/35B-A3B/pr2_dflash/vllm_dflash/c16,interactivity,218.11479790090212,derived_p90,tokens/s/user
8,35B-A3B,pr2_dflash,16,1,b200-block8-20260922/35B-A3B/pr2_dflash/vllm_dflash/c16,output_token_throughput,3981.24832602222,avg,tokens/s
8,35B-A3B,pr2_dflash,16,2,b200-repeats-20260922/rep2-block8/35B-A3B/pr2_dflash/vllm_dflash/c16,output_token_throughput,3828.626974914373,avg,tokens/s
8,35B-A3B,pr2_dflash,16,3,b200-repeats-20260922/rep3-block8/35B-A3B/pr2_dflash/vllm_dflash/c16,output_token_throughput,4012.543428631792,avg,tokens/s
8,35B-A3B,pr2_dflash,16,1,b200-block8-20260922/35B-A3B/pr2_dflash/vllm_dflash/c16,time_to_first_token,169.4346421,p99,ms
8,35B-A3B,pr2_dflash,16,2,b200-repeats-20260922/rep2-block8/35B-A3B/pr2_dflash/vllm_dflash/c16,time_to_first_token,210.85606538,p99,ms
8,35B-A3B,pr2_dflash,16,3,b200-repeats-20260922/rep3-block8/35B-A3B/pr2_dflash/vllm_dflash/c16,time_to_first_token,175.11450121,p99,ms
8,35B-A3B,pr2_dflash,32,1,b200-block8-20260922/35B-A3B/pr2_dflash/vllm_dflash/c32,acceptance_length,5.208360961131635,avg,tokens
8,35B-A3B,pr2_dflash,32,2,b200-repeats-20260922/rep2-block8/35B-A3B/pr2_dflash/vllm_dflash/c32,acceptance_length,5.197386238387655,avg,tokens
8,35B-A3B,pr2_dflash,32,3,b200-repeats-20260922/rep3-block8/35B-A3B/pr2_dflash/vllm_dflash/c32,acceptance_length,5.180976298854183,avg,tokens
8,35B-A3B,pr2_dflash,32,1,b200-block8-20260922/35B-A3B/pr2_dflash/vllm_dflash/c32,inter_chunk_latency,55.5161626,p99,ms
8,35B-A3B,pr2_dflash,32,2,b200-repeats-20260922/rep2-block8/35B-A3B/pr2_dflash/vllm_dflash/c32,inter_chunk_latency,70.90141156,p99,ms
8,35B-A3B,pr2_dflash,32,3,b200-repeats-20260922/rep3-block8/35B-A3B/pr2_dflash/vllm_dflash/c32,inter_chunk_latency,48.24216486,p99,ms
8,35B-A3B,pr2_dflash,32,1,b200-block8-20260922/35B-A3B/pr2_dflash/vllm_dflash/c32,inter_token_latency,6.594026740784313,p90,ms
8,35B-A3B,pr2_dflash,32,2,b200-repeats-20260922/rep2-block8/35B-A3B/pr2_dflash/vllm_dflash/c32,inter_token_latency,6.421746705098039,p90,ms
8,35B-A3B,pr2_dflash,32,3,b200-repeats-20260922/rep3-block8/35B-A3B/pr2_dflash/vllm_dflash/c32,inter_token_latency,5.880797609019608,p90,ms
8,35B-A3B,pr2_dflash,32,1,b200-block8-20260922/35B-A3B/pr2_dflash/vllm_dflash/c32,inter_token_latency,8.417910546078437,p99,ms
8,35B-A3B,pr2_dflash,32,2,b200-repeats-20260922/rep2-block8/35B-A3B/pr2_dflash/vllm_dflash/c32,inter_token_latency,8.066441737882354,p99,ms
8,35B-A3B,pr2_dflash,32,3,b200-repeats-20260922/rep3-block8/35B-A3B/pr2_dflash/vllm_dflash/c32,inter_token_latency,7.827905871098044,p99,ms
8,35B-A3B,pr2_dflash,32,1,b200-block8-20260922/35B-A3B/pr2_dflash/vllm_dflash/c32,interactivity,118.7943248536728,derived,tokens/s/user
8,35B-A3B,pr2_dflash,32,2,b200-repeats-20260922/rep2-block8/35B-A3B/pr2_dflash/vllm_dflash/c32,interactivity,123.9703989063368,derived,tokens/s/user
8,35B-A3B,pr2_dflash,32,3,b200-repeats-20260922/rep3-block8/35B-A3B/pr2_dflash/vllm_dflash/c32,interactivity,127.7480869682107,derived,tokens/s/user
8,35B-A3B,pr2_dflash,32,1,b200-block8-20260922/35B-A3B/pr2_dflash/vllm_dflash/c32,interactivity,151.65240289593623,derived_p90,tokens/s/user
8,35B-A3B,pr2_dflash,32,2,b200-repeats-20260922/rep2-block8/35B-A3B/pr2_dflash/vllm_dflash/c32,interactivity,155.7208725168386,derived_p90,tokens/s/user
8,35B-A3B,pr2_dflash,32,3,b200-repeats-20260922/rep3-block8/35B-A3B/pr2_dflash/vllm_dflash/c32,interactivity,170.0449609873091,derived_p90,tokens/s/user
8,35B-A3B,pr2_dflash,32,1,b200-block8-20260922/35B-A3B/pr2_dflash/vllm_dflash/c32,output_token_throughput,5489.47338506618,avg,tokens/s
8,35B-A3B,pr2_dflash,32,2,b200-repeats-20260922/rep2-block8/35B-A3B/pr2_dflash/vllm_dflash/c32,output_token_throughput,5692.81252529149,avg,tokens/s
8,35B-A3B,pr2_dflash,32,3,b200-repeats-20260922/rep3-block8/35B-A3B/pr2_dflash/vllm_dflash/c32,output_token_throughput,5979.515444545124,avg,tokens/s
8,35B-A3B,pr2_dflash,32,1,b200-block8-20260922/35B-A3B/pr2_dflash/vllm_dflash/c32,time_to_first_token,218.33510114,p99,ms
8,35B-A3B,pr2_dflash,32,2,b200-repeats-20260922/rep2-block8/35B-A3B/pr2_dflash/vllm_dflash/c32,time_to_first_token,212.9003386,p99,ms
8,35B-A3B,pr2_dflash,32,3,b200-repeats-20260922/rep3-block8/35B-A3B/pr2_dflash/vllm_dflash/c32,time_to_first_token,213.91580365,p99,ms
8,35B-A3B,sglang_baseline,1,1,b200-block8-20260922/35B-A3B/sglang_baseline/sglang_baseline/c1,inter_chunk_latency,5.772607809999577,p99,ms
8,35B-A3B,sglang_baseline,1,2,b200-repeats-20260922/rep2-block8/35B-A3B/sglang_baseline/sglang_baseline/c1,inter_chunk_latency,4.102628359999987,p99,ms
8,35B-A3B,sglang_baseline,1,3,b200-repeats-20260922/rep3-block8/35B-A3B/sglang_baseline/sglang_baseline/c1,inter_chunk_latency,4.250865399999985,p99,ms
8,35B-A3B,sglang_baseline,1,1,b200-block8-20260922/35B-A3B/sglang_baseline/sglang_baseline/c1,inter_token_latency,3.2282609360784313,p90,ms
8,35B-A3B,sglang_baseline,1,2,b200-repeats-20260922/rep2-block8/35B-A3B/sglang_baseline/sglang_baseline/c1,inter_token_latency,3.0684554015686274,p90,ms
8,35B-A3B,sglang_baseline,1,3,b200-repeats-20260922/rep3-block8/35B-A3B/sglang_baseline/sglang_baseline/c1,inter_token_latency,3.068653822745098,p90,ms
8,35B-A3B,sglang_baseline,1,1,b200-block8-20260922/35B-A3B/sglang_baseline/sglang_baseline/c1,inter_token_latency,3.251159670901961,p99,ms
8,35B-A3B,sglang_baseline,1,2,b200-repeats-20260922/rep2-block8/35B-A3B/sglang_baseline/sglang_baseline/c1,inter_token_latency,3.0784958941568625,p99,ms
8,35B-A3B,sglang_baseline,1,3,b200-repeats-20260922/rep3-block8/35B-A3B/sglang_baseline/sglang_baseline/c1,inter_token_latency,3.0745973959215687,p99,ms
8,35B-A3B,sglang_baseline,1,1,b200-block8-20260922/35B-A3B/sglang_baseline/sglang_baseline/c1,interactivity,307.5825555262785,derived,tokens/s/user
8,35B-A3B,sglang_baseline,1,2,b200-repeats-20260922/rep2-block8/35B-A3B/sglang_baseline/sglang_baseline/c1,interactivity,324.833956055634,derived,tokens/s/user
8,35B-A3B,sglang_baseline,1,3,b200-repeats-20260922/rep3-block8/35B-A3B/sglang_baseline/sglang_baseline/c1,interactivity,325.24583586992327,derived,tokens/s/user
8,35B-A3B,sglang_baseline,1,1,b200-block8-20260922/35B-A3B/sglang_baseline/sglang_baseline/c1,interactivity,309.76430338210577,derived_p90,tokens/s/user
8,35B-A3B,sglang_baseline,1,2,b200-repeats-20260922/rep2-block8/35B-A3B/sglang_baseline/sglang_baseline/c1,interactivity,325.8968663806517,derived_p90,tokens/s/user
8,35B-A3B,sglang_baseline,1,3,b200-repeats-20260922/rep3-block8/35B-A3B/sglang_baseline/sglang_baseline/c1,interactivity,325.8757936747127,derived_p90,tokens/s/user
8,35B-A3B,sglang_baseline,1,1,b200-block8-20260922/35B-A3B/sglang_baseline/sglang_baseline/c1,output_token_throughput,300.0432848935912,avg,tokens/s
8,35B-A3B,sglang_baseline,1,2,b200-repeats-20260922/rep2-block8/35B-A3B/sglang_baseline/sglang_baseline/c1,output_token_throughput,314.5873121497623,avg,tokens/s
8,35B-A3B,sglang_baseline,1,3,b200-repeats-20260922/rep3-block8/35B-A3B/sglang_baseline/sglang_baseline/c1,output_token_throughput,314.8745223501416,avg,tokens/s
8,35B-A3B,sglang_baseline,1,1,b200-block8-20260922/35B-A3B/sglang_baseline/sglang_baseline/c1,time_to_first_token,37.69964224000003,p99,ms
8,35B-A3B,sglang_baseline,1,2,b200-repeats-20260922/rep2-block8/35B-A3B/sglang_baseline/sglang_baseline/c1,time_to_first_token,35.893218270000055,p99,ms
8,35B-A3B,sglang_baseline,1,3,b200-repeats-20260922/rep3-block8/35B-A3B/sglang_baseline/sglang_baseline/c1,time_to_first_token,37.26707708000001,p99,ms
8,35B-A3B,sglang_baseline,2,1,b200-block8-20260922/35B-A3B/sglang_baseline/sglang_baseline/c2,inter_chunk_latency,6.561505910000002,p99,ms
8,35B-A3B,sglang_baseline,2,2,b200-repeats-20260922/rep2-block8/35B-A3B/sglang_baseline/sglang_baseline/c2,inter_chunk_latency,4.517884420000002,p99,ms
8,35B-A3B,sglang_baseline,2,3,b200-repeats-20260922/rep3-block8/35B-A3B/sglang_baseline/sglang_baseline/c2,inter_chunk_latency,4.831422300000016,p99,ms
8,35B-A3B,sglang_baseline,2,1,b200-block8-20260922/35B-A3B/sglang_baseline/sglang_baseline/c2,inter_token_latency,3.475828848627451,p90,ms
8,35B-A3B,sglang_baseline,2,2,b200-repeats-20260922/rep2-block8/35B-A3B/sglang_baseline/sglang_baseline/c2,inter_token_latency,3.33220170745098,p90,ms
8,35B-A3B,sglang_baseline,2,3,b200-repeats-20260922/rep3-block8/35B-A3B/sglang_baseline/sglang_baseline/c2,inter_token_latency,3.4255443196078432,p90,ms
8,35B-A3B,sglang_baseline,2,1,b200-block8-20260922/35B-A3B/sglang_baseline/sglang_baseline/c2,inter_token_latency,3.4818146645490198,p99,ms
8,35B-A3B,sglang_baseline,2,2,b200-repeats-20260922/rep2-block8/35B-A3B/sglang_baseline/sglang_baseline/c2,inter_token_latency,3.335387763215686,p99,ms
8,35B-A3B,sglang_baseline,2,3,b200-repeats-20260922/rep3-block8/35B-A3B/sglang_baseline/sglang_baseline/c2,inter_token_latency,3.623455008392157,p99,ms
8,35B-A3B,sglang_baseline,2,1,b200-block8-20260922/35B-A3B/sglang_baseline/sglang_baseline/c2,interactivity,287.2065564493579,derived,tokens/s/user
8,35B-A3B,sglang_baseline,2,2,b200-repeats-20260922/rep2-block8/35B-A3B/sglang_baseline/sglang_baseline/c2,interactivity,299.81521519881346,derived,tokens/s/user
8,35B-A3B,sglang_baseline,2,3,b200-repeats-20260922/rep3-block8/35B-A3B/sglang_baseline/sglang_baseline/c2,interactivity,275.9796927749717,derived,tokens/s/user
8,35B-A3B,sglang_baseline,2,1,b200-block8-20260922/35B-A3B/sglang_baseline/sglang_baseline/c2,interactivity,287.70116238458746,derived_p90,tokens/s/user
8,35B-A3B,sglang_baseline,2,2,b200-repeats-20260922/rep2-block8/35B-A3B/sglang_baseline/sglang_baseline/c2,interactivity,300.1018809167365,derived_p90,tokens/s/user
8,35B-A3B,sglang_baseline,2,3,b200-repeats-20260922/rep3-block8/35B-A3B/sglang_baseline/sglang_baseline/c2,interactivity,291.92440870666655,derived_p90,tokens/s/user
8,35B-A3B,sglang_baseline,2,1,b200-block8-20260922/35B-A3B/sglang_baseline/sglang_baseline/c2,output_token_throughput,546.3458506217853,avg,tokens/s
8,35B-A3B,sglang_baseline,2,2,b200-repeats-20260922/rep2-block8/35B-A3B/sglang_baseline/sglang_baseline/c2,output_token_throughput,569.7147746142247,avg,tokens/s
8,35B-A3B,sglang_baseline,2,3,b200-repeats-20260922/rep3-block8/35B-A3B/sglang_baseline/sglang_baseline/c2,output_token_throughput,564.8807757129399,avg,tokens/s
8,35B-A3B,sglang_baseline,2,1,b200-block8-20260922/35B-A3B/sglang_baseline/sglang_baseline/c2,time_to_first_token,67.44929529000001,p99,ms
8,35B-A3B,sglang_baseline,2,2,b200-repeats-20260922/rep2-block8/35B-A3B/sglang_baseline/sglang_baseline/c2,time_to_first_token,56.50613905,p99,ms
8,35B-A3B,sglang_baseline,2,3,b200-repeats-20260922/rep3-block8/35B-A3B/sglang_baseline/sglang_baseline/c2,time_to_first_token,64.1495081,p99,ms
8,35B-A3B,sglang_baseline,4,1,b200-block8-20260922/35B-A3B/sglang_baseline/sglang_baseline/c4,inter_chunk_latency,7.168498979999964,p99,ms
8,35B-A3B,sglang_baseline,4,2,b200-repeats-20260922/rep2-block8/35B-A3B/sglang_baseline/sglang_baseline/c4,inter_chunk_latency,7.125754359999991,p99,ms
8,35B-A3B,sglang_baseline,4,3,b200-repeats-20260922/rep3-block8/35B-A3B/sglang_baseline/sglang_baseline/c4,inter_chunk_latency,6.812741199999992,p99,ms
8,35B-A3B,sglang_baseline,4,1,b200-block8-20260922/35B-A3B/sglang_baseline/sglang_baseline/c4,inter_token_latency,3.8426774258823526,p90,ms
8,35B-A3B,sglang_baseline,4,2,b200-repeats-20260922/rep2-block8/35B-A3B/sglang_baseline/sglang_baseline/c4,inter_token_latency,3.6947804200000003,p90,ms
8,35B-A3B,sglang_baseline,4,3,b200-repeats-20260922/rep3-block8/35B-A3B/sglang_baseline/sglang_baseline/c4,inter_token_latency,3.691019245490196,p90,ms
8,35B-A3B,sglang_baseline,4,1,b200-block8-20260922/35B-A3B/sglang_baseline/sglang_baseline/c4,inter_token_latency,3.849682131333333,p99,ms
8,35B-A3B,sglang_baseline,4,2,b200-repeats-20260922/rep2-block8/35B-A3B/sglang_baseline/sglang_baseline/c4,inter_token_latency,3.7015506849019606,p99,ms
8,35B-A3B,sglang_baseline,4,3,b200-repeats-20260922/rep3-block8/35B-A3B/sglang_baseline/sglang_baseline/c4,inter_token_latency,3.6987704999215687,p99,ms
8,35B-A3B,sglang_baseline,4,1,b200-block8-20260922/35B-A3B/sglang_baseline/sglang_baseline/c4,interactivity,259.7617065213774,derived,tokens/s/user
8,35B-A3B,sglang_baseline,4,2,b200-repeats-20260922/rep2-block8/35B-A3B/sglang_baseline/sglang_baseline/c4,interactivity,270.1570463640662,derived,tokens/s/user
8,35B-A3B,sglang_baseline,4,3,b200-repeats-20260922/rep3-block8/35B-A3B/sglang_baseline/sglang_baseline/c4,interactivity,270.360110209921,derived,tokens/s/user
8,35B-A3B,sglang_baseline,4,1,b200-block8-20260922/35B-A3B/sglang_baseline/sglang_baseline/c4,interactivity,260.23521861723293,derived_p90,tokens/s/user
8,35B-A3B,sglang_baseline,4,2,b200-repeats-20260922/rep2-block8/35B-A3B/sglang_baseline/sglang_baseline/c4,interactivity,270.65207842581344,derived_p90,tokens/s/user
8,35B-A3B,sglang_baseline,4,3,b200-repeats-20260922/rep3-block8/35B-A3B/sglang_baseline/sglang_baseline/c4,interactivity,270.92787479280463,derived_p90,tokens/s/user
8,35B-A3B,sglang_baseline,4,1,b200-block8-20260922/35B-A3B/sglang_baseline/sglang_baseline/c4,output_token_throughput,998.0012243564204,avg,tokens/s
8,35B-A3B,sglang_baseline,4,2,b200-repeats-20260922/rep2-block8/35B-A3B/sglang_baseline/sglang_baseline/c4,output_token_throughput,1036.7675128750805,avg,tokens/s
8,35B-A3B,sglang_baseline,4,3,b200-repeats-20260922/rep3-block8/35B-A3B/sglang_baseline/sglang_baseline/c4,output_token_throughput,1035.6869630933136,avg,tokens/s
8,35B-A3B,sglang_baseline,4,1,b200-block8-20260922/35B-A3B/sglang_baseline/sglang_baseline/c4,time_to_first_token,61.57944763,p99,ms
8,35B-A3B,sglang_baseline,4,2,b200-repeats-20260922/rep2-block8/35B-A3B/sglang_baseline/sglang_baseline/c4,time_to_first_token,56.29330768999999,p99,ms
8,35B-A3B,sglang_baseline,4,3,b200-repeats-20260922/rep3-block8/35B-A3B/sglang_baseline/sglang_baseline/c4,time_to_first_token,59.11922975,p99,ms
8,35B-A3B,sglang_baseline,8,1,b200-block8-20260922/35B-A3B/sglang_baseline/sglang_baseline/c8,inter_chunk_latency,8.548384230000009,p99,ms
8,35B-A3B,sglang_baseline,8,2,b200-repeats-20260922/rep2-block8/35B-A3B/sglang_baseline/sglang_baseline/c8,inter_chunk_latency,7.662480300000001,p99,ms
8,35B-A3B,sglang_baseline,8,3,b200-repeats-20260922/rep3-block8/35B-A3B/sglang_baseline/sglang_baseline/c8,inter_chunk_latency,7.998977540000002,p99,ms
8,35B-A3B,sglang_baseline,8,1,b200-block8-20260922/35B-A3B/sglang_baseline/sglang_baseline/c8,inter_token_latency,4.787229399999999,p90,ms
8,35B-A3B,sglang_baseline,8,2,b200-repeats-20260922/rep2-block8/35B-A3B/sglang_baseline/sglang_baseline/c8,inter_token_latency,4.722571339607843,p90,ms
8,35B-A3B,sglang_baseline,8,3,b200-repeats-20260922/rep3-block8/35B-A3B/sglang_baseline/sglang_baseline/c8,inter_token_latency,4.753021214509803,p90,ms
8,35B-A3B,sglang_baseline,8,1,b200-block8-20260922/35B-A3B/sglang_baseline/sglang_baseline/c8,inter_token_latency,4.85637231862745,p99,ms
8,35B-A3B,sglang_baseline,8,2,b200-repeats-20260922/rep2-block8/35B-A3B/sglang_baseline/sglang_baseline/c8,inter_token_latency,4.731901472745098,p99,ms
8,35B-A3B,sglang_baseline,8,3,b200-repeats-20260922/rep3-block8/35B-A3B/sglang_baseline/sglang_baseline/c8,inter_token_latency,5.099629550392157,p99,ms
8,35B-A3B,sglang_baseline,8,1,b200-block8-20260922/35B-A3B/sglang_baseline/sglang_baseline/c8,interactivity,205.9150193580357,derived,tokens/s/user
8,35B-A3B,sglang_baseline,8,2,b200-repeats-20260922/rep2-block8/35B-A3B/sglang_baseline/sglang_baseline/c8,interactivity,211.33153463989484,derived,tokens/s/user
8,35B-A3B,sglang_baseline,8,3,b200-repeats-20260922/rep3-block8/35B-A3B/sglang_baseline/sglang_baseline/c8,interactivity,196.0926749910885,derived,tokens/s/user
8,35B-A3B,sglang_baseline,8,1,b200-block8-20260922/35B-A3B/sglang_baseline/sglang_baseline/c8,interactivity,208.88909146488785,derived_p90,tokens/s/user
8,35B-A3B,sglang_baseline,8,2,b200-repeats-20260922/rep2-block8/35B-A3B/sglang_baseline/sglang_baseline/c8,interactivity,211.74905111820692,derived_p90,tokens/s/user
8,35B-A3B,sglang_baseline,8,3,b200-repeats-20260922/rep3-block8/35B-A3B/sglang_baseline/sglang_baseline/c8,interactivity,210.39249666028132,derived_p90,tokens/s/user
8,35B-A3B,sglang_baseline,8,1,b200-block8-20260922/35B-A3B/sglang_baseline/sglang_baseline/c8,output_token_throughput,1616.6167094166103,avg,tokens/s
8,35B-A3B,sglang_baseline,8,2,b200-repeats-20260922/rep2-block8/35B-A3B/sglang_baseline/sglang_baseline/c8,output_token_throughput,1635.829023207844,avg,tokens/s
8,35B-A3B,sglang_baseline,8,3,b200-repeats-20260922/rep3-block8/35B-A3B/sglang_baseline/sglang_baseline/c8,output_token_throughput,1625.5537439700968,avg,tokens/s
8,35B-A3B,sglang_baseline,8,1,b200-block8-20260922/35B-A3B/sglang_baseline/sglang_baseline/c8,time_to_first_token,66.61484515999999,p99,ms
8,35B-A3B,sglang_baseline,8,2,b200-repeats-20260922/rep2-block8/35B-A3B/sglang_baseline/sglang_baseline/c8,time_to_first_token,74.85168372,p99,ms
8,35B-A3B,sglang_baseline,8,3,b200-repeats-20260922/rep3-block8/35B-A3B/sglang_baseline/sglang_baseline/c8,time_to_first_token,100.90539864,p99,ms
8,35B-A3B,sglang_baseline,16,1,b200-block8-20260922/35B-A3B/sglang_baseline/sglang_baseline/c16,inter_chunk_latency,9.75193602,p99,ms
8,35B-A3B,sglang_baseline,16,2,b200-repeats-20260922/rep2-block8/35B-A3B/sglang_baseline/sglang_baseline/c16,inter_chunk_latency,9.54514469,p99,ms
8,35B-A3B,sglang_baseline,16,3,b200-repeats-20260922/rep3-block8/35B-A3B/sglang_baseline/sglang_baseline/c16,inter_chunk_latency,9.407642389999992,p99,ms
8,35B-A3B,sglang_baseline,16,1,b200-block8-20260922/35B-A3B/sglang_baseline/sglang_baseline/c16,inter_token_latency,5.708343716470589,p90,ms
8,35B-A3B,sglang_baseline,16,2,b200-repeats-20260922/rep2-block8/35B-A3B/sglang_baseline/sglang_baseline/c16,inter_token_latency,5.8985131082352975,p90,ms
8,35B-A3B,sglang_baseline,16,3,b200-repeats-20260922/rep3-block8/35B-A3B/sglang_baseline/sglang_baseline/c16,inter_token_latency,5.699674583921568,p90,ms
8,35B-A3B,sglang_baseline,16,1,b200-block8-20260922/35B-A3B/sglang_baseline/sglang_baseline/c16,inter_token_latency,5.716827666509804,p99,ms
8,35B-A3B,sglang_baseline,16,2,b200-repeats-20260922/rep2-block8/35B-A3B/sglang_baseline/sglang_baseline/c16,inter_token_latency,6.187152902470587,p99,ms
8,35B-A3B,sglang_baseline,16,3,b200-repeats-20260922/rep3-block8/35B-A3B/sglang_baseline/sglang_baseline/c16,inter_token_latency,5.70649515709804,p99,ms
8,35B-A3B,sglang_baseline,16,1,b200-block8-20260922/35B-A3B/sglang_baseline/sglang_baseline/c16,interactivity,174.92218732745405,derived,tokens/s/user
8,35B-A3B,sglang_baseline,16,2,b200-repeats-20260922/rep2-block8/35B-A3B/sglang_baseline/sglang_baseline/c16,interactivity,161.62522823715747,derived,tokens/s/user
8,35B-A3B,sglang_baseline,16,3,b200-repeats-20260922/rep3-block8/35B-A3B/sglang_baseline/sglang_baseline/c16,interactivity,175.23891153331607,derived,tokens/s/user
8,35B-A3B,sglang_baseline,16,1,b200-block8-20260922/35B-A3B/sglang_baseline/sglang_baseline/c16,interactivity,175.18216310532364,derived_p90,tokens/s/user
8,35B-A3B,sglang_baseline,16,2,b200-repeats-20260922/rep2-block8/35B-A3B/sglang_baseline/sglang_baseline/c16,interactivity,169.53425069172687,derived_p90,tokens/s/user
8,35B-A3B,sglang_baseline,16,3,b200-repeats-20260922/rep3-block8/35B-A3B/sglang_baseline/sglang_baseline/c16,interactivity,175.4486129472968,derived_p90,tokens/s/user
8,35B-A3B,sglang_baseline,16,1,b200-block8-20260922/35B-A3B/sglang_baseline/sglang_baseline/c16,output_token_throughput,2723.7064625254297,avg,tokens/s
8,35B-A3B,sglang_baseline,16,2,b200-repeats-20260922/rep2-block8/35B-A3B/sglang_baseline/sglang_baseline/c16,output_token_throughput,2696.981017487061,avg,tokens/s
8,35B-A3B,sglang_baseline,16,3,b200-repeats-20260922/rep3-block8/35B-A3B/sglang_baseline/sglang_baseline/c16,output_token_throughput,2736.278783207116,avg,tokens/s
8,35B-A3B,sglang_baseline,16,1,b200-block8-20260922/35B-A3B/sglang_baseline/sglang_baseline/c16,time_to_first_token,80.95150127,p99,ms
8,35B-A3B,sglang_baseline,16,2,b200-repeats-20260922/rep2-block8/35B-A3B/sglang_baseline/sglang_baseline/c16,time_to_first_token,69.42729142,p99,ms
8,35B-A3B,sglang_baseline,16,3,b200-repeats-20260922/rep3-block8/35B-A3B/sglang_baseline/sglang_baseline/c16,time_to_first_token,61.32386023,p99,ms
8,35B-A3B,sglang_baseline,32,1,b200-block8-20260922/35B-A3B/sglang_baseline/sglang_baseline/c32,inter_chunk_latency,12.330302510000005,p99,ms
8,35B-A3B,sglang_baseline,32,2,b200-repeats-20260922/rep2-block8/35B-A3B/sglang_baseline/sglang_baseline/c32,inter_chunk_latency,11.94498966000002,p99,ms
8,35B-A3B,sglang_baseline,32,3,b200-repeats-20260922/rep3-block8/35B-A3B/sglang_baseline/sglang_baseline/c32,inter_chunk_latency,12.692213600000075,p99,ms
8,35B-A3B,sglang_baseline,32,1,b200-block8-20260922/35B-A3B/sglang_baseline/sglang_baseline/c32,inter_token_latency,7.325114080784314,p90,ms
8,35B-A3B,sglang_baseline,32,2,b200-repeats-20260922/rep2-block8/35B-A3B/sglang_baseline/sglang_baseline/c32,inter_token_latency,7.285920347058824,p90,ms
8,35B-A3B,sglang_baseline,32,3,b200-repeats-20260922/rep3-block8/35B-A3B/sglang_baseline/sglang_baseline/c32,inter_token_latency,7.280177116470588,p90,ms
8,35B-A3B,sglang_baseline,32,1,b200-block8-20260922/35B-A3B/sglang_baseline/sglang_baseline/c32,inter_token_latency,7.351831809764707,p99,ms
8,35B-A3B,sglang_baseline,32,2,b200-repeats-20260922/rep2-block8/35B-A3B/sglang_baseline/sglang_baseline/c32,inter_token_latency,7.333032270156861,p99,ms
8,35B-A3B,sglang_baseline,32,3,b200-repeats-20260922/rep3-block8/35B-A3B/sglang_baseline/sglang_baseline/c32,inter_token_latency,7.344593548470588,p99,ms
8,35B-A3B,sglang_baseline,32,1,b200-block8-20260922/35B-A3B/sglang_baseline/sglang_baseline/c32,interactivity,136.02052194281697,derived,tokens/s/user
8,35B-A3B,sglang_baseline,32,2,b200-repeats-20260922/rep2-block8/35B-A3B/sglang_baseline/sglang_baseline/c32,interactivity,136.36923487568518,derived,tokens/s/user
8,35B-A3B,sglang_baseline,32,3,b200-repeats-20260922/rep3-block8/35B-A3B/sglang_baseline/sglang_baseline/c32,interactivity,136.1545732109623,derived,tokens/s/user
8,35B-A3B,sglang_baseline,32,1,b200-block8-20260922/35B-A3B/sglang_baseline/sglang_baseline/c32,interactivity,136.5166451978217,derived_p90,tokens/s/user
8,35B-A3B,sglang_baseline,32,2,b200-repeats-20260922/rep2-block8/35B-A3B/sglang_baseline/sglang_baseline/c32,interactivity,137.25102009983945,derived_p90,tokens/s/user
8,35B-A3B,sglang_baseline,32,3,b200-repeats-20260922/rep3-block8/35B-A3B/sglang_baseline/sglang_baseline/c32,interactivity,137.35929552285364,derived_p90,tokens/s/user
8,35B-A3B,sglang_baseline,32,1,b200-block8-20260922/35B-A3B/sglang_baseline/sglang_baseline/c32,output_token_throughput,4152.306152653149,avg,tokens/s
8,35B-A3B,sglang_baseline,32,2,b200-repeats-20260922/rep2-block8/35B-A3B/sglang_baseline/sglang_baseline/c32,output_token_throughput,4149.89345850613,avg,tokens/s
8,35B-A3B,sglang_baseline,32,3,b200-repeats-20260922/rep3-block8/35B-A3B/sglang_baseline/sglang_baseline/c32,output_token_throughput,4166.859033890812,avg,tokens/s
8,35B-A3B,sglang_baseline,32,1,b200-block8-20260922/35B-A3B/sglang_baseline/sglang_baseline/c32,time_to_first_token,95.72924487,p99,ms
8,35B-A3B,sglang_baseline,32,2,b200-repeats-20260922/rep2-block8/35B-A3B/sglang_baseline/sglang_baseline/c32,time_to_first_token,85.49480112,p99,ms
8,35B-A3B,sglang_baseline,32,3,b200-repeats-20260922/rep3-block8/35B-A3B/sglang_baseline/sglang_baseline/c32,time_to_first_token,120.33361795,p99,ms
8,35B-A3B,sglang_dflash,1,1,b200-block8-20260922/35B-A3B/sglang_dflash/sglang_dflash/c1,acceptance_length,5.1055,avg,tokens
8,35B-A3B,sglang_dflash,1,2,b200-repeats-20260922/rep2-block8/35B-A3B/sglang_dflash/sglang_dflash/c1,acceptance_length,5.244852941176468,avg,tokens
8,35B-A3B,sglang_dflash,1,3,b200-repeats-20260922/rep3-block8/35B-A3B/sglang_dflash/sglang_dflash/c1,acceptance_length,5.205445544554456,avg,tokens
8,35B-A3B,sglang_dflash,1,1,b200-block8-20260922/35B-A3B/sglang_dflash/sglang_dflash/c1,inter_chunk_latency,8.849662849999998,p99,ms
8,35B-A3B,sglang_dflash,1,2,b200-repeats-20260922/rep2-block8/35B-A3B/sglang_dflash/sglang_dflash/c1,inter_chunk_latency,11.18149215,p99,ms
8,35B-A3B,sglang_dflash,1,3,b200-repeats-20260922/rep3-block8/35B-A3B/sglang_dflash/sglang_dflash/c1,inter_chunk_latency,10.90407658000004,p99,ms
8,35B-A3B,sglang_dflash,1,1,b200-block8-20260922/35B-A3B/sglang_dflash/sglang_dflash/c1,inter_token_latency,1.3589823215686276,p90,ms
8,35B-A3B,sglang_dflash,1,2,b200-repeats-20260922/rep2-block8/35B-A3B/sglang_dflash/sglang_dflash/c1,inter_token_latency,1.3534336741176471,p90,ms
8,35B-A3B,sglang_dflash,1,3,b200-repeats-20260922/rep3-block8/35B-A3B/sglang_dflash/sglang_dflash/c1,inter_token_latency,1.436403068627451,p90,ms
8,35B-A3B,sglang_dflash,1,1,b200-block8-20260922/35B-A3B/sglang_dflash/sglang_dflash/c1,inter_token_latency,1.619923217803922,p99,ms
8,35B-A3B,sglang_dflash,1,2,b200-repeats-20260922/rep2-block8/35B-A3B/sglang_dflash/sglang_dflash/c1,inter_token_latency,1.5103755967058838,p99,ms
8,35B-A3B,sglang_dflash,1,3,b200-repeats-20260922/rep3-block8/35B-A3B/sglang_dflash/sglang_dflash/c1,inter_token_latency,1.6660319267058823,p99,ms
8,35B-A3B,sglang_dflash,1,1,b200-block8-20260922/35B-A3B/sglang_dflash/sglang_dflash/c1,interactivity,617.3132090517648,derived,tokens/s/user
8,35B-A3B,sglang_dflash,1,2,b200-repeats-20260922/rep2-block8/35B-A3B/sglang_dflash/sglang_dflash/c1,interactivity,662.0869684209619,derived,tokens/s/user
8,35B-A3B,sglang_dflash,1,3,b200-repeats-20260922/rep3-block8/35B-A3B/sglang_dflash/sglang_dflash/c1,interactivity,600.2285934443187,derived,tokens/s/user
8,35B-A3B,sglang_dflash,1,1,b200-block8-20260922/35B-A3B/sglang_dflash/sglang_dflash/c1,interactivity,735.8447450925878,derived_p90,tokens/s/user
8,35B-A3B,sglang_dflash,1,2,b200-repeats-20260922/rep2-block8/35B-A3B/sglang_dflash/sglang_dflash/c1,interactivity,738.8614744286871,derived_p90,tokens/s/user
8,35B-A3B,sglang_dflash,1,3,b200-repeats-20260922/rep3-block8/35B-A3B/sglang_dflash/sglang_dflash/c1,interactivity,696.1834194322252,derived_p90,tokens/s/user
8,35B-A3B,sglang_dflash,1,1,b200-block8-20260922/35B-A3B/sglang_dflash/sglang_dflash/c1,output_token_throughput,794.9592627839646,avg,tokens/s
8,35B-A3B,sglang_dflash,1,2,b200-repeats-20260922/rep2-block8/35B-A3B/sglang_dflash/sglang_dflash/c1,output_token_throughput,776.5823880211929,avg,tokens/s
8,35B-A3B,sglang_dflash,1,3,b200-repeats-20260922/rep3-block8/35B-A3B/sglang_dflash/sglang_dflash/c1,output_token_throughput,778.244124291662,avg,tokens/s
8,35B-A3B,sglang_dflash,1,1,b200-block8-20260922/35B-A3B/sglang_dflash/sglang_dflash/c1,time_to_first_token,37.15357497000004,p99,ms
8,35B-A3B,sglang_dflash,1,2,b200-repeats-20260922/rep2-block8/35B-A3B/sglang_dflash/sglang_dflash/c1,time_to_first_token,51.05325,p99,ms
8,35B-A3B,sglang_dflash,1,3,b200-repeats-20260922/rep3-block8/35B-A3B/sglang_dflash/sglang_dflash/c1,time_to_first_token,42.37033855,p99,ms
8,35B-A3B,sglang_dflash,2,1,b200-block8-20260922/35B-A3B/sglang_dflash/sglang_dflash/c2,acceptance_length,5.358017020943549,avg,tokens
8,35B-A3B,sglang_dflash,2,2,b200-repeats-20260922/rep2-block8/35B-A3B/sglang_dflash/sglang_dflash/c2,acceptance_length,5.223038080598218,avg,tokens
8,35B-A3B,sglang_dflash,2,3,b200-repeats-20260922/rep3-block8/35B-A3B/sglang_dflash/sglang_dflash/c2,acceptance_length,5.17688907222646,avg,tokens
8,35B-A3B,sglang_dflash,2,1,b200-block8-20260922/35B-A3B/sglang_dflash/sglang_dflash/c2,inter_chunk_latency,28.16471765,p99,ms
8,35B-A3B,sglang_dflash,2,2,b200-repeats-20260922/rep2-block8/35B-A3B/sglang_dflash/sglang_dflash/c2,inter_chunk_latency,28.2746232,p99,ms
8,35B-A3B,sglang_dflash,2,3,b200-repeats-20260922/rep3-block8/35B-A3B/sglang_dflash/sglang_dflash/c2,inter_chunk_latency,28.70402392,p99,ms
8,35B-A3B,sglang_dflash,2,1,b200-block8-20260922/35B-A3B/sglang_dflash/sglang_dflash/c2,inter_token_latency,1.661454489019608,p90,ms
8,35B-A3B,sglang_dflash,2,2,b200-repeats-20260922/rep2-block8/35B-A3B/sglang_dflash/sglang_dflash/c2,inter_token_latency,1.6655610270588235,p90,ms
8,35B-A3B,sglang_dflash,2,3,b200-repeats-20260922/rep3-block8/35B-A3B/sglang_dflash/sglang_dflash/c2,inter_token_latency,1.7209738890196078,p90,ms
8,35B-A3B,sglang_dflash,2,1,b200-block8-20260922/35B-A3B/sglang_dflash/sglang_dflash/c2,inter_token_latency,1.816830902745098,p99,ms
8,35B-A3B,sglang_dflash,2,2,b200-repeats-20260922/rep2-block8/35B-A3B/sglang_dflash/sglang_dflash/c2,inter_token_latency,2.0904807186274508,p99,ms
8,35B-A3B,sglang_dflash,2,3,b200-repeats-20260922/rep3-block8/35B-A3B/sglang_dflash/sglang_dflash/c2,inter_token_latency,1.8689189497647056,p99,ms
8,35B-A3B,sglang_dflash,2,1,b200-block8-20260922/35B-A3B/sglang_dflash/sglang_dflash/c2,interactivity,550.4089557751762,derived,tokens/s/user
8,35B-A3B,sglang_dflash,2,2,b200-repeats-20260922/rep2-block8/35B-A3B/sglang_dflash/sglang_dflash/c2,interactivity,478.3588727173581,derived,tokens/s/user
8,35B-A3B,sglang_dflash,2,3,b200-repeats-20260922/rep3-block8/35B-A3B/sglang_dflash/sglang_dflash/c2,interactivity,535.0686824198013,derived,tokens/s/user
8,35B-A3B,sglang_dflash,2,1,b200-block8-20260922/35B-A3B/sglang_dflash/sglang_dflash/c2,interactivity,601.8822703895312,derived_p90,tokens/s/user
8,35B-A3B,sglang_dflash,2,2,b200-repeats-20260922/rep2-block8/35B-A3B/sglang_dflash/sglang_dflash/c2,interactivity,600.3982944809158,derived_p90,tokens/s/user
8,35B-A3B,sglang_dflash,2,3,b200-repeats-20260922/rep3-block8/35B-A3B/sglang_dflash/sglang_dflash/c2,interactivity,581.066340622793,derived_p90,tokens/s/user
8,35B-A3B,sglang_dflash,2,1,b200-block8-20260922/35B-A3B/sglang_dflash/sglang_dflash/c2,output_token_throughput,1272.138712601894,avg,tokens/s
8,35B-A3B,sglang_dflash,2,2,b200-repeats-20260922/rep2-block8/35B-A3B/sglang_dflash/sglang_dflash/c2,output_token_throughput,1249.715497964889,avg,tokens/s
8,35B-A3B,sglang_dflash,2,3,b200-repeats-20260922/rep3-block8/35B-A3B/sglang_dflash/sglang_dflash/c2,output_token_throughput,1248.9921458218118,avg,tokens/s
8,35B-A3B,sglang_dflash,2,1,b200-block8-20260922/35B-A3B/sglang_dflash/sglang_dflash/c2,time_to_first_token,66.33321948999999,p99,ms
8,35B-A3B,sglang_dflash,2,2,b200-repeats-20260922/rep2-block8/35B-A3B/sglang_dflash/sglang_dflash/c2,time_to_first_token,72.20399257999999,p99,ms
8,35B-A3B,sglang_dflash,2,3,b200-repeats-20260922/rep3-block8/35B-A3B/sglang_dflash/sglang_dflash/c2,time_to_first_token,67.06197107999999,p99,ms
8,35B-A3B,sglang_dflash,4,1,b200-block8-20260922/35B-A3B/sglang_dflash/sglang_dflash/c4,acceptance_length,5.211248007919707,avg,tokens
8,35B-A3B,sglang_dflash,4,2,b200-repeats-20260922/rep2-block8/35B-A3B/sglang_dflash/sglang_dflash/c4,acceptance_length,5.209960177418183,avg,tokens
8,35B-A3B,sglang_dflash,4,3,b200-repeats-20260922/rep3-block8/35B-A3B/sglang_dflash/sglang_dflash/c4,acceptance_length,5.119406717507632,avg,tokens
8,35B-A3B,sglang_dflash,4,1,b200-block8-20260922/35B-A3B/sglang_dflash/sglang_dflash/c4,inter_chunk_latency,30.52693747,p99,ms
8,35B-A3B,sglang_dflash,4,2,b200-repeats-20260922/rep2-block8/35B-A3B/sglang_dflash/sglang_dflash/c4,inter_chunk_latency,35.53673185,p99,ms
8,35B-A3B,sglang_dflash,4,3,b200-repeats-20260922/rep3-block8/35B-A3B/sglang_dflash/sglang_dflash/c4,inter_chunk_latency,31.59987758,p99,ms
8,35B-A3B,sglang_dflash,4,1,b200-block8-20260922/35B-A3B/sglang_dflash/sglang_dflash/c4,inter_token_latency,2.2682555627450984,p90,ms
8,35B-A3B,sglang_dflash,4,2,b200-repeats-20260922/rep2-block8/35B-A3B/sglang_dflash/sglang_dflash/c4,inter_token_latency,2.2020804101960785,p90,ms
8,35B-A3B,sglang_dflash,4,3,b200-repeats-20260922/rep3-block8/35B-A3B/sglang_dflash/sglang_dflash/c4,inter_token_latency,2.266470043137255,p90,ms
8,35B-A3B,sglang_dflash,4,1,b200-block8-20260922/35B-A3B/sglang_dflash/sglang_dflash/c4,inter_token_latency,2.799686343098038,p99,ms
8,35B-A3B,sglang_dflash,4,2,b200-repeats-20260922/rep2-block8/35B-A3B/sglang_dflash/sglang_dflash/c4,inter_token_latency,2.548239745686272,p99,ms
8,35B-A3B,sglang_dflash,4,3,b200-repeats-20260922/rep3-block8/35B-A3B/sglang_dflash/sglang_dflash/c4,inter_token_latency,3.1454574225490184,p99,ms
8,35B-A3B,sglang_dflash,4,1,b200-block8-20260922/35B-A3B/sglang_dflash/sglang_dflash/c4,interactivity,357.1828688828885,derived,tokens/s/user
8,35B-A3B,sglang_dflash,4,2,b200-repeats-20260922/rep2-block8/35B-A3B/sglang_dflash/sglang_dflash/c4,interactivity,392.4277539791248,derived,tokens/s/user
8,35B-A3B,sglang_dflash,4,3,b200-repeats-20260922/rep3-block8/35B-A3B/sglang_dflash/sglang_dflash/c4,interactivity,317.9187843495332,derived,tokens/s/user
8,35B-A3B,sglang_dflash,4,1,b200-block8-20260922/35B-A3B/sglang_dflash/sglang_dflash/c4,interactivity,440.8674297660602,derived_p90,tokens/s/user
8,35B-A3B,sglang_dflash,4,2,b200-repeats-20260922/rep2-block8/35B-A3B/sglang_dflash/sglang_dflash/c4,interactivity,454.1160238153872,derived_p90,tokens/s/user
8,35B-A3B,sglang_dflash,4,3,b200-repeats-20260922/rep3-block8/35B-A3B/sglang_dflash/sglang_dflash/c4,interactivity,441.2147440589141,derived_p90,tokens/s/user
8,35B-A3B,sglang_dflash,4,1,b200-block8-20260922/35B-A3B/sglang_dflash/sglang_dflash/c4,output_token_throughput,1901.1182581444784,avg,tokens/s
8,35B-A3B,sglang_dflash,4,2,b200-repeats-20260922/rep2-block8/35B-A3B/sglang_dflash/sglang_dflash/c4,output_token_throughput,1855.183050154267,avg,tokens/s
8,35B-A3B,sglang_dflash,4,3,b200-repeats-20260922/rep3-block8/35B-A3B/sglang_dflash/sglang_dflash/c4,output_token_throughput,1875.4047395054768,avg,tokens/s
8,35B-A3B,sglang_dflash,4,1,b200-block8-20260922/35B-A3B/sglang_dflash/sglang_dflash/c4,time_to_first_token,67.06646602,p99,ms
8,35B-A3B,sglang_dflash,4,2,b200-repeats-20260922/rep2-block8/35B-A3B/sglang_dflash/sglang_dflash/c4,time_to_first_token,71.22744326,p99,ms
8,35B-A3B,sglang_dflash,4,3,b200-repeats-20260922/rep3-block8/35B-A3B/sglang_dflash/sglang_dflash/c4,time_to_first_token,68.58040626,p99,ms
8,35B-A3B,sglang_dflash,8,1,b200-block8-20260922/35B-A3B/sglang_dflash/sglang_dflash/c8,acceptance_length,5.173801706150036,avg,tokens
8,35B-A3B,sglang_dflash,8,2,b200-repeats-20260922/rep2-block8/35B-A3B/sglang_dflash/sglang_dflash/c8,acceptance_length,5.1644775923526005,avg,tokens
8,35B-A3B,sglang_dflash,8,3,b200-repeats-20260922/rep3-block8/35B-A3B/sglang_dflash/sglang_dflash/c8,acceptance_length,5.228642122906055,avg,tokens
8,35B-A3B,sglang_dflash,8,1,b200-block8-20260922/35B-A3B/sglang_dflash/sglang_dflash/c8,inter_chunk_latency,35.92344958,p99,ms
8,35B-A3B,sglang_dflash,8,2,b200-repeats-20260922/rep2-block8/35B-A3B/sglang_dflash/sglang_dflash/c8,inter_chunk_latency,38.84152456,p99,ms
8,35B-A3B,sglang_dflash,8,3,b200-repeats-20260922/rep3-block8/35B-A3B/sglang_dflash/sglang_dflash/c8,inter_chunk_latency,36.94875264,p99,ms
8,35B-A3B,sglang_dflash,8,1,b200-block8-20260922/35B-A3B/sglang_dflash/sglang_dflash/c8,inter_token_latency,3.181689325490196,p90,ms
8,35B-A3B,sglang_dflash,8,2,b200-repeats-20260922/rep2-block8/35B-A3B/sglang_dflash/sglang_dflash/c8,inter_token_latency,3.226804010588235,p90,ms
8,35B-A3B,sglang_dflash,8,3,b200-repeats-20260922/rep3-block8/35B-A3B/sglang_dflash/sglang_dflash/c8,inter_token_latency,3.1510940776470586,p90,ms
8,35B-A3B,sglang_dflash,8,1,b200-block8-20260922/35B-A3B/sglang_dflash/sglang_dflash/c8,inter_token_latency,3.932340380392157,p99,ms
8,35B-A3B,sglang_dflash,8,2,b200-repeats-20260922/rep2-block8/35B-A3B/sglang_dflash/sglang_dflash/c8,inter_token_latency,3.683498801607843,p99,ms
8,35B-A3B,sglang_dflash,8,3,b200-repeats-20260922/rep3-block8/35B-A3B/sglang_dflash/sglang_dflash/c8,inter_token_latency,3.722027321098039,p99,ms
8,35B-A3B,sglang_dflash,8,1,b200-block8-20260922/35B-A3B/sglang_dflash/sglang_dflash/c8,interactivity,254.3014854426905,derived,tokens/s/user
8,35B-A3B,sglang_dflash,8,2,b200-repeats-20260922/rep2-block8/35B-A3B/sglang_dflash/sglang_dflash/c8,interactivity,271.4810167885764,derived,tokens/s/user
8,35B-A3B,sglang_dflash,8,3,b200-repeats-20260922/rep3-block8/35B-A3B/sglang_dflash/sglang_dflash/c8,interactivity,268.67078442212755,derived,tokens/s/user
8,35B-A3B,sglang_dflash,8,1,b200-block8-20260922/35B-A3B/sglang_dflash/sglang_dflash/c8,interactivity,314.29844265072364,derived_p90,tokens/s/user
8,35B-A3B,sglang_dflash,8,2,b200-repeats-20260922/rep2-block8/35B-A3B/sglang_dflash/sglang_dflash/c8,interactivity,309.90416421904206,derived_p90,tokens/s/user
8,35B-A3B,sglang_dflash,8,3,b200-repeats-20260922/rep3-block8/35B-A3B/sglang_dflash/sglang_dflash/c8,interactivity,317.35009344649785,derived_p90,tokens/s/user
8,35B-A3B,sglang_dflash,8,1,b200-block8-20260922/35B-A3B/sglang_dflash/sglang_dflash/c8,output_token_throughput,2832.1833182671985,avg,tokens/s
8,35B-A3B,sglang_dflash,8,2,b200-repeats-20260922/rep2-block8/35B-A3B/sglang_dflash/sglang_dflash/c8,output_token_throughput,2789.288413623419,avg,tokens/s
8,35B-A3B,sglang_dflash,8,3,b200-repeats-20260922/rep3-block8/35B-A3B/sglang_dflash/sglang_dflash/c8,output_token_throughput,2830.1655000688543,avg,tokens/s
8,35B-A3B,sglang_dflash,8,1,b200-block8-20260922/35B-A3B/sglang_dflash/sglang_dflash/c8,time_to_first_token,69.44005456999999,p99,ms
8,35B-A3B,sglang_dflash,8,2,b200-repeats-20260922/rep2-block8/35B-A3B/sglang_dflash/sglang_dflash/c8,time_to_first_token,80.93046319,p99,ms
8,35B-A3B,sglang_dflash,8,3,b200-repeats-20260922/rep3-block8/35B-A3B/sglang_dflash/sglang_dflash/c8,time_to_first_token,70.68916657999999,p99,ms
8,35B-A3B,sglang_dflash,16,1,b200-block8-20260922/35B-A3B/sglang_dflash/sglang_dflash/c16,acceptance_length,5.180729363614847,avg,tokens
8,35B-A3B,sglang_dflash,16,2,b200-repeats-20260922/rep2-block8/35B-A3B/sglang_dflash/sglang_dflash/c16,acceptance_length,5.1268761612138505,avg,tokens
8,35B-A3B,sglang_dflash,16,3,b200-repeats-20260922/rep3-block8/35B-A3B/sglang_dflash/sglang_dflash/c16,acceptance_length,5.16731544808476,avg,tokens
8,35B-A3B,sglang_dflash,16,1,b200-block8-20260922/35B-A3B/sglang_dflash/sglang_dflash/c16,inter_chunk_latency,48.177481400000005,p99,ms
8,35B-A3B,sglang_dflash,16,2,b200-repeats-20260922/rep2-block8/35B-A3B/sglang_dflash/sglang_dflash/c16,inter_chunk_latency,61.11984519999998,p99,ms
8,35B-A3B,sglang_dflash,16,3,b200-repeats-20260922/rep3-block8/35B-A3B/sglang_dflash/sglang_dflash/c16,inter_chunk_latency,47.78453089,p99,ms
8,35B-A3B,sglang_dflash,16,1,b200-block8-20260922/35B-A3B/sglang_dflash/sglang_dflash/c16,inter_token_latency,4.5706948913725505,p90,ms
8,35B-A3B,sglang_dflash,16,2,b200-repeats-20260922/rep2-block8/35B-A3B/sglang_dflash/sglang_dflash/c16,inter_token_latency,4.876084762352941,p90,ms
8,35B-A3B,sglang_dflash,16,3,b200-repeats-20260922/rep3-block8/35B-A3B/sglang_dflash/sglang_dflash/c16,inter_token_latency,4.447765974509804,p90,ms
8,35B-A3B,sglang_dflash,16,1,b200-block8-20260922/35B-A3B/sglang_dflash/sglang_dflash/c16,inter_token_latency,5.657837335411765,p99,ms
8,35B-A3B,sglang_dflash,16,2,b200-repeats-20260922/rep2-block8/35B-A3B/sglang_dflash/sglang_dflash/c16,inter_token_latency,5.577046445137254,p99,ms
8,35B-A3B,sglang_dflash,16,3,b200-repeats-20260922/rep3-block8/35B-A3B/sglang_dflash/sglang_dflash/c16,inter_token_latency,5.432982473019608,p99,ms
8,35B-A3B,sglang_dflash,16,1,b200-block8-20260922/35B-A3B/sglang_dflash/sglang_dflash/c16,interactivity,176.7459791997046,derived,tokens/s/user
8,35B-A3B,sglang_dflash,16,2,b200-repeats-20260922/rep2-block8/35B-A3B/sglang_dflash/sglang_dflash/c16,interactivity,179.30637835586276,derived,tokens/s/user
8,35B-A3B,sglang_dflash,16,3,b200-repeats-20260922/rep3-block8/35B-A3B/sglang_dflash/sglang_dflash/c16,interactivity,184.06096558677248,derived,tokens/s/user
8,35B-A3B,sglang_dflash,16,1,b200-block8-20260922/35B-A3B/sglang_dflash/sglang_dflash/c16,interactivity,218.78511337248906,derived_p90,tokens/s/user
8,35B-A3B,sglang_dflash,16,2,b200-repeats-20260922/rep2-block8/35B-A3B/sglang_dflash/sglang_dflash/c16,interactivity,205.0825711072038,derived_p90,tokens/s/user
8,35B-A3B,sglang_dflash,16,3,b200-repeats-20260922/rep3-block8/35B-A3B/sglang_dflash/sglang_dflash/c16,interactivity,224.83197311437047,derived_p90,tokens/s/user
8,35B-A3B,sglang_dflash,16,1,b200-block8-20260922/35B-A3B/sglang_dflash/sglang_dflash/c16,output_token_throughput,4061.704881914162,avg,tokens/s
8,35B-A3B,sglang_dflash,16,2,b200-repeats-20260922/rep2-block8/35B-A3B/sglang_dflash/sglang_dflash/c16,output_token_throughput,3897.594531807329,avg,tokens/s
8,35B-A3B,sglang_dflash,16,3,b200-repeats-20260922/rep3-block8/35B-A3B/sglang_dflash/sglang_dflash/c16,output_token_throughput,4068.3317359913895,avg,tokens/s
8,35B-A3B,sglang_dflash,16,1,b200-block8-20260922/35B-A3B/sglang_dflash/sglang_dflash/c16,time_to_first_token,81.99301131,p99,ms
8,35B-A3B,sglang_dflash,16,2,b200-repeats-20260922/rep2-block8/35B-A3B/sglang_dflash/sglang_dflash/c16,time_to_first_token,88.01423643999999,p99,ms
8,35B-A3B,sglang_dflash,16,3,b200-repeats-20260922/rep3-block8/35B-A3B/sglang_dflash/sglang_dflash/c16,time_to_first_token,81.76451284999999,p99,ms
8,35B-A3B,sglang_dflash,32,1,b200-block8-20260922/35B-A3B/sglang_dflash/sglang_dflash/c32,acceptance_length,5.199503406704425,avg,tokens
8,35B-A3B,sglang_dflash,32,2,b200-repeats-20260922/rep2-block8/35B-A3B/sglang_dflash/sglang_dflash/c32,acceptance_length,5.156694934696502,avg,tokens
8,35B-A3B,sglang_dflash,32,3,b200-repeats-20260922/rep3-block8/35B-A3B/sglang_dflash/sglang_dflash/c32,acceptance_length,5.193999370209068,avg,tokens
8,35B-A3B,sglang_dflash,32,1,b200-block8-20260922/35B-A3B/sglang_dflash/sglang_dflash/c32,inter_chunk_latency,38.490399,p99,ms
8,35B-A3B,sglang_dflash,32,2,b200-repeats-20260922/rep2-block8/35B-A3B/sglang_dflash/sglang_dflash/c32,inter_chunk_latency,44.29078546999998,p99,ms
8,35B-A3B,sglang_dflash,32,3,b200-repeats-20260922/rep3-block8/35B-A3B/sglang_dflash/sglang_dflash/c32,inter_chunk_latency,38.80106011,p99,ms
8,35B-A3B,sglang_dflash,32,1,b200-block8-20260922/35B-A3B/sglang_dflash/sglang_dflash/c32,inter_token_latency,4.608130387450981,p90,ms
8,35B-A3B,sglang_dflash,32,2,b200-repeats-20260922/rep2-block8/35B-A3B/sglang_dflash/sglang_dflash/c32,inter_token_latency,4.813895088627451,p90,ms
8,35B-A3B,sglang_dflash,32,3,b200-repeats-20260922/rep3-block8/35B-A3B/sglang_dflash/sglang_dflash/c32,inter_token_latency,4.578606642745098,p90,ms
8,35B-A3B,sglang_dflash,32,1,b200-block8-20260922/35B-A3B/sglang_dflash/sglang_dflash/c32,inter_token_latency,5.924726426392157,p99,ms
8,35B-A3B,sglang_dflash,32,2,b200-repeats-20260922/rep2-block8/35B-A3B/sglang_dflash/sglang_dflash/c32,inter_token_latency,5.939499525843137,p99,ms
8,35B-A3B,sglang_dflash,32,3,b200-repeats-20260922/rep3-block8/35B-A3B/sglang_dflash/sglang_dflash/c32,inter_token_latency,5.630769675019608,p99,ms
8,35B-A3B,sglang_dflash,32,1,b200-block8-20260922/35B-A3B/sglang_dflash/sglang_dflash/c32,interactivity,168.7841645388759,derived,tokens/s/user
8,35B-A3B,sglang_dflash,32,2,b200-repeats-20260922/rep2-block8/35B-A3B/sglang_dflash/sglang_dflash/c32,interactivity,168.3643538734092,derived,tokens/s/user
8,35B-A3B,sglang_dflash,32,3,b200-repeats-20260922/rep3-block8/35B-A3B/sglang_dflash/sglang_dflash/c32,interactivity,177.59561440355267,derived,tokens/s/user
8,35B-A3B,sglang_dflash,32,1,b200-block8-20260922/35B-A3B/sglang_dflash/sglang_dflash/c32,interactivity,217.00774846198675,derived_p90,tokens/s/user
8,35B-A3B,sglang_dflash,32,2,b200-repeats-20260922/rep2-block8/35B-A3B/sglang_dflash/sglang_dflash/c32,interactivity,207.73198866806263,derived_p90,tokens/s/user
8,35B-A3B,sglang_dflash,32,3,b200-repeats-20260922/rep3-block8/35B-A3B/sglang_dflash/sglang_dflash/c32,interactivity,218.40705656261645,derived_p90,tokens/s/user
8,35B-A3B,sglang_dflash,32,1,b200-block8-20260922/35B-A3B/sglang_dflash/sglang_dflash/c32,output_token_throughput,7459.874994699097,avg,tokens/s
8,35B-A3B,sglang_dflash,32,2,b200-repeats-20260922/rep2-block8/35B-A3B/sglang_dflash/sglang_dflash/c32,output_token_throughput,7249.971065285385,avg,tokens/s
8,35B-A3B,sglang_dflash,32,3,b200-repeats-20260922/rep3-block8/35B-A3B/sglang_dflash/sglang_dflash/c32,output_token_throughput,7569.61331100637,avg,tokens/s
8,35B-A3B,sglang_dflash,32,1,b200-block8-20260922/35B-A3B/sglang_dflash/sglang_dflash/c32,time_to_first_token,263.57373841,p99,ms
8,35B-A3B,sglang_dflash,32,2,b200-repeats-20260922/rep2-block8/35B-A3B/sglang_dflash/sglang_dflash/c32,time_to_first_token,264.78650906000007,p99,ms
8,35B-A3B,sglang_dflash,32,3,b200-repeats-20260922/rep3-block8/35B-A3B/sglang_dflash/sglang_dflash/c32,time_to_first_token,291.82763248000015,p99,ms
8,35B-A3B,vllm_baseline,1,1,b200-block8-20260922/35B-A3B/vllm_baseline/vllm_baseline/c1,inter_chunk_latency,4.76663125,p99,ms
8,35B-A3B,vllm_baseline,1,2,b200-repeats-20260922/rep2-block8/35B-A3B/vllm_baseline/vllm_baseline/c1,inter_chunk_latency,4.98077561,p99,ms
8,35B-A3B,vllm_baseline,1,3,b200-repeats-20260922/rep3-block8/35B-A3B/vllm_baseline/vllm_baseline/c1,inter_chunk_latency,4.4616534,p99,ms
8,35B-A3B,vllm_baseline,1,1,b200-block8-20260922/35B-A3B/vllm_baseline/vllm_baseline/c1,inter_token_latency,4.008175829019608,p90,ms
8,35B-A3B,vllm_baseline,1,2,b200-repeats-20260922/rep2-block8/35B-A3B/vllm_baseline/vllm_baseline/c1,inter_token_latency,3.8327867337254897,p90,ms
8,35B-A3B,vllm_baseline,1,3,b200-repeats-20260922/rep3-block8/35B-A3B/vllm_baseline/vllm_baseline/c1,inter_token_latency,3.8710215603921565,p90,ms
8,35B-A3B,vllm_baseline,1,1,b200-block8-20260922/35B-A3B/vllm_baseline/vllm_baseline/c1,inter_token_latency,4.016372647098039,p99,ms
8,35B-A3B,vllm_baseline,1,2,b200-repeats-20260922/rep2-block8/35B-A3B/vllm_baseline/vllm_baseline/c1,inter_token_latency,4.025913151568627,p99,ms
8,35B-A3B,vllm_baseline,1,3,b200-repeats-20260922/rep3-block8/35B-A3B/vllm_baseline/vllm_baseline/c1,inter_token_latency,3.8774568647058825,p99,ms
8,35B-A3B,vllm_baseline,1,1,b200-block8-20260922/35B-A3B/vllm_baseline/vllm_baseline/c1,interactivity,248.9808809754077,derived,tokens/s/user
8,35B-A3B,vllm_baseline,1,2,b200-repeats-20260922/rep2-block8/35B-A3B/vllm_baseline/vllm_baseline/c1,interactivity,248.3908525474196,derived,tokens/s/user
8,35B-A3B,vllm_baseline,1,3,b200-repeats-20260922/rep3-block8/35B-A3B/vllm_baseline/vllm_baseline/c1,interactivity,257.9009992612395,derived,tokens/s/user
8,35B-A3B,vllm_baseline,1,1,b200-block8-20260922/35B-A3B/vllm_baseline/vllm_baseline/c1,interactivity,249.49005299615263,derived_p90,tokens/s/user
8,35B-A3B,vllm_baseline,1,2,b200-repeats-20260922/rep2-block8/35B-A3B/vllm_baseline/vllm_baseline/c1,interactivity,260.9067682270948,derived_p90,tokens/s/user
8,35B-A3B,vllm_baseline,1,3,b200-repeats-20260922/rep3-block8/35B-A3B/vllm_baseline/vllm_baseline/c1,interactivity,258.3297417487632,derived_p90,tokens/s/user
8,35B-A3B,vllm_baseline,1,1,b200-block8-20260922/35B-A3B/vllm_baseline/vllm_baseline/c1,output_token_throughput,241.61952087402827,avg,tokens/s
8,35B-A3B,vllm_baseline,1,2,b200-repeats-20260922/rep2-block8/35B-A3B/vllm_baseline/vllm_baseline/c1,output_token_throughput,252.28847183327437,avg,tokens/s
8,35B-A3B,vllm_baseline,1,3,b200-repeats-20260922/rep3-block8/35B-A3B/vllm_baseline/vllm_baseline/c1,output_token_throughput,250.8177876588889,avg,tokens/s
8,35B-A3B,vllm_baseline,1,1,b200-block8-20260922/35B-A3B/vllm_baseline/vllm_baseline/c1,time_to_first_token,47.93465235000001,p99,ms
8,35B-A3B,vllm_baseline,1,2,b200-repeats-20260922/rep2-block8/35B-A3B/vllm_baseline/vllm_baseline/c1,time_to_first_token,47.63484477,p99,ms
8,35B-A3B,vllm_baseline,1,3,b200-repeats-20260922/rep3-block8/35B-A3B/vllm_baseline/vllm_baseline/c1,time_to_first_token,40.72343997,p99,ms
8,35B-A3B,vllm_baseline,2,1,b200-block8-20260922/35B-A3B/vllm_baseline/vllm_baseline/c2,inter_chunk_latency,5.181467799999999,p99,ms
8,35B-A3B,vllm_baseline,2,2,b200-repeats-20260922/rep2-block8/35B-A3B/vllm_baseline/vllm_baseline/c2,inter_chunk_latency,5.230371669999994,p99,ms
8,35B-A3B,vllm_baseline,2,3,b200-repeats-20260922/rep3-block8/35B-A3B/vllm_baseline/vllm_baseline/c2,inter_chunk_latency,4.98612908,p99,ms
8,35B-A3B,vllm_baseline,2,1,b200-block8-20260922/35B-A3B/vllm_baseline/vllm_baseline/c2,inter_token_latency,4.4149517337254895,p90,ms
8,35B-A3B,vllm_baseline,2,2,b200-repeats-20260922/rep2-block8/35B-A3B/vllm_baseline/vllm_baseline/c2,inter_token_latency,4.232694470588235,p90,ms
8,35B-A3B,vllm_baseline,2,3,b200-repeats-20260922/rep3-block8/35B-A3B/vllm_baseline/vllm_baseline/c2,inter_token_latency,4.268051767058823,p90,ms
8,35B-A3B,vllm_baseline,2,1,b200-block8-20260922/35B-A3B/vllm_baseline/vllm_baseline/c2,inter_token_latency,4.42834039662745,p99,ms
8,35B-A3B,vllm_baseline,2,2,b200-repeats-20260922/rep2-block8/35B-A3B/vllm_baseline/vllm_baseline/c2,inter_token_latency,4.2513402028235285,p99,ms
8,35B-A3B,vllm_baseline,2,3,b200-repeats-20260922/rep3-block8/35B-A3B/vllm_baseline/vllm_baseline/c2,inter_token_latency,4.272043676235294,p99,ms
8,35B-A3B,vllm_baseline,2,1,b200-block8-20260922/35B-A3B/vllm_baseline/vllm_baseline/c2,interactivity,225.818232212136,derived,tokens/s/user
8,35B-A3B,vllm_baseline,2,2,b200-repeats-20260922/rep2-block8/35B-A3B/vllm_baseline/vllm_baseline/c2,interactivity,235.2199429572467,derived,tokens/s/user
8,35B-A3B,vllm_baseline,2,3,b200-repeats-20260922/rep3-block8/35B-A3B/vllm_baseline/vllm_baseline/c2,interactivity,234.08000380774251,derived,tokens/s/user
8,35B-A3B,vllm_baseline,2,1,b200-block8-20260922/35B-A3B/vllm_baseline/vllm_baseline/c2,interactivity,226.50304245934876,derived_p90,tokens/s/user
8,35B-A3B,vllm_baseline,2,2,b200-repeats-20260922/rep2-block8/35B-A3B/vllm_baseline/vllm_baseline/c2,interactivity,236.2561264340504,derived_p90,tokens/s/user
8,35B-A3B,vllm_baseline,2,3,b200-repeats-20260922/rep3-block8/35B-A3B/vllm_baseline/vllm_baseline/c2,interactivity,234.29893885497893,derived_p90,tokens/s/user
8,35B-A3B,vllm_baseline,2,1,b200-block8-20260922/35B-A3B/vllm_baseline/vllm_baseline/c2,output_token_throughput,429.5216332144742,avg,tokens/s
8,35B-A3B,vllm_baseline,2,2,b200-repeats-20260922/rep2-block8/35B-A3B/vllm_baseline/vllm_baseline/c2,output_token_throughput,447.5996596328923,avg,tokens/s
8,35B-A3B,vllm_baseline,2,3,b200-repeats-20260922/rep3-block8/35B-A3B/vllm_baseline/vllm_baseline/c2,output_token_throughput,447.0100612910224,avg,tokens/s
8,35B-A3B,vllm_baseline,2,1,b200-block8-20260922/35B-A3B/vllm_baseline/vllm_baseline/c2,time_to_first_token,75.56631323999999,p99,ms
8,35B-A3B,vllm_baseline,2,2,b200-repeats-20260922/rep2-block8/35B-A3B/vllm_baseline/vllm_baseline/c2,time_to_first_token,78.54417821999999,p99,ms
8,35B-A3B,vllm_baseline,2,3,b200-repeats-20260922/rep3-block8/35B-A3B/vllm_baseline/vllm_baseline/c2,time_to_first_token,64.12483497999999,p99,ms
8,35B-A3B,vllm_baseline,4,1,b200-block8-20260922/35B-A3B/vllm_baseline/vllm_baseline/c4,inter_chunk_latency,5.572270060000003,p99,ms
8,35B-A3B,vllm_baseline,4,2,b200-repeats-20260922/rep2-block8/35B-A3B/vllm_baseline/vllm_baseline/c4,inter_chunk_latency,6.572317889999999,p99,ms
8,35B-A3B,vllm_baseline,4,3,b200-repeats-20260922/rep3-block8/35B-A3B/vllm_baseline/vllm_baseline/c4,inter_chunk_latency,5.212803119999999,p99,ms
8,35B-A3B,vllm_baseline,4,1,b200-block8-20260922/35B-A3B/vllm_baseline/vllm_baseline/c4,inter_token_latency,4.733395389803921,p90,ms
8,35B-A3B,vllm_baseline,4,2,b200-repeats-20260922/rep2-block8/35B-A3B/vllm_baseline/vllm_baseline/c4,inter_token_latency,4.6084249717647054,p90,ms
8,35B-A3B,vllm_baseline,4,3,b200-repeats-20260922/rep3-block8/35B-A3B/vllm_baseline/vllm_baseline/c4,inter_token_latency,4.634180650980391,p90,ms
8,35B-A3B,vllm_baseline,4,1,b200-block8-20260922/35B-A3B/vllm_baseline/vllm_baseline/c4,inter_token_latency,4.736853658040913,p99,ms
8,35B-A3B,vllm_baseline,4,2,b200-repeats-20260922/rep2-block8/35B-A3B/vllm_baseline/vllm_baseline/c4,inter_token_latency,4.622605760941177,p99,ms
8,35B-A3B,vllm_baseline,4,3,b200-repeats-20260922/rep3-block8/35B-A3B/vllm_baseline/vllm_baseline/c4,inter_token_latency,4.635641513411764,p99,ms
8,35B-A3B,vllm_baseline,4,1,b200-block8-20260922/35B-A3B/vllm_baseline/vllm_baseline/c4,interactivity,211.11059622930887,derived,tokens/s/user
8,35B-A3B,vllm_baseline,4,2,b200-repeats-20260922/rep2-block8/35B-A3B/vllm_baseline/vllm_baseline/c4,interactivity,216.32820355339948,derived,tokens/s/user
8,35B-A3B,vllm_baseline,4,3,b200-repeats-20260922/rep3-block8/35B-A3B/vllm_baseline/vllm_baseline/c4,interactivity,215.71987331350277,derived,tokens/s/user
8,35B-A3B,vllm_baseline,4,1,b200-block8-20260922/35B-A3B/vllm_baseline/vllm_baseline/c4,interactivity,211.26483584153414,derived_p90,tokens/s/user
8,35B-A3B,vllm_baseline,4,2,b200-repeats-20260922/rep2-block8/35B-A3B/vllm_baseline/vllm_baseline/c4,interactivity,216.99387667736505,derived_p90,tokens/s/user
8,35B-A3B,vllm_baseline,4,3,b200-repeats-20260922/rep3-block8/35B-A3B/vllm_baseline/vllm_baseline/c4,interactivity,215.78787607005427,derived_p90,tokens/s/user
8,35B-A3B,vllm_baseline,4,1,b200-block8-20260922/35B-A3B/vllm_baseline/vllm_baseline/c4,output_token_throughput,807.5075631488006,avg,tokens/s
8,35B-A3B,vllm_baseline,4,2,b200-repeats-20260922/rep2-block8/35B-A3B/vllm_baseline/vllm_baseline/c4,output_token_throughput,819.1526460634092,avg,tokens/s
8,35B-A3B,vllm_baseline,4,3,b200-repeats-20260922/rep3-block8/35B-A3B/vllm_baseline/vllm_baseline/c4,output_token_throughput,827.7416588427468,avg,tokens/s
8,35B-A3B,vllm_baseline,4,1,b200-block8-20260922/35B-A3B/vllm_baseline/vllm_baseline/c4,time_to_first_token,77.83014760999997,p99,ms
8,35B-A3B,vllm_baseline,4,2,b200-repeats-20260922/rep2-block8/35B-A3B/vllm_baseline/vllm_baseline/c4,time_to_first_token,105.65583788,p99,ms
8,35B-A3B,vllm_baseline,4,3,b200-repeats-20260922/rep3-block8/35B-A3B/vllm_baseline/vllm_baseline/c4,time_to_first_token,69.48275733,p99,ms
8,35B-A3B,vllm_baseline,8,1,b200-block8-20260922/35B-A3B/vllm_baseline/vllm_baseline/c8,inter_chunk_latency,6.43762425,p99,ms
8,35B-A3B,vllm_baseline,8,2,b200-repeats-20260922/rep2-block8/35B-A3B/vllm_baseline/vllm_baseline/c8,inter_chunk_latency,7.096650550000003,p99,ms
8,35B-A3B,vllm_baseline,8,3,b200-repeats-20260922/rep3-block8/35B-A3B/vllm_baseline/vllm_baseline/c8,inter_chunk_latency,5.853413470000001,p99,ms
8,35B-A3B,vllm_baseline,8,1,b200-block8-20260922/35B-A3B/vllm_baseline/vllm_baseline/c8,inter_token_latency,5.368747350980392,p90,ms
8,35B-A3B,vllm_baseline,8,2,b200-repeats-20260922/rep2-block8/35B-A3B/vllm_baseline/vllm_baseline/c8,inter_token_latency,5.252752811764705,p90,ms
8,35B-A3B,vllm_baseline,8,3,b200-repeats-20260922/rep3-block8/35B-A3B/vllm_baseline/vllm_baseline/c8,inter_token_latency,5.271202370980392,p90,ms
8,35B-A3B,vllm_baseline,8,1,b200-block8-20260922/35B-A3B/vllm_baseline/vllm_baseline/c8,inter_token_latency,5.387574599921568,p99,ms
8,35B-A3B,vllm_baseline,8,2,b200-repeats-20260922/rep2-block8/35B-A3B/vllm_baseline/vllm_baseline/c8,inter_token_latency,5.305266702823529,p99,ms
8,35B-A3B,vllm_baseline,8,3,b200-repeats-20260922/rep3-block8/35B-A3B/vllm_baseline/vllm_baseline/c8,inter_token_latency,5.280655734392156,p99,ms
8,35B-A3B,vllm_baseline,8,1,b200-block8-20260922/35B-A3B/vllm_baseline/vllm_baseline/c8,interactivity,185.61227904195664,derived,tokens/s/user
8,35B-A3B,vllm_baseline,8,2,b200-repeats-20260922/rep2-block8/35B-A3B/vllm_baseline/vllm_baseline/c8,interactivity,188.491937543458,derived,tokens/s/user
8,35B-A3B,vllm_baseline,8,3,b200-repeats-20260922/rep3-block8/35B-A3B/vllm_baseline/vllm_baseline/c8,interactivity,189.370421079932,derived,tokens/s/user
8,35B-A3B,vllm_baseline,8,1,b200-block8-20260922/35B-A3B/vllm_baseline/vllm_baseline/c8,interactivity,186.26318852895713,derived_p90,tokens/s/user
8,35B-A3B,vllm_baseline,8,2,b200-repeats-20260922/rep2-block8/35B-A3B/vllm_baseline/vllm_baseline/c8,interactivity,190.37636756107733,derived_p90,tokens/s/user
8,35B-A3B,vllm_baseline,8,3,b200-repeats-20260922/rep3-block8/35B-A3B/vllm_baseline/vllm_baseline/c8,interactivity,189.71003760077795,derived_p90,tokens/s/user
8,35B-A3B,vllm_baseline,8,1,b200-block8-20260922/35B-A3B/vllm_baseline/vllm_baseline/c8,output_token_throughput,1406.2566755832231,avg,tokens/s
8,35B-A3B,vllm_baseline,8,2,b200-repeats-20260922/rep2-block8/35B-A3B/vllm_baseline/vllm_baseline/c8,output_token_throughput,1418.9333961764614,avg,tokens/s
8,35B-A3B,vllm_baseline,8,3,b200-repeats-20260922/rep3-block8/35B-A3B/vllm_baseline/vllm_baseline/c8,output_token_throughput,1441.8170012313742,avg,tokens/s
8,35B-A3B,vllm_baseline,8,1,b200-block8-20260922/35B-A3B/vllm_baseline/vllm_baseline/c8,time_to_first_token,126.78672517,p99,ms
8,35B-A3B,vllm_baseline,8,2,b200-repeats-20260922/rep2-block8/35B-A3B/vllm_baseline/vllm_baseline/c8,time_to_first_token,186.49375064,p99,ms
8,35B-A3B,vllm_baseline,8,3,b200-repeats-20260922/rep3-block8/35B-A3B/vllm_baseline/vllm_baseline/c8,time_to_first_token,105.09622214,p99,ms
8,35B-A3B,vllm_baseline,16,1,b200-block8-20260922/35B-A3B/vllm_baseline/vllm_baseline/c16,inter_chunk_latency,8.321812,p99,ms
8,35B-A3B,vllm_baseline,16,2,b200-repeats-20260922/rep2-block8/35B-A3B/vllm_baseline/vllm_baseline/c16,inter_chunk_latency,8.744740139999998,p99,ms
8,35B-A3B,vllm_baseline,16,3,b200-repeats-20260922/rep3-block8/35B-A3B/vllm_baseline/vllm_baseline/c16,inter_chunk_latency,7.191377619999997,p99,ms
8,35B-A3B,vllm_baseline,16,1,b200-block8-20260922/35B-A3B/vllm_baseline/vllm_baseline/c16,inter_token_latency,6.494108016470587,p90,ms
8,35B-A3B,vllm_baseline,16,2,b200-repeats-20260922/rep2-block8/35B-A3B/vllm_baseline/vllm_baseline/c16,inter_token_latency,6.393249615294118,p90,ms
8,35B-A3B,vllm_baseline,16,3,b200-repeats-20260922/rep3-block8/35B-A3B/vllm_baseline/vllm_baseline/c16,inter_token_latency,6.4137033286274505,p90,ms
8,35B-A3B,vllm_baseline,16,1,b200-block8-20260922/35B-A3B/vllm_baseline/vllm_baseline/c16,inter_token_latency,6.517877991607842,p99,ms
8,35B-A3B,vllm_baseline,16,2,b200-repeats-20260922/rep2-block8/35B-A3B/vllm_baseline/vllm_baseline/c16,inter_token_latency,6.483678204313725,p99,ms
8,35B-A3B,vllm_baseline,16,3,b200-repeats-20260922/rep3-block8/35B-A3B/vllm_baseline/vllm_baseline/c16,inter_token_latency,6.4517488112941175,p99,ms
8,35B-A3B,vllm_baseline,16,1,b200-block8-20260922/35B-A3B/vllm_baseline/vllm_baseline/c16,interactivity,153.42416677445632,derived,tokens/s/user
8,35B-A3B,vllm_baseline,16,2,b200-repeats-20260922/rep2-block8/35B-A3B/vllm_baseline/vllm_baseline/c16,interactivity,154.23344103269642,derived,tokens/s/user
8,35B-A3B,vllm_baseline,16,3,b200-repeats-20260922/rep3-block8/35B-A3B/vllm_baseline/vllm_baseline/c16,interactivity,154.99673487744107,derived,tokens/s/user
8,35B-A3B,vllm_baseline,16,1,b200-block8-20260922/35B-A3B/vllm_baseline/vllm_baseline/c16,interactivity,153.98573560275938,derived_p90,tokens/s/user
8,35B-A3B,vllm_baseline,16,2,b200-repeats-20260922/rep2-block8/35B-A3B/vllm_baseline/vllm_baseline/c16,interactivity,156.4149783246021,derived_p90,tokens/s/user
8,35B-A3B,vllm_baseline,16,3,b200-repeats-20260922/rep3-block8/35B-A3B/vllm_baseline/vllm_baseline/c16,interactivity,155.91616087643433,derived_p90,tokens/s/user
8,35B-A3B,vllm_baseline,16,1,b200-block8-20260922/35B-A3B/vllm_baseline/vllm_baseline/c16,output_token_throughput,2309.300222049266,avg,tokens/s
8,35B-A3B,vllm_baseline,16,2,b200-repeats-20260922/rep2-block8/35B-A3B/vllm_baseline/vllm_baseline/c16,output_token_throughput,2333.7820751067743,avg,tokens/s
8,35B-A3B,vllm_baseline,16,3,b200-repeats-20260922/rep3-block8/35B-A3B/vllm_baseline/vllm_baseline/c16,output_token_throughput,2351.949728734694,avg,tokens/s
8,35B-A3B,vllm_baseline,16,1,b200-block8-20260922/35B-A3B/vllm_baseline/vllm_baseline/c16,time_to_first_token,172.49532047999998,p99,ms
8,35B-A3B,vllm_baseline,16,2,b200-repeats-20260922/rep2-block8/35B-A3B/vllm_baseline/vllm_baseline/c16,time_to_first_token,164.62920200999997,p99,ms
8,35B-A3B,vllm_baseline,16,3,b200-repeats-20260922/rep3-block8/35B-A3B/vllm_baseline/vllm_baseline/c16,time_to_first_token,134.96953491999997,p99,ms
8,35B-A3B,vllm_baseline,32,1,b200-block8-20260922/35B-A3B/vllm_baseline/vllm_baseline/c32,inter_chunk_latency,9.76319857,p99,ms
8,35B-A3B,vllm_baseline,32,2,b200-repeats-20260922/rep2-block8/35B-A3B/vllm_baseline/vllm_baseline/c32,inter_chunk_latency,10.308114200000013,p99,ms
8,35B-A3B,vllm_baseline,32,3,b200-repeats-20260922/rep3-block8/35B-A3B/vllm_baseline/vllm_baseline/c32,inter_chunk_latency,8.355946549999997,p99,ms
8,35B-A3B,vllm_baseline,32,1,b200-block8-20260922/35B-A3B/vllm_baseline/vllm_baseline/c32,inter_token_latency,7.6000491184313725,p90,ms
8,35B-A3B,vllm_baseline,32,2,b200-repeats-20260922/rep2-block8/35B-A3B/vllm_baseline/vllm_baseline/c32,inter_token_latency,7.571053024705883,p90,ms
8,35B-A3B,vllm_baseline,32,3,b200-repeats-20260922/rep3-block8/35B-A3B/vllm_baseline/vllm_baseline/c32,inter_token_latency,7.459972890588236,p90,ms
8,35B-A3B,vllm_baseline,32,1,b200-block8-20260922/35B-A3B/vllm_baseline/vllm_baseline/c32,inter_token_latency,7.911101321999999,p99,ms
8,35B-A3B,vllm_baseline,32,2,b200-repeats-20260922/rep2-block8/35B-A3B/vllm_baseline/vllm_baseline/c32,inter_token_latency,7.896786343372549,p99,ms
8,35B-A3B,vllm_baseline,32,3,b200-repeats-20260922/rep3-block8/35B-A3B/vllm_baseline/vllm_baseline/c32,inter_token_latency,7.755151300588235,p99,ms
8,35B-A3B,vllm_baseline,32,1,b200-block8-20260922/35B-A3B/vllm_baseline/vllm_baseline/c32,interactivity,126.40465079357509,derived,tokens/s/user
8,35B-A3B,vllm_baseline,32,2,b200-repeats-20260922/rep2-block8/35B-A3B/vllm_baseline/vllm_baseline/c32,interactivity,126.63379209179938,derived,tokens/s/user
8,35B-A3B,vllm_baseline,32,3,b200-repeats-20260922/rep3-block8/35B-A3B/vllm_baseline/vllm_baseline/c32,interactivity,128.9465493631503,derived,tokens/s/user
8,35B-A3B,vllm_baseline,32,1,b200-block8-20260922/35B-A3B/vllm_baseline/vllm_baseline/c32,interactivity,131.57809698556224,derived_p90,tokens/s/user
8,35B-A3B,vllm_baseline,32,2,b200-repeats-20260922/rep2-block8/35B-A3B/vllm_baseline/vllm_baseline/c32,interactivity,132.08202303388936,derived_p90,tokens/s/user
8,35B-A3B,vllm_baseline,32,3,b200-repeats-20260922/rep3-block8/35B-A3B/vllm_baseline/vllm_baseline/c32,interactivity,134.04874450169052,derived_p90,tokens/s/user
8,35B-A3B,vllm_baseline,32,1,b200-block8-20260922/35B-A3B/vllm_baseline/vllm_baseline/c32,output_token_throughput,3914.730229119437,avg,tokens/s
8,35B-A3B,vllm_baseline,32,2,b200-repeats-20260922/rep2-block8/35B-A3B/vllm_baseline/vllm_baseline/c32,output_token_throughput,3918.561918634868,avg,tokens/s
8,35B-A3B,vllm_baseline,32,3,b200-repeats-20260922/rep3-block8/35B-A3B/vllm_baseline/vllm_baseline/c32,output_token_throughput,4019.755475046185,avg,tokens/s
8,35B-A3B,vllm_baseline,32,1,b200-block8-20260922/35B-A3B/vllm_baseline/vllm_baseline/c32,time_to_first_token,208.30361301,p99,ms
8,35B-A3B,vllm_baseline,32,2,b200-repeats-20260922/rep2-block8/35B-A3B/vllm_baseline/vllm_baseline/c32,time_to_first_token,277.0745879,p99,ms
8,35B-A3B,vllm_baseline,32,3,b200-repeats-20260922/rep3-block8/35B-A3B/vllm_baseline/vllm_baseline/c32,time_to_first_token,158.17070825999997,p99,ms
8,35B-A3B,vllm_dflash,1,1,b200-block8-20260922/35B-A3B/vllm_dflash/vllm_dflash/c1,acceptance_length,5.251783893985729,avg,tokens
8,35B-A3B,vllm_dflash,1,2,b200-repeats-20260922/rep2-block8/35B-A3B/vllm_dflash/vllm_dflash/c1,acceptance_length,5.251783893985729,avg,tokens
8,35B-A3B,vllm_dflash,1,3,b200-repeats-20260922/rep3-block8/35B-A3B/vllm_dflash/vllm_dflash/c1,acceptance_length,5.251783893985729,avg,tokens
8,35B-A3B,vllm_dflash,1,1,b200-block8-20260922/35B-A3B/vllm_dflash/vllm_dflash/c1,inter_chunk_latency,13.025918240000005,p99,ms
8,35B-A3B,vllm_dflash,1,2,b200-repeats-20260922/rep2-block8/35B-A3B/vllm_dflash/vllm_dflash/c1,inter_chunk_latency,13.770046080000002,p99,ms
8,35B-A3B,vllm_dflash,1,3,b200-repeats-20260922/rep3-block8/35B-A3B/vllm_dflash/vllm_dflash/c1,inter_chunk_latency,13.21756864,p99,ms
8,35B-A3B,vllm_dflash,1,1,b200-block8-20260922/35B-A3B/vllm_dflash/vllm_dflash/c1,inter_token_latency,2.192915594901961,p90,ms
8,35B-A3B,vllm_dflash,1,2,b200-repeats-20260922/rep2-block8/35B-A3B/vllm_dflash/vllm_dflash/c1,inter_token_latency,2.213638250196078,p90,ms
8,35B-A3B,vllm_dflash,1,3,b200-repeats-20260922/rep3-block8/35B-A3B/vllm_dflash/vllm_dflash/c1,inter_token_latency,2.2461689568627454,p90,ms
8,35B-A3B,vllm_dflash,1,1,b200-block8-20260922/35B-A3B/vllm_dflash/vllm_dflash/c1,inter_token_latency,2.462876666039216,p99,ms
8,35B-A3B,vllm_dflash,1,2,b200-repeats-20260922/rep2-block8/35B-A3B/vllm_dflash/vllm_dflash/c1,inter_token_latency,2.477007282431373,p99,ms
8,35B-A3B,vllm_dflash,1,3,b200-repeats-20260922/rep3-block8/35B-A3B/vllm_dflash/vllm_dflash/c1,inter_token_latency,2.50512309282353,p99,ms
8,35B-A3B,vllm_dflash,1,1,b200-block8-20260922/35B-A3B/vllm_dflash/vllm_dflash/c1,interactivity,406.0292639859203,derived,tokens/s/user
8,35B-A3B,vllm_dflash,1,2,b200-repeats-20260922/rep2-block8/35B-A3B/vllm_dflash/vllm_dflash/c1,interactivity,403.7129834428356,derived,tokens/s/user
8,35B-A3B,vllm_dflash,1,3,b200-repeats-20260922/rep3-block8/35B-A3B/vllm_dflash/vllm_dflash/c1,interactivity,399.1819814621954,derived,tokens/s/user
8,35B-A3B,vllm_dflash,1,1,b200-block8-20260922/35B-A3B/vllm_dflash/vllm_dflash/c1,interactivity,456.01390328235914,derived_p90,tokens/s/user
8,35B-A3B,vllm_dflash,1,2,b200-repeats-20260922/rep2-block8/35B-A3B/vllm_dflash/vllm_dflash/c1,interactivity,451.7449948795485,derived_p90,tokens/s/user
8,35B-A3B,vllm_dflash,1,3,b200-repeats-20260922/rep3-block8/35B-A3B/vllm_dflash/vllm_dflash/c1,interactivity,445.202484410039,derived_p90,tokens/s/user
8,35B-A3B,vllm_dflash,1,1,b200-block8-20260922/35B-A3B/vllm_dflash/vllm_dflash/c1,output_token_throughput,499.98661442085705,avg,tokens/s
8,35B-A3B,vllm_dflash,1,2,b200-repeats-20260922/rep2-block8/35B-A3B/vllm_dflash/vllm_dflash/c1,output_token_throughput,498.0616607592544,avg,tokens/s
8,35B-A3B,vllm_dflash,1,3,b200-repeats-20260922/rep3-block8/35B-A3B/vllm_dflash/vllm_dflash/c1,output_token_throughput,483.4798939722866,avg,tokens/s
8,35B-A3B,vllm_dflash,1,1,b200-block8-20260922/35B-A3B/vllm_dflash/vllm_dflash/c1,time_to_first_token,59.09378455000003,p99,ms
8,35B-A3B,vllm_dflash,1,2,b200-repeats-20260922/rep2-block8/35B-A3B/vllm_dflash/vllm_dflash/c1,time_to_first_token,61.878632190000005,p99,ms
8,35B-A3B,vllm_dflash,1,3,b200-repeats-20260922/rep3-block8/35B-A3B/vllm_dflash/vllm_dflash/c1,time_to_first_token,68.13919120000006,p99,ms
8,35B-A3B,vllm_dflash,2,1,b200-block8-20260922/35B-A3B/vllm_dflash/vllm_dflash/c2,acceptance_length,5.176470588235294,avg,tokens
8,35B-A3B,vllm_dflash,2,2,b200-repeats-20260922/rep2-block8/35B-A3B/vllm_dflash/vllm_dflash/c2,acceptance_length,5.374217118997913,avg,tokens
8,35B-A3B,vllm_dflash,2,3,b200-repeats-20260922/rep3-block8/35B-A3B/vllm_dflash/vllm_dflash/c2,acceptance_length,5.281394156842645,avg,tokens
8,35B-A3B,vllm_dflash,2,1,b200-block8-20260922/35B-A3B/vllm_dflash/vllm_dflash/c2,inter_chunk_latency,56.02180776,p99,ms
8,35B-A3B,vllm_dflash,2,2,b200-repeats-20260922/rep2-block8/35B-A3B/vllm_dflash/vllm_dflash/c2,inter_chunk_latency,55.85294929999999,p99,ms
8,35B-A3B,vllm_dflash,2,3,b200-repeats-20260922/rep3-block8/35B-A3B/vllm_dflash/vllm_dflash/c2,inter_chunk_latency,59.115605,p99,ms
8,35B-A3B,vllm_dflash,2,1,b200-block8-20260922/35B-A3B/vllm_dflash/vllm_dflash/c2,inter_token_latency,2.4162548792156864,p90,ms
8,35B-A3B,vllm_dflash,2,2,b200-repeats-20260922/rep2-block8/35B-A3B/vllm_dflash/vllm_dflash/c2,inter_token_latency,2.3872604533333335,p90,ms
8,35B-A3B,vllm_dflash,2,3,b200-repeats-20260922/rep3-block8/35B-A3B/vllm_dflash/vllm_dflash/c2,inter_token_latency,2.596970799607843,p90,ms
8,35B-A3B,vllm_dflash,2,1,b200-block8-20260922/35B-A3B/vllm_dflash/vllm_dflash/c2,inter_token_latency,2.7918372342745097,p99,ms
8,35B-A3B,vllm_dflash,2,2,b200-repeats-20260922/rep2-block8/35B-A3B/vllm_dflash/vllm_dflash/c2,inter_token_latency,2.737772727882353,p99,ms
8,35B-A3B,vllm_dflash,2,3,b200-repeats-20260922/rep3-block8/35B-A3B/vllm_dflash/vllm_dflash/c2,inter_token_latency,3.3908472425882343,p99,ms
8,35B-A3B,vllm_dflash,2,1,b200-block8-20260922/35B-A3B/vllm_dflash/vllm_dflash/c2,interactivity,358.18707040772784,derived,tokens/s/user
8,35B-A3B,vllm_dflash,2,2,b200-repeats-20260922/rep2-block8/35B-A3B/vllm_dflash/vllm_dflash/c2,interactivity,365.2604139911542,derived,tokens/s/user
8,35B-A3B,vllm_dflash,2,3,b200-repeats-20260922/rep3-block8/35B-A3B/vllm_dflash/vllm_dflash/c2,interactivity,294.91154524457426,derived,tokens/s/user
8,35B-A3B,vllm_dflash,2,1,b200-block8-20260922/35B-A3B/vllm_dflash/vllm_dflash/c2,interactivity,413.8636236606789,derived_p90,tokens/s/user
8,35B-A3B,vllm_dflash,2,2,b200-repeats-20260922/rep2-block8/35B-A3B/vllm_dflash/vllm_dflash/c2,interactivity,418.89019633517546,derived_p90,tokens/s/user
8,35B-A3B,vllm_dflash,2,3,b200-repeats-20260922/rep3-block8/35B-A3B/vllm_dflash/vllm_dflash/c2,interactivity,385.06401386993093,derived_p90,tokens/s/user
8,35B-A3B,vllm_dflash,2,1,b200-block8-20260922/35B-A3B/vllm_dflash/vllm_dflash/c2,output_token_throughput,840.4350490298177,avg,tokens/s
8,35B-A3B,vllm_dflash,2,2,b200-repeats-20260922/rep2-block8/35B-A3B/vllm_dflash/vllm_dflash/c2,output_token_throughput,856.0850450681215,avg,tokens/s
8,35B-A3B,vllm_dflash,2,3,b200-repeats-20260922/rep3-block8/35B-A3B/vllm_dflash/vllm_dflash/c2,output_token_throughput,777.8770155393212,avg,tokens/s
8,35B-A3B,vllm_dflash,2,1,b200-block8-20260922/35B-A3B/vllm_dflash/vllm_dflash/c2,time_to_first_token,102.53574704,p99,ms
8,35B-A3B,vllm_dflash,2,2,b200-repeats-20260922/rep2-block8/35B-A3B/vllm_dflash/vllm_dflash/c2,time_to_first_token,118.05463131999998,p99,ms
8,35B-A3B,vllm_dflash,2,3,b200-repeats-20260922/rep3-block8/35B-A3B/vllm_dflash/vllm_dflash/c2,time_to_first_token,128.20483338,p99,ms
8,35B-A3B,vllm_dflash,4,1,b200-block8-20260922/35B-A3B/vllm_dflash/vllm_dflash/c4,acceptance_length,5.144247566758173,avg,tokens
8,35B-A3B,vllm_dflash,4,2,b200-repeats-20260922/rep2-block8/35B-A3B/vllm_dflash/vllm_dflash/c4,acceptance_length,5.126585426510818,avg,tokens
8,35B-A3B,vllm_dflash,4,3,b200-repeats-20260922/rep3-block8/35B-A3B/vllm_dflash/vllm_dflash/c4,acceptance_length,5.110121257114575,avg,tokens
8,35B-A3B,vllm_dflash,4,1,b200-block8-20260922/35B-A3B/vllm_dflash/vllm_dflash/c4,inter_chunk_latency,56.33668192,p99,ms
8,35B-A3B,vllm_dflash,4,2,b200-repeats-20260922/rep2-block8/35B-A3B/vllm_dflash/vllm_dflash/c4,inter_chunk_latency,56.5892184,p99,ms
8,35B-A3B,vllm_dflash,4,3,b200-repeats-20260922/rep3-block8/35B-A3B/vllm_dflash/vllm_dflash/c4,inter_chunk_latency,60.15523419999999,p99,ms
8,35B-A3B,vllm_dflash,4,1,b200-block8-20260922/35B-A3B/vllm_dflash/vllm_dflash/c4,inter_token_latency,3.007911548627451,p90,ms
8,35B-A3B,vllm_dflash,4,2,b200-repeats-20260922/rep2-block8/35B-A3B/vllm_dflash/vllm_dflash/c4,inter_token_latency,2.963094546666667,p90,ms
8,35B-A3B,vllm_dflash,4,3,b200-repeats-20260922/rep3-block8/35B-A3B/vllm_dflash/vllm_dflash/c4,inter_token_latency,3.128164146666667,p90,ms
8,35B-A3B,vllm_dflash,4,1,b200-block8-20260922/35B-A3B/vllm_dflash/vllm_dflash/c4,inter_token_latency,3.4204210710588225,p99,ms
8,35B-A3B,vllm_dflash,4,2,b200-repeats-20260922/rep2-block8/35B-A3B/vllm_dflash/vllm_dflash/c4,inter_token_latency,3.505073857843134,p99,ms
8,35B-A3B,vllm_dflash,4,3,b200-repeats-20260922/rep3-block8/35B-A3B/vllm_dflash/vllm_dflash/c4,inter_token_latency,3.862429050549016,p99,ms
8,35B-A3B,vllm_dflash,4,1,b200-block8-20260922/35B-A3B/vllm_dflash/vllm_dflash/c4,interactivity,292.36166519417475,derived,tokens/s/user
8,35B-A3B,vllm_dflash,4,2,b200-repeats-20260922/rep2-block8/35B-A3B/vllm_dflash/vllm_dflash/c4,interactivity,285.30069281203544,derived,tokens/s/user
8,35B-A3B,vllm_dflash,4,3,b200-repeats-20260922/rep3-block8/35B-A3B/vllm_dflash/vllm_dflash/c4,interactivity,258.9044321365223,derived,tokens/s/user
8,35B-A3B,vllm_dflash,4,1,b200-block8-20260922/35B-A3B/vllm_dflash/vllm_dflash/c4,interactivity,332.45658452168016,derived_p90,tokens/s/user
8,35B-A3B,vllm_dflash,4,2,b200-repeats-20260922/rep2-block8/35B-A3B/vllm_dflash/vllm_dflash/c4,interactivity,337.48501245933915,derived_p90,tokens/s/user
8,35B-A3B,vllm_dflash,4,3,b200-repeats-20260922/rep3-block8/35B-A3B/vllm_dflash/vllm_dflash/c4,interactivity,319.6763191169452,derived_p90,tokens/s/user
8,35B-A3B,vllm_dflash,4,1,b200-block8-20260922/35B-A3B/vllm_dflash/vllm_dflash/c4,output_token_throughput,1452.7592083404184,avg,tokens/s
8,35B-A3B,vllm_dflash,4,2,b200-repeats-20260922/rep2-block8/35B-A3B/vllm_dflash/vllm_dflash/c4,output_token_throughput,1433.9658513642714,avg,tokens/s
8,35B-A3B,vllm_dflash,4,3,b200-repeats-20260922/rep3-block8/35B-A3B/vllm_dflash/vllm_dflash/c4,output_token_throughput,1356.3247619764595,avg,tokens/s
8,35B-A3B,vllm_dflash,4,1,b200-block8-20260922/35B-A3B/vllm_dflash/vllm_dflash/c4,time_to_first_token,130.67496945,p99,ms
8,35B-A3B,vllm_dflash,4,2,b200-repeats-20260922/rep2-block8/35B-A3B/vllm_dflash/vllm_dflash/c4,time_to_first_token,155.06327460999998,p99,ms
8,35B-A3B,vllm_dflash,4,3,b200-repeats-20260922/rep3-block8/35B-A3B/vllm_dflash/vllm_dflash/c4,time_to_first_token,155.54284981,p99,ms
8,35B-A3B,vllm_dflash,8,1,b200-block8-20260922/35B-A3B/vllm_dflash/vllm_dflash/c8,acceptance_length,5.214511439767413,avg,tokens
8,35B-A3B,vllm_dflash,8,2,b200-repeats-20260922/rep2-block8/35B-A3B/vllm_dflash/vllm_dflash/c8,acceptance_length,5.168149354717454,avg,tokens
8,35B-A3B,vllm_dflash,8,3,b200-repeats-20260922/rep3-block8/35B-A3B/vllm_dflash/vllm_dflash/c8,acceptance_length,5.200681130171544,avg,tokens
8,35B-A3B,vllm_dflash,8,1,b200-block8-20260922/35B-A3B/vllm_dflash/vllm_dflash/c8,inter_chunk_latency,62.348729,p99,ms
8,35B-A3B,vllm_dflash,8,2,b200-repeats-20260922/rep2-block8/35B-A3B/vllm_dflash/vllm_dflash/c8,inter_chunk_latency,59.5361048,p99,ms
8,35B-A3B,vllm_dflash,8,3,b200-repeats-20260922/rep3-block8/35B-A3B/vllm_dflash/vllm_dflash/c8,inter_chunk_latency,60.20334525999998,p99,ms
8,35B-A3B,vllm_dflash,8,1,b200-block8-20260922/35B-A3B/vllm_dflash/vllm_dflash/c8,inter_token_latency,4.005709624313726,p90,ms
8,35B-A3B,vllm_dflash,8,2,b200-repeats-20260922/rep2-block8/35B-A3B/vllm_dflash/vllm_dflash/c8,inter_token_latency,3.9629920541176467,p90,ms
8,35B-A3B,vllm_dflash,8,3,b200-repeats-20260922/rep3-block8/35B-A3B/vllm_dflash/vllm_dflash/c8,inter_token_latency,3.9529489643137254,p90,ms
8,35B-A3B,vllm_dflash,8,1,b200-block8-20260922/35B-A3B/vllm_dflash/vllm_dflash/c8,inter_token_latency,5.171251338980391,p99,ms
8,35B-A3B,vllm_dflash,8,2,b200-repeats-20260922/rep2-block8/35B-A3B/vllm_dflash/vllm_dflash/c8,inter_token_latency,4.846584133490194,p99,ms
8,35B-A3B,vllm_dflash,8,3,b200-repeats-20260922/rep3-block8/35B-A3B/vllm_dflash/vllm_dflash/c8,inter_token_latency,4.574779098745096,p99,ms
8,35B-A3B,vllm_dflash,8,1,b200-block8-20260922/35B-A3B/vllm_dflash/vllm_dflash/c8,interactivity,193.37679305240823,derived,tokens/s/user
8,35B-A3B,vllm_dflash,8,2,b200-repeats-20260922/rep2-block8/35B-A3B/vllm_dflash/vllm_dflash/c8,interactivity,206.33088634321612,derived,tokens/s/user
8,35B-A3B,vllm_dflash,8,3,b200-repeats-20260922/rep3-block8/35B-A3B/vllm_dflash/vllm_dflash/c8,interactivity,218.5897894554754,derived,tokens/s/user
8,35B-A3B,vllm_dflash,8,1,b200-block8-20260922/35B-A3B/vllm_dflash/vllm_dflash/c8,interactivity,249.64365712637596,derived_p90,tokens/s/user
8,35B-A3B,vllm_dflash,8,2,b200-repeats-20260922/rep2-block8/35B-A3B/vllm_dflash/vllm_dflash/c8,interactivity,252.33459627075842,derived_p90,tokens/s/user
8,35B-A3B,vllm_dflash,8,3,b200-repeats-20260922/rep3-block8/35B-A3B/vllm_dflash/vllm_dflash/c8,interactivity,252.97569207894156,derived_p90,tokens/s/user
8,35B-A3B,vllm_dflash,8,1,b200-block8-20260922/35B-A3B/vllm_dflash/vllm_dflash/c8,output_token_throughput,2168.556107490486,avg,tokens/s
8,35B-A3B,vllm_dflash,8,2,b200-repeats-20260922/rep2-block8/35B-A3B/vllm_dflash/vllm_dflash/c8,output_token_throughput,2217.0223549395623,avg,tokens/s
8,35B-A3B,vllm_dflash,8,3,b200-repeats-20260922/rep3-block8/35B-A3B/vllm_dflash/vllm_dflash/c8,output_token_throughput,2224.081047792196,avg,tokens/s
8,35B-A3B,vllm_dflash,8,1,b200-block8-20260922/35B-A3B/vllm_dflash/vllm_dflash/c8,time_to_first_token,171.49500959999995,p99,ms
8,35B-A3B,vllm_dflash,8,2,b200-repeats-20260922/rep2-block8/35B-A3B/vllm_dflash/vllm_dflash/c8,time_to_first_token,145.72885613999995,p99,ms
8,35B-A3B,vllm_dflash,8,3,b200-repeats-20260922/rep3-block8/35B-A3B/vllm_dflash/vllm_dflash/c8,time_to_first_token,174.73646675,p99,ms
8,35B-A3B,vllm_dflash,16,1,b200-block8-20260922/35B-A3B/vllm_dflash/vllm_dflash/c16,acceptance_length,5.209506375457644,avg,tokens
8,35B-A3B,vllm_dflash,16,2,b200-repeats-20260922/rep2-block8/35B-A3B/vllm_dflash/vllm_dflash/c16,acceptance_length,5.179529042386185,avg,tokens
8,35B-A3B,vllm_dflash,16,3,b200-repeats-20260922/rep3-block8/35B-A3B/vllm_dflash/vllm_dflash/c16,acceptance_length,5.194685807832767,avg,tokens
8,35B-A3B,vllm_dflash,16,1,b200-block8-20260922/35B-A3B/vllm_dflash/vllm_dflash/c16,inter_chunk_latency,66.6974031,p99,ms
8,35B-A3B,vllm_dflash,16,2,b200-repeats-20260922/rep2-block8/35B-A3B/vllm_dflash/vllm_dflash/c16,inter_chunk_latency,63.87314043999999,p99,ms
8,35B-A3B,vllm_dflash,16,3,b200-repeats-20260922/rep3-block8/35B-A3B/vllm_dflash/vllm_dflash/c16,inter_chunk_latency,61.44805307000001,p99,ms
8,35B-A3B,vllm_dflash,16,1,b200-block8-20260922/35B-A3B/vllm_dflash/vllm_dflash/c16,inter_token_latency,5.790707158431373,p90,ms
8,35B-A3B,vllm_dflash,16,2,b200-repeats-20260922/rep2-block8/35B-A3B/vllm_dflash/vllm_dflash/c16,inter_token_latency,5.642929585882353,p90,ms
8,35B-A3B,vllm_dflash,16,3,b200-repeats-20260922/rep3-block8/35B-A3B/vllm_dflash/vllm_dflash/c16,inter_token_latency,5.566353376078432,p90,ms
8,35B-A3B,vllm_dflash,16,1,b200-block8-20260922/35B-A3B/vllm_dflash/vllm_dflash/c16,inter_token_latency,6.787893882588236,p99,ms
8,35B-A3B,vllm_dflash,16,2,b200-repeats-20260922/rep2-block8/35B-A3B/vllm_dflash/vllm_dflash/c16,inter_token_latency,7.099426149490196,p99,ms
8,35B-A3B,vllm_dflash,16,3,b200-repeats-20260922/rep3-block8/35B-A3B/vllm_dflash/vllm_dflash/c16,inter_token_latency,7.190775975568628,p99,ms
8,35B-A3B,vllm_dflash,16,1,b200-block8-20260922/35B-A3B/vllm_dflash/vllm_dflash/c16,interactivity,147.32110096257108,derived,tokens/s/user
8,35B-A3B,vllm_dflash,16,2,b200-repeats-20260922/rep2-block8/35B-A3B/vllm_dflash/vllm_dflash/c16,interactivity,140.85645500683307,derived,tokens/s/user
8,35B-A3B,vllm_dflash,16,3,b200-repeats-20260922/rep3-block8/35B-A3B/vllm_dflash/vllm_dflash/c16,interactivity,139.067049703342,derived,tokens/s/user
8,35B-A3B,vllm_dflash,16,1,b200-block8-20260922/35B-A3B/vllm_dflash/vllm_dflash/c16,interactivity,172.69048021949826,derived_p90,tokens/s/user
8,35B-A3B,vllm_dflash,16,2,b200-repeats-20260922/rep2-block8/35B-A3B/vllm_dflash/vllm_dflash/c16,interactivity,177.21291481322564,derived_p90,tokens/s/user
8,35B-A3B,vllm_dflash,16,3,b200-repeats-20260922/rep3-block8/35B-A3B/vllm_dflash/vllm_dflash/c16,interactivity,179.65082926598402,derived_p90,tokens/s/user
8,35B-A3B,vllm_dflash,16,1,b200-block8-20260922/35B-A3B/vllm_dflash/vllm_dflash/c16,output_token_throughput,3055.0764137911065,avg,tokens/s
8,35B-A3B,vllm_dflash,16,2,b200-repeats-20260922/rep2-block8/35B-A3B/vllm_dflash/vllm_dflash/c16,output_token_throughput,3236.1240535937704,avg,tokens/s
8,35B-A3B,vllm_dflash,16,3,b200-repeats-20260922/rep3-block8/35B-A3B/vllm_dflash/vllm_dflash/c16,output_token_throughput,3191.553860394345,avg,tokens/s
8,35B-A3B,vllm_dflash,16,1,b200-block8-20260922/35B-A3B/vllm_dflash/vllm_dflash/c16,time_to_first_token,881.83284733,p99,ms
8,35B-A3B,vllm_dflash,16,2,b200-repeats-20260922/rep2-block8/35B-A3B/vllm_dflash/vllm_dflash/c16,time_to_first_token,190.19261875,p99,ms
8,35B-A3B,vllm_dflash,16,3,b200-repeats-20260922/rep3-block8/35B-A3B/vllm_dflash/vllm_dflash/c16,time_to_first_token,194.09699897,p99,ms
8,35B-A3B,vllm_dflash,32,1,b200-block8-20260922/35B-A3B/vllm_dflash/vllm_dflash/c32,acceptance_length,5.20325997856107,avg,tokens
8,35B-A3B,vllm_dflash,32,2,b200-repeats-20260922/rep2-block8/35B-A3B/vllm_dflash/vllm_dflash/c32,acceptance_length,5.184005283351154,avg,tokens
8,35B-A3B,vllm_dflash,32,3,b200-repeats-20260922/rep3-block8/35B-A3B/vllm_dflash/vllm_dflash/c32,acceptance_length,5.1704566810749855,avg,tokens
8,35B-A3B,vllm_dflash,32,1,b200-block8-20260922/35B-A3B/vllm_dflash/vllm_dflash/c32,inter_chunk_latency,73.16237971999999,p99,ms
8,35B-A3B,vllm_dflash,32,2,b200-repeats-20260922/rep2-block8/35B-A3B/vllm_dflash/vllm_dflash/c32,inter_chunk_latency,78.60789462,p99,ms
8,35B-A3B,vllm_dflash,32,3,b200-repeats-20260922/rep3-block8/35B-A3B/vllm_dflash/vllm_dflash/c32,inter_chunk_latency,110.0968395,p99,ms
8,35B-A3B,vllm_dflash,32,1,b200-block8-20260922/35B-A3B/vllm_dflash/vllm_dflash/c32,inter_token_latency,7.873069520392157,p90,ms
8,35B-A3B,vllm_dflash,32,2,b200-repeats-20260922/rep2-block8/35B-A3B/vllm_dflash/vllm_dflash/c32,inter_token_latency,8.526315703529411,p90,ms
8,35B-A3B,vllm_dflash,32,3,b200-repeats-20260922/rep3-block8/35B-A3B/vllm_dflash/vllm_dflash/c32,inter_token_latency,10.393776882745097,p90,ms
8,35B-A3B,vllm_dflash,32,1,b200-block8-20260922/35B-A3B/vllm_dflash/vllm_dflash/c32,inter_token_latency,9.40861448227451,p99,ms
8,35B-A3B,vllm_dflash,32,2,b200-repeats-20260922/rep2-block8/35B-A3B/vllm_dflash/vllm_dflash/c32,inter_token_latency,10.883559109254902,p99,ms
8,35B-A3B,vllm_dflash,32,3,b200-repeats-20260922/rep3-block8/35B-A3B/vllm_dflash/vllm_dflash/c32,inter_token_latency,12.962388103882356,p99,ms
8,35B-A3B,vllm_dflash,32,1,b200-block8-20260922/35B-A3B/vllm_dflash/vllm_dflash/c32,interactivity,106.28557497854376,derived,tokens/s/user
8,35B-A3B,vllm_dflash,32,2,b200-repeats-20260922/rep2-block8/35B-A3B/vllm_dflash/vllm_dflash/c32,interactivity,91.88170799289765,derived,tokens/s/user
8,35B-A3B,vllm_dflash,32,3,b200-repeats-20260922/rep3-block8/35B-A3B/vllm_dflash/vllm_dflash/c32,interactivity,77.1462782926929,derived,tokens/s/user
8,35B-A3B,vllm_dflash,32,1,b200-block8-20260922/35B-A3B/vllm_dflash/vllm_dflash/c32,interactivity,127.01526353982837,derived_p90,tokens/s/user
8,35B-A3B,vllm_dflash,32,2,b200-repeats-20260922/rep2-block8/35B-A3B/vllm_dflash/vllm_dflash/c32,interactivity,117.28395179949257,derived_p90,tokens/s/user
8,35B-A3B,vllm_dflash,32,3,b200-repeats-20260922/rep3-block8/35B-A3B/vllm_dflash/vllm_dflash/c32,interactivity,96.21141682001262,derived_p90,tokens/s/user
8,35B-A3B,vllm_dflash,32,1,b200-block8-20260922/35B-A3B/vllm_dflash/vllm_dflash/c32,output_token_throughput,4644.50703684482,avg,tokens/s
8,35B-A3B,vllm_dflash,32,2,b200-repeats-20260922/rep2-block8/35B-A3B/vllm_dflash/vllm_dflash/c32,output_token_throughput,4338.731597439306,avg,tokens/s
8,35B-A3B,vllm_dflash,32,3,b200-repeats-20260922/rep3-block8/35B-A3B/vllm_dflash/vllm_dflash/c32,output_token_throughput,3678.827981777132,avg,tokens/s
8,35B-A3B,vllm_dflash,32,1,b200-block8-20260922/35B-A3B/vllm_dflash/vllm_dflash/c32,time_to_first_token,245.02006625,p99,ms
8,35B-A3B,vllm_dflash,32,2,b200-repeats-20260922/rep2-block8/35B-A3B/vllm_dflash/vllm_dflash/c32,time_to_first_token,267.10459653,p99,ms
8,35B-A3B,vllm_dflash,32,3,b200-repeats-20260922/rep3-block8/35B-A3B/vllm_dflash/vllm_dflash/c32,time_to_first_token,348.38563172,p99,ms
8,4B,pr2_dflash,1,1,b200-block8-20260922/4B/pr2_dflash/vllm_dflash/c1,acceptance_length,4.6248654467169,avg,tokens
8,4B,pr2_dflash,1,2,b200-repeats-20260922/rep2-block8/4B/pr2_dflash/vllm_dflash/c1,acceptance_length,4.592948717948718,avg,tokens
8,4B,pr2_dflash,1,3,b200-repeats-20260922/rep3-block8/4B/pr2_dflash/vllm_dflash/c1,acceptance_length,4.678104575163399,avg,tokens
8,4B,pr2_dflash,1,1,b200-block8-20260922/4B/pr2_dflash/vllm_dflash/c1,inter_chunk_latency,8.48749468,p99,ms
8,4B,pr2_dflash,1,2,b200-repeats-20260922/rep2-block8/4B/pr2_dflash/vllm_dflash/c1,inter_chunk_latency,7.8743468,p99,ms
8,4B,pr2_dflash,1,3,b200-repeats-20260922/rep3-block8/4B/pr2_dflash/vllm_dflash/c1,inter_chunk_latency,9.58417997,p99,ms
8,4B,pr2_dflash,1,1,b200-block8-20260922/4B/pr2_dflash/vllm_dflash/c1,inter_token_latency,1.6565166521568626,p90,ms
8,4B,pr2_dflash,1,2,b200-repeats-20260922/rep2-block8/4B/pr2_dflash/vllm_dflash/c1,inter_token_latency,1.6298662713725491,p90,ms
8,4B,pr2_dflash,1,3,b200-repeats-20260922/rep3-block8/4B/pr2_dflash/vllm_dflash/c1,inter_token_latency,1.6875801192156863,p90,ms
8,4B,pr2_dflash,1,1,b200-block8-20260922/4B/pr2_dflash/vllm_dflash/c1,inter_token_latency,1.9236721757254904,p99,ms
8,4B,pr2_dflash,1,2,b200-repeats-20260922/rep2-block8/4B/pr2_dflash/vllm_dflash/c1,inter_token_latency,1.845190937529412,p99,ms
8,4B,pr2_dflash,1,3,b200-repeats-20260922/rep3-block8/4B/pr2_dflash/vllm_dflash/c1,inter_token_latency,2.186858695882353,p99,ms
8,4B,pr2_dflash,1,1,b200-block8-20260922/4B/pr2_dflash/vllm_dflash/c1,interactivity,519.8390934894412,derived,tokens/s/user
8,4B,pr2_dflash,1,2,b200-repeats-20260922/rep2-block8/4B/pr2_dflash/vllm_dflash/c1,interactivity,541.9493341642647,derived,tokens/s/user
8,4B,pr2_dflash,1,3,b200-repeats-20260922/rep3-block8/4B/pr2_dflash/vllm_dflash/c1,interactivity,457.2769159172949,derived,tokens/s/user
8,4B,pr2_dflash,1,1,b200-block8-20260922/4B/pr2_dflash/vllm_dflash/c1,interactivity,603.6763944980287,derived_p90,tokens/s/user
8,4B,pr2_dflash,1,2,b200-repeats-20260922/rep2-block8/4B/pr2_dflash/vllm_dflash/c1,interactivity,613.5472692234291,derived_p90,tokens/s/user
8,4B,pr2_dflash,1,3,b200-repeats-20260922/rep3-block8/4B/pr2_dflash/vllm_dflash/c1,interactivity,592.564458785374,derived_p90,tokens/s/user
8,4B,pr2_dflash,1,1,b200-block8-20260922/4B/pr2_dflash/vllm_dflash/c1,output_token_throughput,718.6255716448579,avg,tokens/s
8,4B,pr2_dflash,1,2,b200-repeats-20260922/rep2-block8/4B/pr2_dflash/vllm_dflash/c1,output_token_throughput,731.8784630584844,avg,tokens/s
8,4B,pr2_dflash,1,3,b200-repeats-20260922/rep3-block8/4B/pr2_dflash/vllm_dflash/c1,output_token_throughput,673.2464184537687,avg,tokens/s
8,4B,pr2_dflash,1,1,b200-block8-20260922/4B/pr2_dflash/vllm_dflash/c1,time_to_first_token,47.44969751000003,p99,ms
8,4B,pr2_dflash,1,2,b200-repeats-20260922/rep2-block8/4B/pr2_dflash/vllm_dflash/c1,time_to_first_token,46.74631837,p99,ms
8,4B,pr2_dflash,1,3,b200-repeats-20260922/rep3-block8/4B/pr2_dflash/vllm_dflash/c1,time_to_first_token,64.54893678,p99,ms
8,4B,pr2_dflash,2,1,b200-block8-20260922/4B/pr2_dflash/vllm_dflash/c2,acceptance_length,4.570413149711239,avg,tokens
8,4B,pr2_dflash,2,2,b200-repeats-20260922/rep2-block8/4B/pr2_dflash/vllm_dflash/c2,acceptance_length,4.586114819759679,avg,tokens
8,4B,pr2_dflash,2,3,b200-repeats-20260922/rep3-block8/4B/pr2_dflash/vllm_dflash/c2,acceptance_length,4.493466898954704,avg,tokens
8,4B,pr2_dflash,2,1,b200-block8-20260922/4B/pr2_dflash/vllm_dflash/c2,inter_chunk_latency,37.015752269999936,p99,ms
8,4B,pr2_dflash,2,2,b200-repeats-20260922/rep2-block8/4B/pr2_dflash/vllm_dflash/c2,inter_chunk_latency,42.57718236,p99,ms
8,4B,pr2_dflash,2,3,b200-repeats-20260922/rep3-block8/4B/pr2_dflash/vllm_dflash/c2,inter_chunk_latency,44.117796950000056,p99,ms
8,4B,pr2_dflash,2,1,b200-block8-20260922/4B/pr2_dflash/vllm_dflash/c2,inter_token_latency,1.767834348235294,p90,ms
8,4B,pr2_dflash,2,2,b200-repeats-20260922/rep2-block8/4B/pr2_dflash/vllm_dflash/c2,inter_token_latency,2.148509488235294,p90,ms
8,4B,pr2_dflash,2,3,b200-repeats-20260922/rep3-block8/4B/pr2_dflash/vllm_dflash/c2,inter_token_latency,2.13386511882353,p90,ms
8,4B,pr2_dflash,2,1,b200-block8-20260922/4B/pr2_dflash/vllm_dflash/c2,inter_token_latency,1.906441914509804,p99,ms
8,4B,pr2_dflash,2,2,b200-repeats-20260922/rep2-block8/4B/pr2_dflash/vllm_dflash/c2,inter_token_latency,2.289121325450981,p99,ms
8,4B,pr2_dflash,2,3,b200-repeats-20260922/rep3-block8/4B/pr2_dflash/vllm_dflash/c2,inter_token_latency,2.495439986039216,p99,ms
8,4B,pr2_dflash,2,1,b200-block8-20260922/4B/pr2_dflash/vllm_dflash/c2,interactivity,524.5373553681682,derived,tokens/s/user
8,4B,pr2_dflash,2,2,b200-repeats-20260922/rep2-block8/4B/pr2_dflash/vllm_dflash/c2,interactivity,436.84884190355865,derived,tokens/s/user
8,4B,pr2_dflash,2,3,b200-repeats-20260922/rep3-block8/4B/pr2_dflash/vllm_dflash/c2,interactivity,400.73093546409376,derived,tokens/s/user
8,4B,pr2_dflash,2,1,b200-block8-20260922/4B/pr2_dflash/vllm_dflash/c2,interactivity,565.6638592853626,derived_p90,tokens/s/user
8,4B,pr2_dflash,2,2,b200-repeats-20260922/rep2-block8/4B/pr2_dflash/vllm_dflash/c2,interactivity,465.43894987467,derived_p90,tokens/s/user
8,4B,pr2_dflash,2,3,b200-repeats-20260922/rep3-block8/4B/pr2_dflash/vllm_dflash/c2,interactivity,468.63318172206357,derived_p90,tokens/s/user
8,4B,pr2_dflash,2,1,b200-block8-20260922/4B/pr2_dflash/vllm_dflash/c2,output_token_throughput,1240.3498720777757,avg,tokens/s
8,4B,pr2_dflash,2,2,b200-repeats-20260922/rep2-block8/4B/pr2_dflash/vllm_dflash/c2,output_token_throughput,1078.597320944899,avg,tokens/s
8,4B,pr2_dflash,2,3,b200-repeats-20260922/rep3-block8/4B/pr2_dflash/vllm_dflash/c2,output_token_throughput,1029.1287550519994,avg,tokens/s
8,4B,pr2_dflash,2,1,b200-block8-20260922/4B/pr2_dflash/vllm_dflash/c2,time_to_first_token,84.75107536999998,p99,ms
8,4B,pr2_dflash,2,2,b200-repeats-20260922/rep2-block8/4B/pr2_dflash/vllm_dflash/c2,time_to_first_token,92.28121247,p99,ms
8,4B,pr2_dflash,2,3,b200-repeats-20260922/rep3-block8/4B/pr2_dflash/vllm_dflash/c2,time_to_first_token,112.54296248,p99,ms
8,4B,pr2_dflash,4,1,b200-block8-20260922/4B/pr2_dflash/vllm_dflash/c4,acceptance_length,4.5103961479536006,avg,tokens
8,4B,pr2_dflash,4,2,b200-repeats-20260922/rep2-block8/4B/pr2_dflash/vllm_dflash/c4,acceptance_length,4.562943262411348,avg,tokens
8,4B,pr2_dflash,4,3,b200-repeats-20260922/rep3-block8/4B/pr2_dflash/vllm_dflash/c4,acceptance_length,4.577624555160142,avg,tokens
8,4B,pr2_dflash,4,1,b200-block8-20260922/4B/pr2_dflash/vllm_dflash/c4,inter_chunk_latency,38.65183896,p99,ms
8,4B,pr2_dflash,4,2,b200-repeats-20260922/rep2-block8/4B/pr2_dflash/vllm_dflash/c4,inter_chunk_latency,44.00791544000001,p99,ms
8,4B,pr2_dflash,4,3,b200-repeats-20260922/rep3-block8/4B/pr2_dflash/vllm_dflash/c4,inter_chunk_latency,52.54330110000001,p99,ms
8,4B,pr2_dflash,4,1,b200-block8-20260922/4B/pr2_dflash/vllm_dflash/c4,inter_token_latency,2.227590242745098,p90,ms
8,4B,pr2_dflash,4,2,b200-repeats-20260922/rep2-block8/4B/pr2_dflash/vllm_dflash/c4,inter_token_latency,2.394562251764706,p90,ms
8,4B,pr2_dflash,4,3,b200-repeats-20260922/rep3-block8/4B/pr2_dflash/vllm_dflash/c4,inter_token_latency,2.7104910509803926,p90,ms
8,4B,pr2_dflash,4,1,b200-block8-20260922/4B/pr2_dflash/vllm_dflash/c4,inter_token_latency,2.618347605607843,p99,ms
8,4B,pr2_dflash,4,2,b200-repeats-20260922/rep2-block8/4B/pr2_dflash/vllm_dflash/c4,inter_token_latency,3.013046939764705,p99,ms
8,4B,pr2_dflash,4,3,b200-repeats-20260922/rep3-block8/4B/pr2_dflash/vllm_dflash/c4,inter_token_latency,3.405214180117646,p99,ms
8,4B,pr2_dflash,4,1,b200-block8-20260922/4B/pr2_dflash/vllm_dflash/c4,interactivity,381.9202606476891,derived,tokens/s/user
8,4B,pr2_dflash,4,2,b200-repeats-20260922/rep2-block8/4B/pr2_dflash/vllm_dflash/c4,interactivity,331.889950601995,derived,tokens/s/user
8,4B,pr2_dflash,4,3,b200-repeats-20260922/rep3-block8/4B/pr2_dflash/vllm_dflash/c4,interactivity,293.6672840841545,derived,tokens/s/user
8,4B,pr2_dflash,4,1,b200-block8-20260922/4B/pr2_dflash/vllm_dflash/c4,interactivity,448.91559534202423,derived_p90,tokens/s/user
8,4B,pr2_dflash,4,2,b200-repeats-20260922/rep2-block8/4B/pr2_dflash/vllm_dflash/c4,interactivity,417.61286400595185,derived_p90,tokens/s/user
8,4B,pr2_dflash,4,3,b200-repeats-20260922/rep3-block8/4B/pr2_dflash/vllm_dflash/c4,interactivity,368.9368388205145,derived_p90,tokens/s/user
8,4B,pr2_dflash,4,1,b200-block8-20260922/4B/pr2_dflash/vllm_dflash/c4,output_token_throughput,2045.6272191747128,avg,tokens/s
8,4B,pr2_dflash,4,2,b200-repeats-20260922/rep2-block8/4B/pr2_dflash/vllm_dflash/c4,output_token_throughput,1829.9850120948188,avg,tokens/s
8,4B,pr2_dflash,4,3,b200-repeats-20260922/rep3-block8/4B/pr2_dflash/vllm_dflash/c4,output_token_throughput,1729.7383382459104,avg,tokens/s
8,4B,pr2_dflash,4,1,b200-block8-20260922/4B/pr2_dflash/vllm_dflash/c4,time_to_first_token,96.22924568,p99,ms
8,4B,pr2_dflash,4,2,b200-repeats-20260922/rep2-block8/4B/pr2_dflash/vllm_dflash/c4,time_to_first_token,107.78814672,p99,ms
8,4B,pr2_dflash,4,3,b200-repeats-20260922/rep3-block8/4B/pr2_dflash/vllm_dflash/c4,time_to_first_token,112.92431684,p99,ms
8,4B,pr2_dflash,8,1,b200-block8-20260922/4B/pr2_dflash/vllm_dflash/c8,acceptance_length,4.604269110415736,avg,tokens
8,4B,pr2_dflash,8,2,b200-repeats-20260922/rep2-block8/4B/pr2_dflash/vllm_dflash/c8,acceptance_length,4.567929964539007,avg,tokens
8,4B,pr2_dflash,8,3,b200-repeats-20260922/rep3-block8/4B/pr2_dflash/vllm_dflash/c8,acceptance_length,4.543231633439806,avg,tokens
8,4B,pr2_dflash,8,1,b200-block8-20260922/4B/pr2_dflash/vllm_dflash/c8,inter_chunk_latency,41.08420156,p99,ms
8,4B,pr2_dflash,8,2,b200-repeats-20260922/rep2-block8/4B/pr2_dflash/vllm_dflash/c8,inter_chunk_latency,46.12532108000008,p99,ms
8,4B,pr2_dflash,8,3,b200-repeats-20260922/rep3-block8/4B/pr2_dflash/vllm_dflash/c8,inter_chunk_latency,52.28159075999999,p99,ms
8,4B,pr2_dflash,8,1,b200-block8-20260922/4B/pr2_dflash/vllm_dflash/c8,inter_token_latency,2.7667764996078428,p90,ms
8,4B,pr2_dflash,8,2,b200-repeats-20260922/rep2-block8/4B/pr2_dflash/vllm_dflash/c8,inter_token_latency,3.1906529513725483,p90,ms
8,4B,pr2_dflash,8,3,b200-repeats-20260922/rep3-block8/4B/pr2_dflash/vllm_dflash/c8,inter_token_latency,3.482760760392156,p90,ms
8,4B,pr2_dflash,8,1,b200-block8-20260922/4B/pr2_dflash/vllm_dflash/c8,inter_token_latency,3.626982498470588,p99,ms
8,4B,pr2_dflash,8,2,b200-repeats-20260922/rep2-block8/4B/pr2_dflash/vllm_dflash/c8,inter_token_latency,3.978382969882353,p99,ms
8,4B,pr2_dflash,8,3,b200-repeats-20260922/rep3-block8/4B/pr2_dflash/vllm_dflash/c8,inter_token_latency,4.209280553215686,p99,ms
8,4B,pr2_dflash,8,1,b200-block8-20260922/4B/pr2_dflash/vllm_dflash/c8,interactivity,275.71128353160685,derived,tokens/s/user
8,4B,pr2_dflash,8,2,b200-repeats-20260922/rep2-block8/4B/pr2_dflash/vllm_dflash/c8,interactivity,251.35840555580592,derived,tokens/s/user
8,4B,pr2_dflash,8,3,b200-repeats-20260922/rep3-block8/4B/pr2_dflash/vllm_dflash/c8,interactivity,237.5702895916616,derived,tokens/s/user
8,4B,pr2_dflash,8,1,b200-block8-20260922/4B/pr2_dflash/vllm_dflash/c8,interactivity,361.43143479125905,derived_p90,tokens/s/user
8,4B,pr2_dflash,8,2,b200-repeats-20260922/rep2-block8/4B/pr2_dflash/vllm_dflash/c8,interactivity,313.4154717672513,derived_p90,tokens/s/user
8,4B,pr2_dflash,8,3,b200-repeats-20260922/rep3-block8/4B/pr2_dflash/vllm_dflash/c8,interactivity,287.128536468121,derived_p90,tokens/s/user
8,4B,pr2_dflash,8,1,b200-block8-20260922/4B/pr2_dflash/vllm_dflash/c8,output_token_throughput,3264.6550274302485,avg,tokens/s
8,4B,pr2_dflash,8,2,b200-repeats-20260922/rep2-block8/4B/pr2_dflash/vllm_dflash/c8,output_token_throughput,2837.610628704845,avg,tokens/s
8,4B,pr2_dflash,8,3,b200-repeats-20260922/rep3-block8/4B/pr2_dflash/vllm_dflash/c8,output_token_throughput,2703.144243927498,avg,tokens/s
8,4B,pr2_dflash,8,1,b200-block8-20260922/4B/pr2_dflash/vllm_dflash/c8,time_to_first_token,110.55358755999998,p99,ms
8,4B,pr2_dflash,8,2,b200-repeats-20260922/rep2-block8/4B/pr2_dflash/vllm_dflash/c8,time_to_first_token,132.11398728999998,p99,ms
8,4B,pr2_dflash,8,3,b200-repeats-20260922/rep3-block8/4B/pr2_dflash/vllm_dflash/c8,time_to_first_token,123.99226235999996,p99,ms
8,4B,pr2_dflash,16,1,b200-block8-20260922/4B/pr2_dflash/vllm_dflash/c16,acceptance_length,4.513160054719562,avg,tokens
8,4B,pr2_dflash,16,2,b200-repeats-20260922/rep2-block8/4B/pr2_dflash/vllm_dflash/c16,acceptance_length,4.584588869739257,avg,tokens
8,4B,pr2_dflash,16,3,b200-repeats-20260922/rep3-block8/4B/pr2_dflash/vllm_dflash/c16,acceptance_length,4.581790895447724,avg,tokens
8,4B,pr2_dflash,16,1,b200-block8-20260922/4B/pr2_dflash/vllm_dflash/c16,inter_chunk_latency,44.04328854,p99,ms
8,4B,pr2_dflash,16,2,b200-repeats-20260922/rep2-block8/4B/pr2_dflash/vllm_dflash/c16,inter_chunk_latency,64.87011021999999,p99,ms
8,4B,pr2_dflash,16,3,b200-repeats-20260922/rep3-block8/4B/pr2_dflash/vllm_dflash/c16,inter_chunk_latency,49.38085029999918,p99,ms
8,4B,pr2_dflash,16,1,b200-block8-20260922/4B/pr2_dflash/vllm_dflash/c16,inter_token_latency,4.088391203921569,p90,ms
8,4B,pr2_dflash,16,2,b200-repeats-20260922/rep2-block8/4B/pr2_dflash/vllm_dflash/c16,inter_token_latency,5.033523496078431,p90,ms
8,4B,pr2_dflash,16,3,b200-repeats-20260922/rep3-block8/4B/pr2_dflash/vllm_dflash/c16,inter_token_latency,4.204882365882352,p90,ms
8,4B,pr2_dflash,16,1,b200-block8-20260922/4B/pr2_dflash/vllm_dflash/c16,inter_token_latency,5.005783511058823,p99,ms
8,4B,pr2_dflash,16,2,b200-repeats-20260922/rep2-block8/4B/pr2_dflash/vllm_dflash/c16,inter_token_latency,6.470485821843138,p99,ms
8,4B,pr2_dflash,16,3,b200-repeats-20260922/rep3-block8/4B/pr2_dflash/vllm_dflash/c16,inter_token_latency,5.046750586398795,p99,ms
8,4B,pr2_dflash,16,1,b200-block8-20260922/4B/pr2_dflash/vllm_dflash/c16,interactivity,199.76892684048175,derived,tokens/s/user
8,4B,pr2_dflash,16,2,b200-repeats-20260922/rep2-block8/4B/pr2_dflash/vllm_dflash/c16,interactivity,154.5479006575038,derived,tokens/s/user
8,4B,pr2_dflash,16,3,b200-repeats-20260922/rep3-block8/4B/pr2_dflash/vllm_dflash/c16,interactivity,198.14729951090555,derived,tokens/s/user
8,4B,pr2_dflash,16,1,b200-block8-20260922/4B/pr2_dflash/vllm_dflash/c16,interactivity,244.59498862065936,derived_p90,tokens/s/user
8,4B,pr2_dflash,16,2,b200-repeats-20260922/rep2-block8/4B/pr2_dflash/vllm_dflash/c16,interactivity,198.66799087738244,derived_p90,tokens/s/user
8,4B,pr2_dflash,16,3,b200-repeats-20260922/rep3-block8/4B/pr2_dflash/vllm_dflash/c16,interactivity,237.81878135612482,derived_p90,tokens/s/user
8,4B,pr2_dflash,16,1,b200-block8-20260922/4B/pr2_dflash/vllm_dflash/c16,output_token_throughput,4680.45105906588,avg,tokens/s
8,4B,pr2_dflash,16,2,b200-repeats-20260922/rep2-block8/4B/pr2_dflash/vllm_dflash/c16,output_token_throughput,3911.578366021225,avg,tokens/s
8,4B,pr2_dflash,16,3,b200-repeats-20260922/rep3-block8/4B/pr2_dflash/vllm_dflash/c16,output_token_throughput,4587.776170024387,avg,tokens/s
8,4B,pr2_dflash,16,1,b200-block8-20260922/4B/pr2_dflash/vllm_dflash/c16,time_to_first_token,123.85309166,p99,ms
8,4B,pr2_dflash,16,2,b200-repeats-20260922/rep2-block8/4B/pr2_dflash/vllm_dflash/c16,time_to_first_token,181.4176985200001,p99,ms
8,4B,pr2_dflash,16,3,b200-repeats-20260922/rep3-block8/4B/pr2_dflash/vllm_dflash/c16,time_to_first_token,146.40299236,p99,ms
8,4B,pr2_dflash,32,1,b200-block8-20260922/4B/pr2_dflash/vllm_dflash/c32,acceptance_length,4.624761637689288,avg,tokens
8,4B,pr2_dflash,32,2,b200-repeats-20260922/rep2-block8/4B/pr2_dflash/vllm_dflash/c32,acceptance_length,4.618761022310556,avg,tokens
8,4B,pr2_dflash,32,3,b200-repeats-20260922/rep3-block8/4B/pr2_dflash/vllm_dflash/c32,acceptance_length,4.608749126484975,avg,tokens
8,4B,pr2_dflash,32,1,b200-block8-20260922/4B/pr2_dflash/vllm_dflash/c32,inter_chunk_latency,45.36979796999999,p99,ms
8,4B,pr2_dflash,32,2,b200-repeats-20260922/rep2-block8/4B/pr2_dflash/vllm_dflash/c32,inter_chunk_latency,46.98521189999999,p99,ms
8,4B,pr2_dflash,32,3,b200-repeats-20260922/rep3-block8/4B/pr2_dflash/vllm_dflash/c32,inter_chunk_latency,44.85602306,p99,ms
8,4B,pr2_dflash,32,1,b200-block8-20260922/4B/pr2_dflash/vllm_dflash/c32,inter_token_latency,5.651794332621584,p90,ms
8,4B,pr2_dflash,32,2,b200-repeats-20260922/rep2-block8/4B/pr2_dflash/vllm_dflash/c32,inter_token_latency,5.594950098039216,p90,ms
8,4B,pr2_dflash,32,3,b200-repeats-20260922/rep3-block8/4B/pr2_dflash/vllm_dflash/c32,inter_token_latency,5.7043147619607835,p90,ms
8,4B,pr2_dflash,32,1,b200-block8-20260922/4B/pr2_dflash/vllm_dflash/c32,inter_token_latency,7.106142709450983,p99,ms
8,4B,pr2_dflash,32,2,b200-repeats-20260922/rep2-block8/4B/pr2_dflash/vllm_dflash/c32,inter_token_latency,7.055684688470588,p99,ms
8,4B,pr2_dflash,32,3,b200-repeats-20260922/rep3-block8/4B/pr2_dflash/vllm_dflash/c32,inter_token_latency,7.046539717843137,p99,ms
8,4B,pr2_dflash,32,1,b200-block8-20260922/4B/pr2_dflash/vllm_dflash/c32,interactivity,140.72332077851834,derived,tokens/s/user
8,4B,pr2_dflash,32,2,b200-repeats-20260922/rep2-block8/4B/pr2_dflash/vllm_dflash/c32,interactivity,141.7296894848575,derived,tokens/s/user
8,4B,pr2_dflash,32,3,b200-repeats-20260922/rep3-block8/4B/pr2_dflash/vllm_dflash/c32,interactivity,141.91362570025905,derived,tokens/s/user
8,4B,pr2_dflash,32,1,b200-block8-20260922/4B/pr2_dflash/vllm_dflash/c32,interactivity,176.93495926207032,derived_p90,tokens/s/user
8,4B,pr2_dflash,32,2,b200-repeats-20260922/rep2-block8/4B/pr2_dflash/vllm_dflash/c32,interactivity,178.73260395127673,derived_p90,tokens/s/user
8,4B,pr2_dflash,32,3,b200-repeats-20260922/rep3-block8/4B/pr2_dflash/vllm_dflash/c32,interactivity,175.30589417479183,derived_p90,tokens/s/user
8,4B,pr2_dflash,32,1,b200-block8-20260922/4B/pr2_dflash/vllm_dflash/c32,output_token_throughput,6859.633555797083,avg,tokens/s
8,4B,pr2_dflash,32,2,b200-repeats-20260922/rep2-block8/4B/pr2_dflash/vllm_dflash/c32,output_token_throughput,6963.221818924819,avg,tokens/s
8,4B,pr2_dflash,32,3,b200-repeats-20260922/rep3-block8/4B/pr2_dflash/vllm_dflash/c32,output_token_throughput,6805.24683647175,avg,tokens/s
8,4B,pr2_dflash,32,1,b200-block8-20260922/4B/pr2_dflash/vllm_dflash/c32,time_to_first_token,157.00485535,p99,ms
8,4B,pr2_dflash,32,2,b200-repeats-20260922/rep2-block8/4B/pr2_dflash/vllm_dflash/c32,time_to_first_token,262.03289069,p99,ms
8,4B,pr2_dflash,32,3,b200-repeats-20260922/rep3-block8/4B/pr2_dflash/vllm_dflash/c32,time_to_first_token,152.8549923,p99,ms
8,4B,sglang_baseline,1,1,b200-block8-20260922/4B/sglang_baseline/sglang_baseline/c1,inter_chunk_latency,3.0497216399999942,p99,ms
8,4B,sglang_baseline,1,2,b200-repeats-20260922/rep2-block8/4B/sglang_baseline/sglang_baseline/c1,inter_chunk_latency,3.6284314099999926,p99,ms
8,4B,sglang_baseline,1,3,b200-repeats-20260922/rep3-block8/4B/sglang_baseline/sglang_baseline/c1,inter_chunk_latency,6.968351179999986,p99,ms
8,4B,sglang_baseline,1,1,b200-block8-20260922/4B/sglang_baseline/sglang_baseline/c1,inter_token_latency,2.3199384462745094,p90,ms
8,4B,sglang_baseline,1,2,b200-repeats-20260922/rep2-block8/4B/sglang_baseline/sglang_baseline/c1,inter_token_latency,2.390281389803922,p90,ms
8,4B,sglang_baseline,1,3,b200-repeats-20260922/rep3-block8/4B/sglang_baseline/sglang_baseline/c1,inter_token_latency,2.4240628956862746,p90,ms
8,4B,sglang_baseline,1,1,b200-block8-20260922/4B/sglang_baseline/sglang_baseline/c1,inter_token_latency,2.3394130104313726,p99,ms
8,4B,sglang_baseline,1,2,b200-repeats-20260922/rep2-block8/4B/sglang_baseline/sglang_baseline/c1,inter_token_latency,2.403915170607226,p99,ms
8,4B,sglang_baseline,1,3,b200-repeats-20260922/rep3-block8/4B/sglang_baseline/sglang_baseline/c1,inter_token_latency,4.129079555490227,p99,ms
8,4B,sglang_baseline,1,1,b200-block8-20260922/4B/sglang_baseline/sglang_baseline/c1,interactivity,427.4576552071096,derived,tokens/s/user
8,4B,sglang_baseline,1,2,b200-repeats-20260922/rep2-block8/4B/sglang_baseline/sglang_baseline/c1,interactivity,415.9880565783032,derived,tokens/s/user
8,4B,sglang_baseline,1,3,b200-repeats-20260922/rep3-block8/4B/sglang_baseline/sglang_baseline/c1,interactivity,242.1847258114344,derived,tokens/s/user
8,4B,sglang_baseline,1,1,b200-block8-20260922/4B/sglang_baseline/sglang_baseline/c1,interactivity,431.0459191733546,derived_p90,tokens/s/user
8,4B,sglang_baseline,1,2,b200-repeats-20260922/rep2-block8/4B/sglang_baseline/sglang_baseline/c1,interactivity,418.3607855818312,derived_p90,tokens/s/user
8,4B,sglang_baseline,1,3,b200-repeats-20260922/rep3-block8/4B/sglang_baseline/sglang_baseline/c1,interactivity,412.5305501682912,derived_p90,tokens/s/user
8,4B,sglang_baseline,1,1,b200-block8-20260922/4B/sglang_baseline/sglang_baseline/c1,output_token_throughput,414.4786132221072,avg,tokens/s
8,4B,sglang_baseline,1,2,b200-repeats-20260922/rep2-block8/4B/sglang_baseline/sglang_baseline/c1,output_token_throughput,399.0284841416168,avg,tokens/s
8,4B,sglang_baseline,1,3,b200-repeats-20260922/rep3-block8/4B/sglang_baseline/sglang_baseline/c1,output_token_throughput,389.6356481336052,avg,tokens/s
8,4B,sglang_baseline,1,1,b200-block8-20260922/4B/sglang_baseline/sglang_baseline/c1,time_to_first_token,33.58624825,p99,ms
8,4B,sglang_baseline,1,2,b200-repeats-20260922/rep2-block8/4B/sglang_baseline/sglang_baseline/c1,time_to_first_token,36.03664391000004,p99,ms
8,4B,sglang_baseline,1,3,b200-repeats-20260922/rep3-block8/4B/sglang_baseline/sglang_baseline/c1,time_to_first_token,93.36423667000022,p99,ms
8,4B,sglang_baseline,2,1,b200-block8-20260922/4B/sglang_baseline/sglang_baseline/c2,inter_chunk_latency,3.172455970000001,p99,ms
8,4B,sglang_baseline,2,2,b200-repeats-20260922/rep2-block8/4B/sglang_baseline/sglang_baseline/c2,inter_chunk_latency,3.4565898100000005,p99,ms
8,4B,sglang_baseline,2,3,b200-repeats-20260922/rep3-block8/4B/sglang_baseline/sglang_baseline/c2,inter_chunk_latency,3.2920239800000006,p99,ms
8,4B,sglang_baseline,2,1,b200-block8-20260922/4B/sglang_baseline/sglang_baseline/c2,inter_token_latency,2.311157945098039,p90,ms
8,4B,sglang_baseline,2,2,b200-repeats-20260922/rep2-block8/4B/sglang_baseline/sglang_baseline/c2,inter_token_latency,2.4147844921568624,p90,ms
8,4B,sglang_baseline,2,3,b200-repeats-20260922/rep3-block8/4B/sglang_baseline/sglang_baseline/c2,inter_token_latency,2.3162209035294117,p90,ms
8,4B,sglang_baseline,2,1,b200-block8-20260922/4B/sglang_baseline/sglang_baseline/c2,inter_token_latency,2.3131009197254904,p99,ms
8,4B,sglang_baseline,2,2,b200-repeats-20260922/rep2-block8/4B/sglang_baseline/sglang_baseline/c2,inter_token_latency,2.4252298811764703,p99,ms
8,4B,sglang_baseline,2,3,b200-repeats-20260922/rep3-block8/4B/sglang_baseline/sglang_baseline/c2,inter_token_latency,2.3369930064313724,p99,ms
8,4B,sglang_baseline,2,1,b200-block8-20260922/4B/sglang_baseline/sglang_baseline/c2,interactivity,432.3200909533493,derived,tokens/s/user
8,4B,sglang_baseline,2,2,b200-repeats-20260922/rep2-block8/4B/sglang_baseline/sglang_baseline/c2,interactivity,412.3320464429144,derived,tokens/s/user
8,4B,sglang_baseline,2,3,b200-repeats-20260922/rep3-block8/4B/sglang_baseline/sglang_baseline/c2,interactivity,427.9002963415012,derived,tokens/s/user
8,4B,sglang_baseline,2,1,b200-block8-20260922/4B/sglang_baseline/sglang_baseline/c2,interactivity,432.68353948763985,derived_p90,tokens/s/user
8,4B,sglang_baseline,2,2,b200-repeats-20260922/rep2-block8/4B/sglang_baseline/sglang_baseline/c2,interactivity,414.11562946837114,derived_p90,tokens/s/user
8,4B,sglang_baseline,2,3,b200-repeats-20260922/rep3-block8/4B/sglang_baseline/sglang_baseline/c2,interactivity,431.737749398695,derived_p90,tokens/s/user
8,4B,sglang_baseline,2,1,b200-block8-20260922/4B/sglang_baseline/sglang_baseline/c2,output_token_throughput,809.5434621581076,avg,tokens/s
8,4B,sglang_baseline,2,2,b200-repeats-20260922/rep2-block8/4B/sglang_baseline/sglang_baseline/c2,output_token_throughput,771.410414506606,avg,tokens/s
8,4B,sglang_baseline,2,3,b200-repeats-20260922/rep3-block8/4B/sglang_baseline/sglang_baseline/c2,output_token_throughput,804.9363109591749,avg,tokens/s
8,4B,sglang_baseline,2,1,b200-block8-20260922/4B/sglang_baseline/sglang_baseline/c2,time_to_first_token,52.84727592,p99,ms
8,4B,sglang_baseline,2,2,b200-repeats-20260922/rep2-block8/4B/sglang_baseline/sglang_baseline/c2,time_to_first_token,71.72322023,p99,ms
8,4B,sglang_baseline,2,3,b200-repeats-20260922/rep3-block8/4B/sglang_baseline/sglang_baseline/c2,time_to_first_token,66.93192715999999,p99,ms
8,4B,sglang_baseline,4,1,b200-block8-20260922/4B/sglang_baseline/sglang_baseline/c4,inter_chunk_latency,3.597622539999998,p99,ms
8,4B,sglang_baseline,4,2,b200-repeats-20260922/rep2-block8/4B/sglang_baseline/sglang_baseline/c4,inter_chunk_latency,4.416423119999906,p99,ms
8,4B,sglang_baseline,4,3,b200-repeats-20260922/rep3-block8/4B/sglang_baseline/sglang_baseline/c4,inter_chunk_latency,4.369191119999978,p99,ms
8,4B,sglang_baseline,4,1,b200-block8-20260922/4B/sglang_baseline/sglang_baseline/c4,inter_token_latency,2.403971890980392,p90,ms
8,4B,sglang_baseline,4,2,b200-repeats-20260922/rep2-block8/4B/sglang_baseline/sglang_baseline/c4,inter_token_latency,2.5116664627450977,p90,ms
8,4B,sglang_baseline,4,3,b200-repeats-20260922/rep3-block8/4B/sglang_baseline/sglang_baseline/c4,inter_token_latency,2.4136519407843138,p90,ms
8,4B,sglang_baseline,4,1,b200-block8-20260922/4B/sglang_baseline/sglang_baseline/c4,inter_token_latency,2.4219538345490195,p99,ms
8,4B,sglang_baseline,4,2,b200-repeats-20260922/rep2-block8/4B/sglang_baseline/sglang_baseline/c4,inter_token_latency,2.55643682,p99,ms
8,4B,sglang_baseline,4,3,b200-repeats-20260922/rep3-block8/4B/sglang_baseline/sglang_baseline/c4,inter_token_latency,2.703146755372549,p99,ms
8,4B,sglang_baseline,4,1,b200-block8-20260922/4B/sglang_baseline/sglang_baseline/c4,interactivity,412.8897858146851,derived,tokens/s/user
8,4B,sglang_baseline,4,2,b200-repeats-20260922/rep2-block8/4B/sglang_baseline/sglang_baseline/c4,interactivity,391.1694559304619,derived,tokens/s/user
8,4B,sglang_baseline,4,3,b200-repeats-20260922/rep3-block8/4B/sglang_baseline/sglang_baseline/c4,interactivity,369.9392191757564,derived,tokens/s/user
8,4B,sglang_baseline,4,1,b200-block8-20260922/4B/sglang_baseline/sglang_baseline/c4,interactivity,415.97824157260766,derived_p90,tokens/s/user
8,4B,sglang_baseline,4,2,b200-repeats-20260922/rep2-block8/4B/sglang_baseline/sglang_baseline/c4,interactivity,398.14203630646927,derived_p90,tokens/s/user
8,4B,sglang_baseline,4,3,b200-repeats-20260922/rep3-block8/4B/sglang_baseline/sglang_baseline/c4,interactivity,414.3099438252273,derived_p90,tokens/s/user
8,4B,sglang_baseline,4,1,b200-block8-20260922/4B/sglang_baseline/sglang_baseline/c4,output_token_throughput,1565.8231361331036,avg,tokens/s
8,4B,sglang_baseline,4,2,b200-repeats-20260922/rep2-block8/4B/sglang_baseline/sglang_baseline/c4,output_token_throughput,1501.7882003814552,avg,tokens/s
8,4B,sglang_baseline,4,3,b200-repeats-20260922/rep3-block8/4B/sglang_baseline/sglang_baseline/c4,output_token_throughput,1561.0644887573874,avg,tokens/s
8,4B,sglang_baseline,4,1,b200-block8-20260922/4B/sglang_baseline/sglang_baseline/c4,time_to_first_token,63.10662134,p99,ms
8,4B,sglang_baseline,4,2,b200-repeats-20260922/rep2-block8/4B/sglang_baseline/sglang_baseline/c4,time_to_first_token,79.49669735999998,p99,ms
8,4B,sglang_baseline,4,3,b200-repeats-20260922/rep3-block8/4B/sglang_baseline/sglang_baseline/c4,time_to_first_token,48.26450564,p99,ms
8,4B,sglang_baseline,8,1,b200-block8-20260922/4B/sglang_baseline/sglang_baseline/c8,inter_chunk_latency,3.973563910000003,p99,ms
8,4B,sglang_baseline,8,2,b200-repeats-20260922/rep2-block8/4B/sglang_baseline/sglang_baseline/c8,inter_chunk_latency,4.100011350000002,p99,ms
8,4B,sglang_baseline,8,3,b200-repeats-20260922/rep3-block8/4B/sglang_baseline/sglang_baseline/c8,inter_chunk_latency,4.239967680000037,p99,ms
8,4B,sglang_baseline,8,1,b200-block8-20260922/4B/sglang_baseline/sglang_baseline/c8,inter_token_latency,2.5329072298039215,p90,ms
8,4B,sglang_baseline,8,2,b200-repeats-20260922/rep2-block8/4B/sglang_baseline/sglang_baseline/c8,inter_token_latency,2.580145663137255,p90,ms
8,4B,sglang_baseline,8,3,b200-repeats-20260922/rep3-block8/4B/sglang_baseline/sglang_baseline/c8,inter_token_latency,2.5339944007843136,p90,ms
8,4B,sglang_baseline,8,1,b200-block8-20260922/4B/sglang_baseline/sglang_baseline/c8,inter_token_latency,2.545580716352941,p99,ms
8,4B,sglang_baseline,8,2,b200-repeats-20260922/rep2-block8/4B/sglang_baseline/sglang_baseline/c8,inter_token_latency,2.582852164313725,p99,ms
8,4B,sglang_baseline,8,3,b200-repeats-20260922/rep3-block8/4B/sglang_baseline/sglang_baseline/c8,inter_token_latency,2.537275502901961,p99,ms
8,4B,sglang_baseline,8,1,b200-block8-20260922/4B/sglang_baseline/sglang_baseline/c8,interactivity,392.83767101783445,derived,tokens/s/user
8,4B,sglang_baseline,8,2,b200-repeats-20260922/rep2-block8/4B/sglang_baseline/sglang_baseline/c8,interactivity,387.1688878738843,derived,tokens/s/user
8,4B,sglang_baseline,8,3,b200-repeats-20260922/rep3-block8/4B/sglang_baseline/sglang_baseline/c8,interactivity,394.1235387549633,derived,tokens/s/user
8,4B,sglang_baseline,8,1,b200-block8-20260922/4B/sglang_baseline/sglang_baseline/c8,interactivity,394.80324752257604,derived_p90,tokens/s/user
8,4B,sglang_baseline,8,2,b200-repeats-20260922/rep2-block8/4B/sglang_baseline/sglang_baseline/c8,interactivity,387.57501728955816,derived_p90,tokens/s/user
8,4B,sglang_baseline,8,3,b200-repeats-20260922/rep3-block8/4B/sglang_baseline/sglang_baseline/c8,interactivity,394.63386331496366,derived_p90,tokens/s/user
8,4B,sglang_baseline,8,1,b200-block8-20260922/4B/sglang_baseline/sglang_baseline/c8,output_token_throughput,2981.7543533284133,avg,tokens/s
8,4B,sglang_baseline,8,2,b200-repeats-20260922/rep2-block8/4B/sglang_baseline/sglang_baseline/c8,output_token_throughput,2925.8290346391464,avg,tokens/s
8,4B,sglang_baseline,8,3,b200-repeats-20260922/rep3-block8/4B/sglang_baseline/sglang_baseline/c8,output_token_throughput,2972.924230730232,avg,tokens/s
8,4B,sglang_baseline,8,1,b200-block8-20260922/4B/sglang_baseline/sglang_baseline/c8,time_to_first_token,50.85952818,p99,ms
8,4B,sglang_baseline,8,2,b200-repeats-20260922/rep2-block8/4B/sglang_baseline/sglang_baseline/c8,time_to_first_token,59.95449332,p99,ms
8,4B,sglang_baseline,8,3,b200-repeats-20260922/rep3-block8/4B/sglang_baseline/sglang_baseline/c8,time_to_first_token,52.89400177,p99,ms
8,4B,sglang_baseline,16,1,b200-block8-20260922/4B/sglang_baseline/sglang_baseline/c16,inter_chunk_latency,5.22508162,p99,ms
8,4B,sglang_baseline,16,2,b200-repeats-20260922/rep2-block8/4B/sglang_baseline/sglang_baseline/c16,inter_chunk_latency,5.320158429999999,p99,ms
8,4B,sglang_baseline,16,3,b200-repeats-20260922/rep3-block8/4B/sglang_baseline/sglang_baseline/c16,inter_chunk_latency,5.44858754999997,p99,ms
8,4B,sglang_baseline,16,1,b200-block8-20260922/4B/sglang_baseline/sglang_baseline/c16,inter_token_latency,2.68985832745098,p90,ms
8,4B,sglang_baseline,16,2,b200-repeats-20260922/rep2-block8/4B/sglang_baseline/sglang_baseline/c16,inter_token_latency,2.7131941203921572,p90,ms
8,4B,sglang_baseline,16,3,b200-repeats-20260922/rep3-block8/4B/sglang_baseline/sglang_baseline/c16,inter_token_latency,2.691532327843137,p90,ms
8,4B,sglang_baseline,16,1,b200-block8-20260922/4B/sglang_baseline/sglang_baseline/c16,inter_token_latency,2.701102770470588,p99,ms
8,4B,sglang_baseline,16,2,b200-repeats-20260922/rep2-block8/4B/sglang_baseline/sglang_baseline/c16,inter_token_latency,2.717160342235294,p99,ms
8,4B,sglang_baseline,16,3,b200-repeats-20260922/rep3-block8/4B/sglang_baseline/sglang_baseline/c16,inter_token_latency,2.7007701415193366,p99,ms
8,4B,sglang_baseline,16,1,b200-block8-20260922/4B/sglang_baseline/sglang_baseline/c16,interactivity,370.2191604600736,derived,tokens/s/user
8,4B,sglang_baseline,16,2,b200-repeats-20260922/rep2-block8/4B/sglang_baseline/sglang_baseline/c16,interactivity,368.03128047178177,derived,tokens/s/user
8,4B,sglang_baseline,16,3,b200-repeats-20260922/rep3-block8/4B/sglang_baseline/sglang_baseline/c16,interactivity,370.2647569398272,derived,tokens/s/user
8,4B,sglang_baseline,16,1,b200-block8-20260922/4B/sglang_baseline/sglang_baseline/c16,interactivity,371.76679150520204,derived_p90,tokens/s/user
8,4B,sglang_baseline,16,2,b200-repeats-20260922/rep2-block8/4B/sglang_baseline/sglang_baseline/c16,interactivity,368.5692787272674,derived_p90,tokens/s/user
8,4B,sglang_baseline,16,3,b200-repeats-20260922/rep3-block8/4B/sglang_baseline/sglang_baseline/c16,interactivity,371.53557089219555,derived_p90,tokens/s/user
8,4B,sglang_baseline,16,1,b200-block8-20260922/4B/sglang_baseline/sglang_baseline/c16,output_token_throughput,5612.936820286507,avg,tokens/s
8,4B,sglang_baseline,16,2,b200-repeats-20260922/rep2-block8/4B/sglang_baseline/sglang_baseline/c16,output_token_throughput,5568.184492127655,avg,tokens/s
8,4B,sglang_baseline,16,3,b200-repeats-20260922/rep3-block8/4B/sglang_baseline/sglang_baseline/c16,output_token_throughput,5602.433106056661,avg,tokens/s
8,4B,sglang_baseline,16,1,b200-block8-20260922/4B/sglang_baseline/sglang_baseline/c16,time_to_first_token,55.88755952,p99,ms
8,4B,sglang_baseline,16,2,b200-repeats-20260922/rep2-block8/4B/sglang_baseline/sglang_baseline/c16,time_to_first_token,56.71345319,p99,ms
8,4B,sglang_baseline,16,3,b200-repeats-20260922/rep3-block8/4B/sglang_baseline/sglang_baseline/c16,time_to_first_token,62.97730821,p99,ms
8,4B,sglang_baseline,32,1,b200-block8-20260922/4B/sglang_baseline/sglang_baseline/c32,inter_chunk_latency,8.0819975,p99,ms
8,4B,sglang_baseline,32,2,b200-repeats-20260922/rep2-block8/4B/sglang_baseline/sglang_baseline/c32,inter_chunk_latency,7.568284860000049,p99,ms
8,4B,sglang_baseline,32,3,b200-repeats-20260922/rep3-block8/4B/sglang_baseline/sglang_baseline/c32,inter_chunk_latency,7.720391600000003,p99,ms
8,4B,sglang_baseline,32,1,b200-block8-20260922/4B/sglang_baseline/sglang_baseline/c32,inter_token_latency,2.9803433152941174,p90,ms
8,4B,sglang_baseline,32,2,b200-repeats-20260922/rep2-block8/4B/sglang_baseline/sglang_baseline/c32,inter_token_latency,2.967203799833256,p90,ms
8,4B,sglang_baseline,32,3,b200-repeats-20260922/rep3-block8/4B/sglang_baseline/sglang_baseline/c32,inter_token_latency,2.934362685490196,p90,ms
8,4B,sglang_baseline,32,1,b200-block8-20260922/4B/sglang_baseline/sglang_baseline/c32,inter_token_latency,3.360131087882353,p99,ms
8,4B,sglang_baseline,32,2,b200-repeats-20260922/rep2-block8/4B/sglang_baseline/sglang_baseline/c32,inter_token_latency,3.0334874750980387,p99,ms
8,4B,sglang_baseline,32,3,b200-repeats-20260922/rep3-block8/4B/sglang_baseline/sglang_baseline/c32,inter_token_latency,2.996466611372549,p99,ms
8,4B,sglang_baseline,32,1,b200-block8-20260922/4B/sglang_baseline/sglang_baseline/c32,interactivity,297.6074366879024,derived,tokens/s/user
8,4B,sglang_baseline,32,2,b200-repeats-20260922/rep2-block8/4B/sglang_baseline/sglang_baseline/c32,interactivity,329.6535780051906,derived,tokens/s/user
8,4B,sglang_baseline,32,3,b200-repeats-20260922/rep3-block8/4B/sglang_baseline/sglang_baseline/c32,interactivity,333.7263950162769,derived,tokens/s/user
8,4B,sglang_baseline,32,1,b200-block8-20260922/4B/sglang_baseline/sglang_baseline/c32,interactivity,335.5318143612305,derived_p90,tokens/s/user
8,4B,sglang_baseline,32,2,b200-repeats-20260922/rep2-block8/4B/sglang_baseline/sglang_baseline/c32,interactivity,337.0176325792639,derived_p90,tokens/s/user
8,4B,sglang_baseline,32,3,b200-repeats-20260922/rep3-block8/4B/sglang_baseline/sglang_baseline/c32,interactivity,340.789502587662,derived_p90,tokens/s/user
8,4B,sglang_baseline,32,1,b200-block8-20260922/4B/sglang_baseline/sglang_baseline/c32,output_token_throughput,9657.091673829436,avg,tokens/s
8,4B,sglang_baseline,32,2,b200-repeats-20260922/rep2-block8/4B/sglang_baseline/sglang_baseline/c32,output_token_throughput,10049.506591944277,avg,tokens/s
8,4B,sglang_baseline,32,3,b200-repeats-20260922/rep3-block8/4B/sglang_baseline/sglang_baseline/c32,output_token_throughput,10121.03967334754,avg,tokens/s
8,4B,sglang_baseline,32,1,b200-block8-20260922/4B/sglang_baseline/sglang_baseline/c32,time_to_first_token,109.66818721,p99,ms
8,4B,sglang_baseline,32,2,b200-repeats-20260922/rep2-block8/4B/sglang_baseline/sglang_baseline/c32,time_to_first_token,73.95269984,p99,ms
8,4B,sglang_baseline,32,3,b200-repeats-20260922/rep3-block8/4B/sglang_baseline/sglang_baseline/c32,time_to_first_token,85.22895553,p99,ms
8,4B,sglang_dflash,1,1,b200-block8-20260922/4B/sglang_dflash/sglang_dflash/c1,acceptance_length,4.746875,avg,tokens
8,4B,sglang_dflash,1,2,b200-repeats-20260922/rep2-block8/4B/sglang_dflash/sglang_dflash/c1,acceptance_length,4.676506024096386,avg,tokens
8,4B,sglang_dflash,1,3,b200-repeats-20260922/rep3-block8/4B/sglang_dflash/sglang_dflash/c1,acceptance_length,4.580555555555556,avg,tokens
8,4B,sglang_dflash,1,1,b200-block8-20260922/4B/sglang_dflash/sglang_dflash/c1,inter_chunk_latency,7.5844731999999615,p99,ms
8,4B,sglang_dflash,1,2,b200-repeats-20260922/rep2-block8/4B/sglang_dflash/sglang_dflash/c1,inter_chunk_latency,8.41373709999996,p99,ms
8,4B,sglang_dflash,1,3,b200-repeats-20260922/rep3-block8/4B/sglang_dflash/sglang_dflash/c1,inter_chunk_latency,8.102764419999998,p99,ms
8,4B,sglang_dflash,1,1,b200-block8-20260922/4B/sglang_dflash/sglang_dflash/c1,inter_token_latency,1.1071949105882353,p90,ms
8,4B,sglang_dflash,1,2,b200-repeats-20260922/rep2-block8/4B/sglang_dflash/sglang_dflash/c1,inter_token_latency,1.1968842415562762,p90,ms
8,4B,sglang_dflash,1,3,b200-repeats-20260922/rep3-block8/4B/sglang_dflash/sglang_dflash/c1,inter_token_latency,1.1694123007843138,p90,ms
8,4B,sglang_dflash,1,1,b200-block8-20260922/4B/sglang_dflash/sglang_dflash/c1,inter_token_latency,1.3361007586666669,p99,ms
8,4B,sglang_dflash,1,2,b200-repeats-20260922/rep2-block8/4B/sglang_dflash/sglang_dflash/c1,inter_token_latency,1.4480271670196088,p99,ms
8,4B,sglang_dflash,1,3,b200-repeats-20260922/rep3-block8/4B/sglang_dflash/sglang_dflash/c1,inter_token_latency,1.3075440476862752,p99,ms
8,4B,sglang_dflash,1,1,b200-block8-20260922/4B/sglang_dflash/sglang_dflash/c1,interactivity,748.4465475477529,derived,tokens/s/user
8,4B,sglang_dflash,1,2,b200-repeats-20260922/rep2-block8/4B/sglang_dflash/sglang_dflash/c1,interactivity,690.594778037378,derived,tokens/s/user
8,4B,sglang_dflash,1,3,b200-repeats-20260922/rep3-block8/4B/sglang_dflash/sglang_dflash/c1,interactivity,764.7925909414062,derived,tokens/s/user
8,4B,sglang_dflash,1,1,b200-block8-20260922/4B/sglang_dflash/sglang_dflash/c1,interactivity,903.1833423698776,derived_p90,tokens/s/user
8,4B,sglang_dflash,1,2,b200-repeats-20260922/rep2-block8/4B/sglang_dflash/sglang_dflash/c1,interactivity,835.5026871268078,derived_p90,tokens/s/user
8,4B,sglang_dflash,1,3,b200-repeats-20260922/rep3-block8/4B/sglang_dflash/sglang_dflash/c1,interactivity,855.1303927017951,derived_p90,tokens/s/user
8,4B,sglang_dflash,1,1,b200-block8-20260922/4B/sglang_dflash/sglang_dflash/c1,output_token_throughput,1000.156939840752,avg,tokens/s
8,4B,sglang_dflash,1,2,b200-repeats-20260922/rep2-block8/4B/sglang_dflash/sglang_dflash/c1,output_token_throughput,955.0593501939906,avg,tokens/s
8,4B,sglang_dflash,1,3,b200-repeats-20260922/rep3-block8/4B/sglang_dflash/sglang_dflash/c1,output_token_throughput,991.636671884651,avg,tokens/s
8,4B,sglang_dflash,1,1,b200-block8-20260922/4B/sglang_dflash/sglang_dflash/c1,time_to_first_token,34.09098090000001,p99,ms
8,4B,sglang_dflash,1,2,b200-repeats-20260922/rep2-block8/4B/sglang_dflash/sglang_dflash/c1,time_to_first_token,38.55077020000002,p99,ms
8,4B,sglang_dflash,1,3,b200-repeats-20260922/rep3-block8/4B/sglang_dflash/sglang_dflash/c1,time_to_first_token,39.874100360000014,p99,ms
8,4B,sglang_dflash,2,1,b200-block8-20260922/4B/sglang_dflash/sglang_dflash/c2,acceptance_length,4.400792163906082,avg,tokens
8,4B,sglang_dflash,2,2,b200-repeats-20260922/rep2-block8/4B/sglang_dflash/sglang_dflash/c2,acceptance_length,4.548887213454883,avg,tokens
8,4B,sglang_dflash,2,3,b200-repeats-20260922/rep3-block8/4B/sglang_dflash/sglang_dflash/c2,acceptance_length,4.747701932570354,avg,tokens
8,4B,sglang_dflash,2,1,b200-block8-20260922/4B/sglang_dflash/sglang_dflash/c2,inter_chunk_latency,22.27600725,p99,ms
8,4B,sglang_dflash,2,2,b200-repeats-20260922/rep2-block8/4B/sglang_dflash/sglang_dflash/c2,inter_chunk_latency,21.51470668,p99,ms
8,4B,sglang_dflash,2,3,b200-repeats-20260922/rep3-block8/4B/sglang_dflash/sglang_dflash/c2,inter_chunk_latency,22.08425048,p99,ms
8,4B,sglang_dflash,2,1,b200-block8-20260922/4B/sglang_dflash/sglang_dflash/c2,inter_token_latency,1.3718528866666666,p90,ms
8,4B,sglang_dflash,2,2,b200-repeats-20260922/rep2-block8/4B/sglang_dflash/sglang_dflash/c2,inter_token_latency,1.3188676482352941,p90,ms
8,4B,sglang_dflash,2,3,b200-repeats-20260922/rep3-block8/4B/sglang_dflash/sglang_dflash/c2,inter_token_latency,1.3051671847058823,p90,ms
8,4B,sglang_dflash,2,1,b200-block8-20260922/4B/sglang_dflash/sglang_dflash/c2,inter_token_latency,1.535666458509804,p99,ms
8,4B,sglang_dflash,2,2,b200-repeats-20260922/rep2-block8/4B/sglang_dflash/sglang_dflash/c2,inter_token_latency,1.5988418327450975,p99,ms
8,4B,sglang_dflash,2,3,b200-repeats-20260922/rep3-block8/4B/sglang_dflash/sglang_dflash/c2,inter_token_latency,1.4864035531372548,p99,ms
8,4B,sglang_dflash,2,1,b200-block8-20260922/4B/sglang_dflash/sglang_dflash/c2,interactivity,651.1830706847569,derived,tokens/s/user
8,4B,sglang_dflash,2,2,b200-repeats-20260922/rep2-block8/4B/sglang_dflash/sglang_dflash/c2,interactivity,625.4527367995314,derived,tokens/s/user
8,4B,sglang_dflash,2,3,b200-repeats-20260922/rep3-block8/4B/sglang_dflash/sglang_dflash/c2,interactivity,672.7648073024081,derived,tokens/s/user
8,4B,sglang_dflash,2,1,b200-block8-20260922/4B/sglang_dflash/sglang_dflash/c2,interactivity,728.9411348106019,derived_p90,tokens/s/user
8,4B,sglang_dflash,2,2,b200-repeats-20260922/rep2-block8/4B/sglang_dflash/sglang_dflash/c2,interactivity,758.2261960387353,derived_p90,tokens/s/user
8,4B,sglang_dflash,2,3,b200-repeats-20260922/rep3-block8/4B/sglang_dflash/sglang_dflash/c2,interactivity,766.185368218056,derived_p90,tokens/s/user
8,4B,sglang_dflash,2,1,b200-block8-20260922/4B/sglang_dflash/sglang_dflash/c2,output_token_throughput,1659.2433636310186,avg,tokens/s
8,4B,sglang_dflash,2,2,b200-repeats-20260922/rep2-block8/4B/sglang_dflash/sglang_dflash/c2,output_token_throughput,1696.4002737268004,avg,tokens/s
8,4B,sglang_dflash,2,3,b200-repeats-20260922/rep3-block8/4B/sglang_dflash/sglang_dflash/c2,output_token_throughput,1762.2761254167897,avg,tokens/s
8,4B,sglang_dflash,2,1,b200-block8-20260922/4B/sglang_dflash/sglang_dflash/c2,time_to_first_token,58.6877535,p99,ms
8,4B,sglang_dflash,2,2,b200-repeats-20260922/rep2-block8/4B/sglang_dflash/sglang_dflash/c2,time_to_first_token,59.7463137,p99,ms
8,4B,sglang_dflash,2,3,b200-repeats-20260922/rep3-block8/4B/sglang_dflash/sglang_dflash/c2,time_to_first_token,57.38157082,p99,ms
8,4B,sglang_dflash,4,1,b200-block8-20260922/4B/sglang_dflash/sglang_dflash/c4,acceptance_length,4.311555589514689,avg,tokens
8,4B,sglang_dflash,4,2,b200-repeats-20260922/rep2-block8/4B/sglang_dflash/sglang_dflash/c4,acceptance_length,4.461600465076082,avg,tokens
8,4B,sglang_dflash,4,3,b200-repeats-20260922/rep3-block8/4B/sglang_dflash/sglang_dflash/c4,acceptance_length,4.504429786067515,avg,tokens
8,4B,sglang_dflash,4,1,b200-block8-20260922/4B/sglang_dflash/sglang_dflash/c4,inter_chunk_latency,23.20510218,p99,ms
8,4B,sglang_dflash,4,2,b200-repeats-20260922/rep2-block8/4B/sglang_dflash/sglang_dflash/c4,inter_chunk_latency,23.20148446,p99,ms
8,4B,sglang_dflash,4,3,b200-repeats-20260922/rep3-block8/4B/sglang_dflash/sglang_dflash/c4,inter_chunk_latency,23.389998790000007,p99,ms
8,4B,sglang_dflash,4,1,b200-block8-20260922/4B/sglang_dflash/sglang_dflash/c4,inter_token_latency,1.631493629019608,p90,ms
8,4B,sglang_dflash,4,2,b200-repeats-20260922/rep2-block8/4B/sglang_dflash/sglang_dflash/c4,inter_token_latency,1.5326524631372558,p90,ms
8,4B,sglang_dflash,4,3,b200-repeats-20260922/rep3-block8/4B/sglang_dflash/sglang_dflash/c4,inter_token_latency,1.524442863529412,p90,ms
8,4B,sglang_dflash,4,1,b200-block8-20260922/4B/sglang_dflash/sglang_dflash/c4,inter_token_latency,1.9853988711658976,p99,ms
8,4B,sglang_dflash,4,2,b200-repeats-20260922/rep2-block8/4B/sglang_dflash/sglang_dflash/c4,inter_token_latency,1.94343833745098,p99,ms
8,4B,sglang_dflash,4,3,b200-repeats-20260922/rep3-block8/4B/sglang_dflash/sglang_dflash/c4,inter_token_latency,1.7076108109411758,p99,ms
8,4B,sglang_dflash,4,1,b200-block8-20260922/4B/sglang_dflash/sglang_dflash/c4,interactivity,503.6771273133464,derived,tokens/s/user
8,4B,sglang_dflash,4,2,b200-repeats-20260922/rep2-block8/4B/sglang_dflash/sglang_dflash/c4,interactivity,514.5519570801528,derived,tokens/s/user
8,4B,sglang_dflash,4,3,b200-repeats-20260922/rep3-block8/4B/sglang_dflash/sglang_dflash/c4,interactivity,585.6135330092193,derived,tokens/s/user
8,4B,sglang_dflash,4,1,b200-block8-20260922/4B/sglang_dflash/sglang_dflash/c4,interactivity,612.9352773512924,derived_p90,tokens/s/user
8,4B,sglang_dflash,4,2,b200-repeats-20260922/rep2-block8/4B/sglang_dflash/sglang_dflash/c4,interactivity,652.4636367680215,derived_p90,tokens/s/user
8,4B,sglang_dflash,4,3,b200-repeats-20260922/rep3-block8/4B/sglang_dflash/sglang_dflash/c4,interactivity,655.9773566618204,derived_p90,tokens/s/user
8,4B,sglang_dflash,4,1,b200-block8-20260922/4B/sglang_dflash/sglang_dflash/c4,output_token_throughput,2855.188433028497,avg,tokens/s
8,4B,sglang_dflash,4,2,b200-repeats-20260922/rep2-block8/4B/sglang_dflash/sglang_dflash/c4,output_token_throughput,2932.617569610391,avg,tokens/s
8,4B,sglang_dflash,4,3,b200-repeats-20260922/rep3-block8/4B/sglang_dflash/sglang_dflash/c4,output_token_throughput,2983.836345654996,avg,tokens/s
8,4B,sglang_dflash,4,1,b200-block8-20260922/4B/sglang_dflash/sglang_dflash/c4,time_to_first_token,63.55608992999999,p99,ms
8,4B,sglang_dflash,4,2,b200-repeats-20260922/rep2-block8/4B/sglang_dflash/sglang_dflash/c4,time_to_first_token,57.60241829999998,p99,ms
8,4B,sglang_dflash,4,3,b200-repeats-20260922/rep3-block8/4B/sglang_dflash/sglang_dflash/c4,time_to_first_token,60.44430168,p99,ms
8,4B,sglang_dflash,8,1,b200-block8-20260922/4B/sglang_dflash/sglang_dflash/c8,acceptance_length,4.655481681655729,avg,tokens
8,4B,sglang_dflash,8,2,b200-repeats-20260922/rep2-block8/4B/sglang_dflash/sglang_dflash/c8,acceptance_length,4.528298020369732,avg,tokens
8,4B,sglang_dflash,8,3,b200-repeats-20260922/rep3-block8/4B/sglang_dflash/sglang_dflash/c8,acceptance_length,4.545622198175395,avg,tokens
8,4B,sglang_dflash,8,1,b200-block8-20260922/4B/sglang_dflash/sglang_dflash/c8,inter_chunk_latency,28.84061256,p99,ms
8,4B,sglang_dflash,8,2,b200-repeats-20260922/rep2-block8/4B/sglang_dflash/sglang_dflash/c8,inter_chunk_latency,30.30195136,p99,ms
8,4B,sglang_dflash,8,3,b200-repeats-20260922/rep3-block8/4B/sglang_dflash/sglang_dflash/c8,inter_chunk_latency,28.981426119999995,p99,ms
8,4B,sglang_dflash,8,1,b200-block8-20260922/4B/sglang_dflash/sglang_dflash/c8,inter_token_latency,2.1199137603921567,p90,ms
8,4B,sglang_dflash,8,2,b200-repeats-20260922/rep2-block8/4B/sglang_dflash/sglang_dflash/c8,inter_token_latency,2.154885934766095,p90,ms
8,4B,sglang_dflash,8,3,b200-repeats-20260922/rep3-block8/4B/sglang_dflash/sglang_dflash/c8,inter_token_latency,2.183517036862745,p90,ms
8,4B,sglang_dflash,8,1,b200-block8-20260922/4B/sglang_dflash/sglang_dflash/c8,inter_token_latency,2.496561331563377,p99,ms
8,4B,sglang_dflash,8,2,b200-repeats-20260922/rep2-block8/4B/sglang_dflash/sglang_dflash/c8,inter_token_latency,2.5533686483921567,p99,ms
8,4B,sglang_dflash,8,3,b200-repeats-20260922/rep3-block8/4B/sglang_dflash/sglang_dflash/c8,inter_token_latency,2.4682758963529405,p99,ms
8,4B,sglang_dflash,8,1,b200-block8-20260922/4B/sglang_dflash/sglang_dflash/c8,interactivity,400.55094475639726,derived,tokens/s/user
8,4B,sglang_dflash,8,2,b200-repeats-20260922/rep2-block8/4B/sglang_dflash/sglang_dflash/c8,interactivity,391.6394918648723,derived,tokens/s/user
8,4B,sglang_dflash,8,3,b200-repeats-20260922/rep3-block8/4B/sglang_dflash/sglang_dflash/c8,interactivity,405.14109523881575,derived,tokens/s/user
8,4B,sglang_dflash,8,1,b200-block8-20260922/4B/sglang_dflash/sglang_dflash/c8,interactivity,471.7173022241305,derived_p90,tokens/s/user
8,4B,sglang_dflash,8,2,b200-repeats-20260922/rep2-block8/4B/sglang_dflash/sglang_dflash/c8,interactivity,464.0616859882871,derived_p90,tokens/s/user
8,4B,sglang_dflash,8,3,b200-repeats-20260922/rep3-block8/4B/sglang_dflash/sglang_dflash/c8,interactivity,457.9767334615304,derived_p90,tokens/s/user
8,4B,sglang_dflash,8,1,b200-block8-20260922/4B/sglang_dflash/sglang_dflash/c8,output_token_throughput,4492.781886605817,avg,tokens/s
8,4B,sglang_dflash,8,2,b200-repeats-20260922/rep2-block8/4B/sglang_dflash/sglang_dflash/c8,output_token_throughput,4427.347520556993,avg,tokens/s
8,4B,sglang_dflash,8,3,b200-repeats-20260922/rep3-block8/4B/sglang_dflash/sglang_dflash/c8,output_token_throughput,4430.083441830933,avg,tokens/s
8,4B,sglang_dflash,8,1,b200-block8-20260922/4B/sglang_dflash/sglang_dflash/c8,time_to_first_token,65.4797911,p99,ms
8,4B,sglang_dflash,8,2,b200-repeats-20260922/rep2-block8/4B/sglang_dflash/sglang_dflash/c8,time_to_first_token,63.42147772,p99,ms
8,4B,sglang_dflash,8,3,b200-repeats-20260922/rep3-block8/4B/sglang_dflash/sglang_dflash/c8,time_to_first_token,64.97677241999999,p99,ms
8,4B,sglang_dflash,16,1,b200-block8-20260922/4B/sglang_dflash/sglang_dflash/c16,acceptance_length,4.610770529590464,avg,tokens
8,4B,sglang_dflash,16,2,b200-repeats-20260922/rep2-block8/4B/sglang_dflash/sglang_dflash/c16,acceptance_length,4.639383461036182,avg,tokens
8,4B,sglang_dflash,16,3,b200-repeats-20260922/rep3-block8/4B/sglang_dflash/sglang_dflash/c16,acceptance_length,4.516527885147449,avg,tokens
8,4B,sglang_dflash,16,1,b200-block8-20260922/4B/sglang_dflash/sglang_dflash/c16,inter_chunk_latency,33.27694458,p99,ms
8,4B,sglang_dflash,16,2,b200-repeats-20260922/rep2-block8/4B/sglang_dflash/sglang_dflash/c16,inter_chunk_latency,32.10770946,p99,ms
8,4B,sglang_dflash,16,3,b200-repeats-20260922/rep3-block8/4B/sglang_dflash/sglang_dflash/c16,inter_chunk_latency,33.203497170000006,p99,ms
8,4B,sglang_dflash,16,1,b200-block8-20260922/4B/sglang_dflash/sglang_dflash/c16,inter_token_latency,3.154016923529412,p90,ms
8,4B,sglang_dflash,16,2,b200-repeats-20260922/rep2-block8/4B/sglang_dflash/sglang_dflash/c16,inter_token_latency,3.1103356184313724,p90,ms
8,4B,sglang_dflash,16,3,b200-repeats-20260922/rep3-block8/4B/sglang_dflash/sglang_dflash/c16,inter_token_latency,3.141815883137256,p90,ms
8,4B,sglang_dflash,16,1,b200-block8-20260922/4B/sglang_dflash/sglang_dflash/c16,inter_token_latency,3.8947378001960784,p99,ms
8,4B,sglang_dflash,16,2,b200-repeats-20260922/rep2-block8/4B/sglang_dflash/sglang_dflash/c16,inter_token_latency,3.766840671490196,p99,ms
8,4B,sglang_dflash,16,3,b200-repeats-20260922/rep3-block8/4B/sglang_dflash/sglang_dflash/c16,inter_token_latency,3.786028871607843,p99,ms
8,4B,sglang_dflash,16,1,b200-block8-20260922/4B/sglang_dflash/sglang_dflash/c16,interactivity,256.7566935955626,derived,tokens/s/user
8,4B,sglang_dflash,16,2,b200-repeats-20260922/rep2-block8/4B/sglang_dflash/sglang_dflash/c16,interactivity,265.4744618132179,derived,tokens/s/user
8,4B,sglang_dflash,16,3,b200-repeats-20260922/rep3-block8/4B/sglang_dflash/sglang_dflash/c16,interactivity,264.12899476261043,derived,tokens/s/user
8,4B,sglang_dflash,16,1,b200-block8-20260922/4B/sglang_dflash/sglang_dflash/c16,interactivity,317.0560032636029,derived_p90,tokens/s/user
8,4B,sglang_dflash,16,2,b200-repeats-20260922/rep2-block8/4B/sglang_dflash/sglang_dflash/c16,interactivity,321.508712459888,derived_p90,tokens/s/user
8,4B,sglang_dflash,16,3,b200-repeats-20260922/rep3-block8/4B/sglang_dflash/sglang_dflash/c16,interactivity,318.2872699088437,derived_p90,tokens/s/user
8,4B,sglang_dflash,16,1,b200-block8-20260922/4B/sglang_dflash/sglang_dflash/c16,output_token_throughput,6287.363545033412,avg,tokens/s
8,4B,sglang_dflash,16,2,b200-repeats-20260922/rep2-block8/4B/sglang_dflash/sglang_dflash/c16,output_token_throughput,6372.415344792766,avg,tokens/s
8,4B,sglang_dflash,16,3,b200-repeats-20260922/rep3-block8/4B/sglang_dflash/sglang_dflash/c16,output_token_throughput,6138.153778017214,avg,tokens/s
8,4B,sglang_dflash,16,1,b200-block8-20260922/4B/sglang_dflash/sglang_dflash/c16,time_to_first_token,73.77167612,p99,ms
8,4B,sglang_dflash,16,2,b200-repeats-20260922/rep2-block8/4B/sglang_dflash/sglang_dflash/c16,time_to_first_token,61.74382444,p99,ms
8,4B,sglang_dflash,16,3,b200-repeats-20260922/rep3-block8/4B/sglang_dflash/sglang_dflash/c16,time_to_first_token,64.20768718,p99,ms
8,4B,sglang_dflash,32,1,b200-block8-20260922/4B/sglang_dflash/sglang_dflash/c32,acceptance_length,4.527525723010579,avg,tokens
8,4B,sglang_dflash,32,2,b200-repeats-20260922/rep2-block8/4B/sglang_dflash/sglang_dflash/c32,acceptance_length,4.544798734743991,avg,tokens
8,4B,sglang_dflash,32,3,b200-repeats-20260922/rep3-block8/4B/sglang_dflash/sglang_dflash/c32,acceptance_length,4.586659349586359,avg,tokens
8,4B,sglang_dflash,32,1,b200-block8-20260922/4B/sglang_dflash/sglang_dflash/c32,inter_chunk_latency,25.5912464,p99,ms
8,4B,sglang_dflash,32,2,b200-repeats-20260922/rep2-block8/4B/sglang_dflash/sglang_dflash/c32,inter_chunk_latency,30.076035310000005,p99,ms
8,4B,sglang_dflash,32,3,b200-repeats-20260922/rep3-block8/4B/sglang_dflash/sglang_dflash/c32,inter_chunk_latency,25.72645555,p99,ms
8,4B,sglang_dflash,32,1,b200-block8-20260922/4B/sglang_dflash/sglang_dflash/c32,inter_token_latency,3.144191174509804,p90,ms
8,4B,sglang_dflash,32,2,b200-repeats-20260922/rep2-block8/4B/sglang_dflash/sglang_dflash/c32,inter_token_latency,3.2200666552941177,p90,ms
8,4B,sglang_dflash,32,3,b200-repeats-20260922/rep3-block8/4B/sglang_dflash/sglang_dflash/c32,inter_token_latency,3.154320575294118,p90,ms
8,4B,sglang_dflash,32,1,b200-block8-20260922/4B/sglang_dflash/sglang_dflash/c32,inter_token_latency,3.781478396980392,p99,ms
8,4B,sglang_dflash,32,2,b200-repeats-20260922/rep2-block8/4B/sglang_dflash/sglang_dflash/c32,inter_token_latency,3.875569868039216,p99,ms
8,4B,sglang_dflash,32,3,b200-repeats-20260922/rep3-block8/4B/sglang_dflash/sglang_dflash/c32,inter_token_latency,3.997241172156865,p99,ms
8,4B,sglang_dflash,32,1,b200-block8-20260922/4B/sglang_dflash/sglang_dflash/c32,interactivity,264.44683666539675,derived,tokens/s/user
8,4B,sglang_dflash,32,2,b200-repeats-20260922/rep2-block8/4B/sglang_dflash/sglang_dflash/c32,interactivity,258.0265700398622,derived,tokens/s/user
8,4B,sglang_dflash,32,3,b200-repeats-20260922/rep3-block8/4B/sglang_dflash/sglang_dflash/c32,interactivity,250.17254574619813,derived,tokens/s/user
8,4B,sglang_dflash,32,1,b200-block8-20260922/4B/sglang_dflash/sglang_dflash/c32,interactivity,318.04681856086734,derived_p90,tokens/s/user
8,4B,sglang_dflash,32,2,b200-repeats-20260922/rep2-block8/4B/sglang_dflash/sglang_dflash/c32,interactivity,310.5525776480118,derived_p90,tokens/s/user
8,4B,sglang_dflash,32,3,b200-repeats-20260922/rep3-block8/4B/sglang_dflash/sglang_dflash/c32,interactivity,317.0254817574327,derived_p90,tokens/s/user
8,4B,sglang_dflash,32,1,b200-block8-20260922/4B/sglang_dflash/sglang_dflash/c32,output_token_throughput,11851.145941987932,avg,tokens/s
8,4B,sglang_dflash,32,2,b200-repeats-20260922/rep2-block8/4B/sglang_dflash/sglang_dflash/c32,output_token_throughput,11711.084422501552,avg,tokens/s
8,4B,sglang_dflash,32,3,b200-repeats-20260922/rep3-block8/4B/sglang_dflash/sglang_dflash/c32,output_token_throughput,11922.880290822466,avg,tokens/s
8,4B,sglang_dflash,32,1,b200-block8-20260922/4B/sglang_dflash/sglang_dflash/c32,time_to_first_token,163.94870297999998,p99,ms
8,4B,sglang_dflash,32,2,b200-repeats-20260922/rep2-block8/4B/sglang_dflash/sglang_dflash/c32,time_to_first_token,150.44184314000003,p99,ms
8,4B,sglang_dflash,32,3,b200-repeats-20260922/rep3-block8/4B/sglang_dflash/sglang_dflash/c32,time_to_first_token,159.95284897,p99,ms
8,4B,vllm_baseline,1,1,b200-block8-20260922/4B/vllm_baseline/vllm_baseline/c1,inter_chunk_latency,3.269148399999998,p99,ms
8,4B,vllm_baseline,1,2,b200-repeats-20260922/rep2-block8/4B/vllm_baseline/vllm_baseline/c1,inter_chunk_latency,3.900759640000004,p99,ms
8,4B,vllm_baseline,1,3,b200-repeats-20260922/rep3-block8/4B/vllm_baseline/vllm_baseline/c1,inter_chunk_latency,3.904043119999992,p99,ms
8,4B,vllm_baseline,1,1,b200-block8-20260922/4B/vllm_baseline/vllm_baseline/c1,inter_token_latency,2.4477301898039214,p90,ms
8,4B,vllm_baseline,1,2,b200-repeats-20260922/rep2-block8/4B/vllm_baseline/vllm_baseline/c1,inter_token_latency,2.4436276947799906,p90,ms
8,4B,vllm_baseline,1,3,b200-repeats-20260922/rep3-block8/4B/vllm_baseline/vllm_baseline/c1,inter_token_latency,2.425755258431372,p90,ms
8,4B,vllm_baseline,1,1,b200-block8-20260922/4B/vllm_baseline/vllm_baseline/c1,inter_token_latency,2.462901635490196,p99,ms
8,4B,vllm_baseline,1,2,b200-repeats-20260922/rep2-block8/4B/vllm_baseline/vllm_baseline/c1,inter_token_latency,2.587129361843137,p99,ms
8,4B,vllm_baseline,1,3,b200-repeats-20260922/rep3-block8/4B/vllm_baseline/vllm_baseline/c1,inter_token_latency,2.4621061104313733,p99,ms
8,4B,vllm_baseline,1,1,b200-block8-20260922/4B/vllm_baseline/vllm_baseline/c1,interactivity,406.0251475698778,derived,tokens/s/user
8,4B,vllm_baseline,1,2,b200-repeats-20260922/rep2-block8/4B/vllm_baseline/vllm_baseline/c1,interactivity,386.5287970322344,derived,tokens/s/user
8,4B,vllm_baseline,1,3,b200-repeats-20260922/rep3-block8/4B/vllm_baseline/vllm_baseline/c1,interactivity,406.1563373581795,derived,tokens/s/user
8,4B,vllm_baseline,1,1,b200-block8-20260922/4B/vllm_baseline/vllm_baseline/c1,interactivity,408.5417601031045,derived_p90,tokens/s/user
8,4B,vllm_baseline,1,2,b200-repeats-20260922/rep2-block8/4B/vllm_baseline/vllm_baseline/c1,interactivity,409.22764222069185,derived_p90,tokens/s/user
8,4B,vllm_baseline,1,3,b200-repeats-20260922/rep3-block8/4B/vllm_baseline/vllm_baseline/c1,interactivity,412.2427423476577,derived_p90,tokens/s/user
8,4B,vllm_baseline,1,1,b200-block8-20260922/4B/vllm_baseline/vllm_baseline/c1,output_token_throughput,391.7722809618396,avg,tokens/s
8,4B,vllm_baseline,1,2,b200-repeats-20260922/rep2-block8/4B/vllm_baseline/vllm_baseline/c1,output_token_throughput,389.989947372225,avg,tokens/s
8,4B,vllm_baseline,1,3,b200-repeats-20260922/rep3-block8/4B/vllm_baseline/vllm_baseline/c1,output_token_throughput,390.8440387119498,avg,tokens/s
8,4B,vllm_baseline,1,1,b200-block8-20260922/4B/vllm_baseline/vllm_baseline/c1,time_to_first_token,36.50915997000001,p99,ms
8,4B,vllm_baseline,1,2,b200-repeats-20260922/rep2-block8/4B/vllm_baseline/vllm_baseline/c1,time_to_first_token,51.155175260000185,p99,ms
8,4B,vllm_baseline,1,3,b200-repeats-20260922/rep3-block8/4B/vllm_baseline/vllm_baseline/c1,time_to_first_token,51.75882544000002,p99,ms
8,4B,vllm_baseline,2,1,b200-block8-20260922/4B/vllm_baseline/vllm_baseline/c2,inter_chunk_latency,3.3441886000000007,p99,ms
8,4B,vllm_baseline,2,2,b200-repeats-20260922/rep2-block8/4B/vllm_baseline/vllm_baseline/c2,inter_chunk_latency,3.949782540000003,p99,ms
8,4B,vllm_baseline,2,3,b200-repeats-20260922/rep3-block8/4B/vllm_baseline/vllm_baseline/c2,inter_chunk_latency,3.6032083899999994,p99,ms
8,4B,vllm_baseline,2,1,b200-block8-20260922/4B/vllm_baseline/vllm_baseline/c2,inter_token_latency,2.5550591270588234,p90,ms
8,4B,vllm_baseline,2,2,b200-repeats-20260922/rep2-block8/4B/vllm_baseline/vllm_baseline/c2,inter_token_latency,2.5835104956862747,p90,ms
8,4B,vllm_baseline,2,3,b200-repeats-20260922/rep3-block8/4B/vllm_baseline/vllm_baseline/c2,inter_token_latency,2.547144556540065,p90,ms
8,4B,vllm_baseline,2,1,b200-block8-20260922/4B/vllm_baseline/vllm_baseline/c2,inter_token_latency,2.5598864944313724,p99,ms
8,4B,vllm_baseline,2,2,b200-repeats-20260922/rep2-block8/4B/vllm_baseline/vllm_baseline/c2,inter_token_latency,2.79778399945098,p99,ms
8,4B,vllm_baseline,2,3,b200-repeats-20260922/rep3-block8/4B/vllm_baseline/vllm_baseline/c2,inter_token_latency,2.643734182745098,p99,ms
8,4B,vllm_baseline,2,1,b200-block8-20260922/4B/vllm_baseline/vllm_baseline/c2,interactivity,390.6423203432424,derived,tokens/s/user
8,4B,vllm_baseline,2,2,b200-repeats-20260922/rep2-block8/4B/vllm_baseline/vllm_baseline/c2,interactivity,357.42573415111167,derived,tokens/s/user
8,4B,vllm_baseline,2,3,b200-repeats-20260922/rep3-block8/4B/vllm_baseline/vllm_baseline/c2,interactivity,378.2528540602592,derived,tokens/s/user
8,4B,vllm_baseline,2,1,b200-block8-20260922/4B/vllm_baseline/vllm_baseline/c2,interactivity,391.3803752757451,derived_p90,tokens/s/user
8,4B,vllm_baseline,2,2,b200-repeats-20260922/rep2-block8/4B/vllm_baseline/vllm_baseline/c2,interactivity,387.07022931384046,derived_p90,tokens/s/user
8,4B,vllm_baseline,2,3,b200-repeats-20260922/rep3-block8/4B/vllm_baseline/vllm_baseline/c2,interactivity,392.596485123859,derived_p90,tokens/s/user
8,4B,vllm_baseline,2,1,b200-block8-20260922/4B/vllm_baseline/vllm_baseline/c2,output_token_throughput,723.6467511648056,avg,tokens/s
8,4B,vllm_baseline,2,2,b200-repeats-20260922/rep2-block8/4B/vllm_baseline/vllm_baseline/c2,output_token_throughput,719.0259096747816,avg,tokens/s
8,4B,vllm_baseline,2,3,b200-repeats-20260922/rep3-block8/4B/vllm_baseline/vllm_baseline/c2,output_token_throughput,727.1862125869085,avg,tokens/s
8,4B,vllm_baseline,2,1,b200-block8-20260922/4B/vllm_baseline/vllm_baseline/c2,time_to_first_token,65.24085293,p99,ms
8,4B,vllm_baseline,2,2,b200-repeats-20260922/rep2-block8/4B/vllm_baseline/vllm_baseline/c2,time_to_first_token,72.23817249999999,p99,ms
8,4B,vllm_baseline,2,3,b200-repeats-20260922/rep3-block8/4B/vllm_baseline/vllm_baseline/c2,time_to_first_token,60.00483371,p99,ms
8,4B,vllm_baseline,4,1,b200-block8-20260922/4B/vllm_baseline/vllm_baseline/c4,inter_chunk_latency,3.459821330000002,p99,ms
8,4B,vllm_baseline,4,2,b200-repeats-20260922/rep2-block8/4B/vllm_baseline/vllm_baseline/c4,inter_chunk_latency,3.99235176,p99,ms
8,4B,vllm_baseline,4,3,b200-repeats-20260922/rep3-block8/4B/vllm_baseline/vllm_baseline/c4,inter_chunk_latency,3.5230765,p99,ms
8,4B,vllm_baseline,4,1,b200-block8-20260922/4B/vllm_baseline/vllm_baseline/c4,inter_token_latency,2.595784436470588,p90,ms
8,4B,vllm_baseline,4,2,b200-repeats-20260922/rep2-block8/4B/vllm_baseline/vllm_baseline/c4,inter_token_latency,2.6315734780392157,p90,ms
8,4B,vllm_baseline,4,3,b200-repeats-20260922/rep3-block8/4B/vllm_baseline/vllm_baseline/c4,inter_token_latency,2.589029304313726,p90,ms
8,4B,vllm_baseline,4,1,b200-block8-20260922/4B/vllm_baseline/vllm_baseline/c4,inter_token_latency,2.59801351827451,p99,ms
8,4B,vllm_baseline,4,2,b200-repeats-20260922/rep2-block8/4B/vllm_baseline/vllm_baseline/c4,inter_token_latency,2.653283598685193,p99,ms
8,4B,vllm_baseline,4,3,b200-repeats-20260922/rep3-block8/4B/vllm_baseline/vllm_baseline/c4,inter_token_latency,2.602936531568627,p99,ms
8,4B,vllm_baseline,4,1,b200-block8-20260922/4B/vllm_baseline/vllm_baseline/c4,interactivity,384.9094675474042,derived,tokens/s/user
8,4B,vllm_baseline,4,2,b200-repeats-20260922/rep2-block8/4B/vllm_baseline/vllm_baseline/c4,interactivity,376.89148664527966,derived,tokens/s/user
8,4B,vllm_baseline,4,3,b200-repeats-20260922/rep3-block8/4B/vllm_baseline/vllm_baseline/c4,interactivity,384.1814765254236,derived,tokens/s/user
8,4B,vllm_baseline,4,1,b200-block8-20260922/4B/vllm_baseline/vllm_baseline/c4,interactivity,385.24000142310376,derived_p90,tokens/s/user
8,4B,vllm_baseline,4,2,b200-repeats-20260922/rep2-block8/4B/vllm_baseline/vllm_baseline/c4,interactivity,380.00078977277866,derived_p90,tokens/s/user
8,4B,vllm_baseline,4,3,b200-repeats-20260922/rep3-block8/4B/vllm_baseline/vllm_baseline/c4,interactivity,386.24514536542495,derived_p90,tokens/s/user
8,4B,vllm_baseline,4,1,b200-block8-20260922/4B/vllm_baseline/vllm_baseline/c4,output_token_throughput,1428.5088315655344,avg,tokens/s
8,4B,vllm_baseline,4,2,b200-repeats-20260922/rep2-block8/4B/vllm_baseline/vllm_baseline/c4,output_token_throughput,1423.0109421871175,avg,tokens/s
8,4B,vllm_baseline,4,3,b200-repeats-20260922/rep3-block8/4B/vllm_baseline/vllm_baseline/c4,output_token_throughput,1434.2847178934146,avg,tokens/s
8,4B,vllm_baseline,4,1,b200-block8-20260922/4B/vllm_baseline/vllm_baseline/c4,time_to_first_token,61.254959,p99,ms
8,4B,vllm_baseline,4,2,b200-repeats-20260922/rep2-block8/4B/vllm_baseline/vllm_baseline/c4,time_to_first_token,70.87744906,p99,ms
8,4B,vllm_baseline,4,3,b200-repeats-20260922/rep3-block8/4B/vllm_baseline/vllm_baseline/c4,time_to_first_token,61.60867859,p99,ms
8,4B,vllm_baseline,8,1,b200-block8-20260922/4B/vllm_baseline/vllm_baseline/c8,inter_chunk_latency,3.652494700000002,p99,ms
8,4B,vllm_baseline,8,2,b200-repeats-20260922/rep2-block8/4B/vllm_baseline/vllm_baseline/c8,inter_chunk_latency,4.073437930000002,p99,ms
8,4B,vllm_baseline,8,3,b200-repeats-20260922/rep3-block8/4B/vllm_baseline/vllm_baseline/c8,inter_chunk_latency,4.363823249999999,p99,ms
8,4B,vllm_baseline,8,1,b200-block8-20260922/4B/vllm_baseline/vllm_baseline/c8,inter_token_latency,2.6934688176470587,p90,ms
8,4B,vllm_baseline,8,2,b200-repeats-20260922/rep2-block8/4B/vllm_baseline/vllm_baseline/c8,inter_token_latency,2.684938782352941,p90,ms
8,4B,vllm_baseline,8,3,b200-repeats-20260922/rep3-block8/4B/vllm_baseline/vllm_baseline/c8,inter_token_latency,2.6804498372549017,p90,ms
8,4B,vllm_baseline,8,1,b200-block8-20260922/4B/vllm_baseline/vllm_baseline/c8,inter_token_latency,2.694837450078432,p99,ms
8,4B,vllm_baseline,8,2,b200-repeats-20260922/rep2-block8/4B/vllm_baseline/vllm_baseline/c8,inter_token_latency,2.723134539254902,p99,ms
8,4B,vllm_baseline,8,3,b200-repeats-20260922/rep3-block8/4B/vllm_baseline/vllm_baseline/c8,inter_token_latency,2.8502408391372547,p99,ms
8,4B,vllm_baseline,8,1,b200-block8-20260922/4B/vllm_baseline/vllm_baseline/c8,interactivity,371.0798957357876,derived,tokens/s/user
8,4B,vllm_baseline,8,2,b200-repeats-20260922/rep2-block8/4B/vllm_baseline/vllm_baseline/c8,interactivity,367.2238685179388,derived,tokens/s/user
8,4B,vllm_baseline,8,3,b200-repeats-20260922/rep3-block8/4B/vllm_baseline/vllm_baseline/c8,interactivity,350.8475446245771,derived,tokens/s/user
8,4B,vllm_baseline,8,1,b200-block8-20260922/4B/vllm_baseline/vllm_baseline/c8,interactivity,371.2684525798865,derived_p90,tokens/s/user
8,4B,vllm_baseline,8,2,b200-repeats-20260922/rep2-block8/4B/vllm_baseline/vllm_baseline/c8,interactivity,372.44797034949596,derived_p90,tokens/s/user
8,4B,vllm_baseline,8,3,b200-repeats-20260922/rep3-block8/4B/vllm_baseline/vllm_baseline/c8,interactivity,373.07170837568015,derived_p90,tokens/s/user
8,4B,vllm_baseline,8,1,b200-block8-20260922/4B/vllm_baseline/vllm_baseline/c8,output_token_throughput,2734.798719108072,avg,tokens/s
8,4B,vllm_baseline,8,2,b200-repeats-20260922/rep2-block8/4B/vllm_baseline/vllm_baseline/c8,output_token_throughput,2755.9725278473634,avg,tokens/s
8,4B,vllm_baseline,8,3,b200-repeats-20260922/rep3-block8/4B/vllm_baseline/vllm_baseline/c8,output_token_throughput,2746.9817662252185,avg,tokens/s
8,4B,vllm_baseline,8,1,b200-block8-20260922/4B/vllm_baseline/vllm_baseline/c8,time_to_first_token,91.94579575,p99,ms
8,4B,vllm_baseline,8,2,b200-repeats-20260922/rep2-block8/4B/vllm_baseline/vllm_baseline/c8,time_to_first_token,69.34223496999999,p99,ms
8,4B,vllm_baseline,8,3,b200-repeats-20260922/rep3-block8/4B/vllm_baseline/vllm_baseline/c8,time_to_first_token,80.03220040999999,p99,ms
8,4B,vllm_baseline,16,1,b200-block8-20260922/4B/vllm_baseline/vllm_baseline/c16,inter_chunk_latency,4.303289,p99,ms
8,4B,vllm_baseline,16,2,b200-repeats-20260922/rep2-block8/4B/vllm_baseline/vllm_baseline/c16,inter_chunk_latency,4.39574658,p99,ms
8,4B,vllm_baseline,16,3,b200-repeats-20260922/rep3-block8/4B/vllm_baseline/vllm_baseline/c16,inter_chunk_latency,4.215197649999992,p99,ms
8,4B,vllm_baseline,16,1,b200-block8-20260922/4B/vllm_baseline/vllm_baseline/c16,inter_token_latency,2.8823848686274514,p90,ms
8,4B,vllm_baseline,16,2,b200-repeats-20260922/rep2-block8/4B/vllm_baseline/vllm_baseline/c16,inter_token_latency,2.866359438099429,p90,ms
8,4B,vllm_baseline,16,3,b200-repeats-20260922/rep3-block8/4B/vllm_baseline/vllm_baseline/c16,inter_token_latency,2.8654198027807487,p90,ms
8,4B,vllm_baseline,16,1,b200-block8-20260922/4B/vllm_baseline/vllm_baseline/c16,inter_token_latency,2.929191475843137,p99,ms
8,4B,vllm_baseline,16,2,b200-repeats-20260922/rep2-block8/4B/vllm_baseline/vllm_baseline/c16,inter_token_latency,2.876138467529412,p99,ms
8,4B,vllm_baseline,16,3,b200-repeats-20260922/rep3-block8/4B/vllm_baseline/vllm_baseline/c16,inter_token_latency,2.874554475372549,p99,ms
8,4B,vllm_baseline,16,1,b200-block8-20260922/4B/vllm_baseline/vllm_baseline/c16,interactivity,341.39113412248355,derived,tokens/s/user
8,4B,vllm_baseline,16,2,b200-repeats-20260922/rep2-block8/4B/vllm_baseline/vllm_baseline/c16,interactivity,347.6884062744708,derived,tokens/s/user
8,4B,vllm_baseline,16,3,b200-repeats-20260922/rep3-block8/4B/vllm_baseline/vllm_baseline/c16,interactivity,347.8799962106815,derived,tokens/s/user
8,4B,vllm_baseline,16,1,b200-block8-20260922/4B/vllm_baseline/vllm_baseline/c16,interactivity,346.93493255679806,derived_p90,tokens/s/user
8,4B,vllm_baseline,16,2,b200-repeats-20260922/rep2-block8/4B/vllm_baseline/vllm_baseline/c16,interactivity,348.87459915462,derived_p90,tokens/s/user
8,4B,vllm_baseline,16,3,b200-repeats-20260922/rep3-block8/4B/vllm_baseline/vllm_baseline/c16,interactivity,348.989002948032,derived_p90,tokens/s/user
8,4B,vllm_baseline,16,1,b200-block8-20260922/4B/vllm_baseline/vllm_baseline/c16,output_token_throughput,5087.292944151942,avg,tokens/s
8,4B,vllm_baseline,16,2,b200-repeats-20260922/rep2-block8/4B/vllm_baseline/vllm_baseline/c16,output_token_throughput,5089.655539520795,avg,tokens/s
8,4B,vllm_baseline,16,3,b200-repeats-20260922/rep3-block8/4B/vllm_baseline/vllm_baseline/c16,output_token_throughput,5136.853142218802,avg,tokens/s
8,4B,vllm_baseline,16,1,b200-block8-20260922/4B/vllm_baseline/vllm_baseline/c16,time_to_first_token,85.01684484999998,p99,ms
8,4B,vllm_baseline,16,2,b200-repeats-20260922/rep2-block8/4B/vllm_baseline/vllm_baseline/c16,time_to_first_token,94.25748848,p99,ms
8,4B,vllm_baseline,16,3,b200-repeats-20260922/rep3-block8/4B/vllm_baseline/vllm_baseline/c16,time_to_first_token,79.95069366,p99,ms
8,4B,vllm_baseline,32,1,b200-block8-20260922/4B/vllm_baseline/vllm_baseline/c32,inter_chunk_latency,5.18670025,p99,ms
8,4B,vllm_baseline,32,2,b200-repeats-20260922/rep2-block8/4B/vllm_baseline/vllm_baseline/c32,inter_chunk_latency,5.11965925,p99,ms
8,4B,vllm_baseline,32,3,b200-repeats-20260922/rep3-block8/4B/vllm_baseline/vllm_baseline/c32,inter_chunk_latency,5.185098439999988,p99,ms
8,4B,vllm_baseline,32,1,b200-block8-20260922/4B/vllm_baseline/vllm_baseline/c32,inter_token_latency,3.1603762313725485,p90,ms
8,4B,vllm_baseline,32,2,b200-repeats-20260922/rep2-block8/4B/vllm_baseline/vllm_baseline/c32,inter_token_latency,3.1404212991523854,p90,ms
8,4B,vllm_baseline,32,3,b200-repeats-20260922/rep3-block8/4B/vllm_baseline/vllm_baseline/c32,inter_token_latency,3.1360439811764707,p90,ms
8,4B,vllm_baseline,32,1,b200-block8-20260922/4B/vllm_baseline/vllm_baseline/c32,inter_token_latency,3.20849889827451,p99,ms
8,4B,vllm_baseline,32,2,b200-repeats-20260922/rep2-block8/4B/vllm_baseline/vllm_baseline/c32,inter_token_latency,3.205292857333333,p99,ms
8,4B,vllm_baseline,32,3,b200-repeats-20260922/rep3-block8/4B/vllm_baseline/vllm_baseline/c32,inter_token_latency,3.2149256792156864,p99,ms
8,4B,vllm_baseline,32,1,b200-block8-20260922/4B/vllm_baseline/vllm_baseline/c32,interactivity,311.672227949895,derived,tokens/s/user
8,4B,vllm_baseline,32,2,b200-repeats-20260922/rep2-block8/4B/vllm_baseline/vllm_baseline/c32,interactivity,311.983972919079,derived,tokens/s/user
8,4B,vllm_baseline,32,3,b200-repeats-20260922/rep3-block8/4B/vllm_baseline/vllm_baseline/c32,interactivity,311.04918115679743,derived,tokens/s/user
8,4B,vllm_baseline,32,1,b200-block8-20260922/4B/vllm_baseline/vllm_baseline/c32,interactivity,316.4180232951888,derived_p90,tokens/s/user
8,4B,vllm_baseline,32,2,b200-repeats-20260922/rep2-block8/4B/vllm_baseline/vllm_baseline/c32,interactivity,318.4286134697611,derived_p90,tokens/s/user
8,4B,vllm_baseline,32,3,b200-repeats-20260922/rep3-block8/4B/vllm_baseline/vllm_baseline/c32,interactivity,318.8730789498861,derived_p90,tokens/s/user
8,4B,vllm_baseline,32,1,b200-block8-20260922/4B/vllm_baseline/vllm_baseline/c32,output_token_throughput,8959.660804528743,avg,tokens/s
8,4B,vllm_baseline,32,2,b200-repeats-20260922/rep2-block8/4B/vllm_baseline/vllm_baseline/c32,output_token_throughput,9005.352377806288,avg,tokens/s
8,4B,vllm_baseline,32,3,b200-repeats-20260922/rep3-block8/4B/vllm_baseline/vllm_baseline/c32,output_token_throughput,9016.578503788198,avg,tokens/s
8,4B,vllm_baseline,32,1,b200-block8-20260922/4B/vllm_baseline/vllm_baseline/c32,time_to_first_token,144.34707852,p99,ms
8,4B,vllm_baseline,32,2,b200-repeats-20260922/rep2-block8/4B/vllm_baseline/vllm_baseline/c32,time_to_first_token,123.26842744,p99,ms
8,4B,vllm_baseline,32,3,b200-repeats-20260922/rep3-block8/4B/vllm_baseline/vllm_baseline/c32,time_to_first_token,121.30066572,p99,ms
8,4B,vllm_dflash,1,1,b200-block8-20260922/4B/vllm_dflash/vllm_dflash/c1,acceptance_length,4.6248654467169,avg,tokens
8,4B,vllm_dflash,1,2,b200-repeats-20260922/rep2-block8/4B/vllm_dflash/vllm_dflash/c1,acceptance_length,4.651616398771898,avg,tokens
8,4B,vllm_dflash,1,3,b200-repeats-20260922/rep3-block8/4B/vllm_dflash/vllm_dflash/c1,acceptance_length,4.6953352769679295,avg,tokens
8,4B,vllm_dflash,1,1,b200-block8-20260922/4B/vllm_dflash/vllm_dflash/c1,inter_chunk_latency,9.248241489999998,p99,ms
8,4B,vllm_dflash,1,2,b200-repeats-20260922/rep2-block8/4B/vllm_dflash/vllm_dflash/c1,inter_chunk_latency,12.16305228,p99,ms
8,4B,vllm_dflash,1,3,b200-repeats-20260922/rep3-block8/4B/vllm_dflash/vllm_dflash/c1,inter_chunk_latency,9.984878750000002,p99,ms
8,4B,vllm_dflash,1,1,b200-block8-20260922/4B/vllm_dflash/vllm_dflash/c1,inter_token_latency,2.2737148431372547,p90,ms
8,4B,vllm_dflash,1,2,b200-repeats-20260922/rep2-block8/4B/vllm_dflash/vllm_dflash/c1,inter_token_latency,2.5771092125490194,p90,ms
8,4B,vllm_dflash,1,3,b200-repeats-20260922/rep3-block8/4B/vllm_dflash/vllm_dflash/c1,inter_token_latency,2.1106371490196083,p90,ms
8,4B,vllm_dflash,1,1,b200-block8-20260922/4B/vllm_dflash/vllm_dflash/c1,inter_token_latency,2.561038531294118,p99,ms
8,4B,vllm_dflash,1,2,b200-repeats-20260922/rep2-block8/4B/vllm_dflash/vllm_dflash/c1,inter_token_latency,2.7656112354509808,p99,ms
8,4B,vllm_dflash,1,3,b200-repeats-20260922/rep3-block8/4B/vllm_dflash/vllm_dflash/c1,inter_token_latency,2.5709910007058827,p99,ms
8,4B,vllm_dflash,1,1,b200-block8-20260922/4B/vllm_dflash/vllm_dflash/c1,interactivity,390.4665969608392,derived,tokens/s/user
8,4B,vllm_dflash,1,2,b200-repeats-20260922/rep2-block8/4B/vllm_dflash/vllm_dflash/c1,interactivity,361.5837205104978,derived,tokens/s/user
8,4B,vllm_dflash,1,3,b200-repeats-20260922/rep3-block8/4B/vllm_dflash/vllm_dflash/c1,interactivity,388.9550759708779,derived,tokens/s/user
8,4B,vllm_dflash,1,1,b200-block8-20260922/4B/vllm_dflash/vllm_dflash/c1,interactivity,439.8088894120986,derived_p90,tokens/s/user
8,4B,vllm_dflash,1,2,b200-repeats-20260922/rep2-block8/4B/vllm_dflash/vllm_dflash/c1,interactivity,388.03167329136966,derived_p90,tokens/s/user
8,4B,vllm_dflash,1,3,b200-repeats-20260922/rep3-block8/4B/vllm_dflash/vllm_dflash/c1,interactivity,473.7905804721102,derived_p90,tokens/s/user
8,4B,vllm_dflash,1,1,b200-block8-20260922/4B/vllm_dflash/vllm_dflash/c1,output_token_throughput,531.877049906657,avg,tokens/s
8,4B,vllm_dflash,1,2,b200-repeats-20260922/rep2-block8/4B/vllm_dflash/vllm_dflash/c1,output_token_throughput,473.17858600101033,avg,tokens/s
8,4B,vllm_dflash,1,3,b200-repeats-20260922/rep3-block8/4B/vllm_dflash/vllm_dflash/c1,output_token_throughput,544.3067850711429,avg,tokens/s
8,4B,vllm_dflash,1,1,b200-block8-20260922/4B/vllm_dflash/vllm_dflash/c1,time_to_first_token,47.45720217000004,p99,ms
8,4B,vllm_dflash,1,2,b200-repeats-20260922/rep2-block8/4B/vllm_dflash/vllm_dflash/c1,time_to_first_token,56.97875573000003,p99,ms
8,4B,vllm_dflash,1,3,b200-repeats-20260922/rep3-block8/4B/vllm_dflash/vllm_dflash/c1,time_to_first_token,46.55407382000001,p99,ms
8,4B,vllm_dflash,2,1,b200-block8-20260922/4B/vllm_dflash/vllm_dflash/c2,acceptance_length,4.605721949038891,avg,tokens
8,4B,vllm_dflash,2,2,b200-repeats-20260922/rep2-block8/4B/vllm_dflash/vllm_dflash/c2,acceptance_length,4.645626690712353,avg,tokens
8,4B,vllm_dflash,2,3,b200-repeats-20260922/rep3-block8/4B/vllm_dflash/vllm_dflash/c2,acceptance_length,4.534095908490981,avg,tokens
8,4B,vllm_dflash,2,1,b200-block8-20260922/4B/vllm_dflash/vllm_dflash/c2,inter_chunk_latency,46.63523870000002,p99,ms
8,4B,vllm_dflash,2,2,b200-repeats-20260922/rep2-block8/4B/vllm_dflash/vllm_dflash/c2,inter_chunk_latency,57.88969266,p99,ms
8,4B,vllm_dflash,2,3,b200-repeats-20260922/rep3-block8/4B/vllm_dflash/vllm_dflash/c2,inter_chunk_latency,46.26792596000001,p99,ms
8,4B,vllm_dflash,2,1,b200-block8-20260922/4B/vllm_dflash/vllm_dflash/c2,inter_token_latency,2.512749305490196,p90,ms
8,4B,vllm_dflash,2,2,b200-repeats-20260922/rep2-block8/4B/vllm_dflash/vllm_dflash/c2,inter_token_latency,3.025318054901961,p90,ms
8,4B,vllm_dflash,2,3,b200-repeats-20260922/rep3-block8/4B/vllm_dflash/vllm_dflash/c2,inter_token_latency,2.373225919215686,p90,ms
8,4B,vllm_dflash,2,1,b200-block8-20260922/4B/vllm_dflash/vllm_dflash/c2,inter_token_latency,2.7895093638431367,p99,ms
8,4B,vllm_dflash,2,2,b200-repeats-20260922/rep2-block8/4B/vllm_dflash/vllm_dflash/c2,inter_token_latency,3.902478204117647,p99,ms
8,4B,vllm_dflash,2,3,b200-repeats-20260922/rep3-block8/4B/vllm_dflash/vllm_dflash/c2,inter_token_latency,2.6426796765882354,p99,ms
8,4B,vllm_dflash,2,1,b200-block8-20260922/4B/vllm_dflash/vllm_dflash/c2,interactivity,358.4859807110629,derived,tokens/s/user
8,4B,vllm_dflash,2,2,b200-repeats-20260922/rep2-block8/4B/vllm_dflash/vllm_dflash/c2,interactivity,256.2474273257602,derived,tokens/s/user
8,4B,vllm_dflash,2,3,b200-repeats-20260922/rep3-block8/4B/vllm_dflash/vllm_dflash/c2,interactivity,378.403787965337,derived,tokens/s/user
8,4B,vllm_dflash,2,1,b200-block8-20260922/4B/vllm_dflash/vllm_dflash/c2,interactivity,397.97046120560617,derived_p90,tokens/s/user
8,4B,vllm_dflash,2,2,b200-repeats-20260922/rep2-block8/4B/vllm_dflash/vllm_dflash/c2,interactivity,330.5437583263972,derived_p90,tokens/s/user
8,4B,vllm_dflash,2,3,b200-repeats-20260922/rep3-block8/4B/vllm_dflash/vllm_dflash/c2,interactivity,421.3673851710183,derived_p90,tokens/s/user
8,4B,vllm_dflash,2,1,b200-block8-20260922/4B/vllm_dflash/vllm_dflash/c2,output_token_throughput,927.7992969368152,avg,tokens/s
8,4B,vllm_dflash,2,2,b200-repeats-20260922/rep2-block8/4B/vllm_dflash/vllm_dflash/c2,output_token_throughput,733.3571624231538,avg,tokens/s
8,4B,vllm_dflash,2,3,b200-repeats-20260922/rep3-block8/4B/vllm_dflash/vllm_dflash/c2,output_token_throughput,912.071287611549,avg,tokens/s
8,4B,vllm_dflash,2,1,b200-block8-20260922/4B/vllm_dflash/vllm_dflash/c2,time_to_first_token,86.18198839999998,p99,ms
8,4B,vllm_dflash,2,2,b200-repeats-20260922/rep2-block8/4B/vllm_dflash/vllm_dflash/c2,time_to_first_token,124.57767017,p99,ms
8,4B,vllm_dflash,2,3,b200-repeats-20260922/rep3-block8/4B/vllm_dflash/vllm_dflash/c2,time_to_first_token,93.44786247,p99,ms
8,4B,vllm_dflash,4,1,b200-block8-20260922/4B/vllm_dflash/vllm_dflash/c4,acceptance_length,4.576794843298511,avg,tokens
8,4B,vllm_dflash,4,2,b200-repeats-20260922/rep2-block8/4B/vllm_dflash/vllm_dflash/c4,acceptance_length,4.680889695869269,avg,tokens
8,4B,vllm_dflash,4,3,b200-repeats-20260922/rep3-block8/4B/vllm_dflash/vllm_dflash/c4,acceptance_length,4.540171692714066,avg,tokens
8,4B,vllm_dflash,4,1,b200-block8-20260922/4B/vllm_dflash/vllm_dflash/c4,inter_chunk_latency,47.08779192,p99,ms
8,4B,vllm_dflash,4,2,b200-repeats-20260922/rep2-block8/4B/vllm_dflash/vllm_dflash/c4,inter_chunk_latency,50.32411949999999,p99,ms
8,4B,vllm_dflash,4,3,b200-repeats-20260922/rep3-block8/4B/vllm_dflash/vllm_dflash/c4,inter_chunk_latency,46.82754986,p99,ms
8,4B,vllm_dflash,4,1,b200-block8-20260922/4B/vllm_dflash/vllm_dflash/c4,inter_token_latency,2.7425371313725493,p90,ms
8,4B,vllm_dflash,4,2,b200-repeats-20260922/rep2-block8/4B/vllm_dflash/vllm_dflash/c4,inter_token_latency,2.8468406392156864,p90,ms
8,4B,vllm_dflash,4,3,b200-repeats-20260922/rep3-block8/4B/vllm_dflash/vllm_dflash/c4,inter_token_latency,2.9800299129411774,p90,ms
8,4B,vllm_dflash,4,1,b200-block8-20260922/4B/vllm_dflash/vllm_dflash/c4,inter_token_latency,3.283987008196075,p99,ms
8,4B,vllm_dflash,4,2,b200-repeats-20260922/rep2-block8/4B/vllm_dflash/vllm_dflash/c4,inter_token_latency,3.3888754320583594,p99,ms
8,4B,vllm_dflash,4,3,b200-repeats-20260922/rep3-block8/4B/vllm_dflash/vllm_dflash/c4,inter_token_latency,3.764103865215686,p99,ms
8,4B,vllm_dflash,4,1,b200-block8-20260922/4B/vllm_dflash/vllm_dflash/c4,interactivity,304.5079038084592,derived,tokens/s/user
8,4B,vllm_dflash,4,2,b200-repeats-20260922/rep2-block8/4B/vllm_dflash/vllm_dflash/c4,interactivity,295.083138949316,derived,tokens/s/user
8,4B,vllm_dflash,4,3,b200-repeats-20260922/rep3-block8/4B/vllm_dflash/vllm_dflash/c4,interactivity,265.66748310031005,derived,tokens/s/user
8,4B,vllm_dflash,4,1,b200-block8-20260922/4B/vllm_dflash/vllm_dflash/c4,interactivity,364.6258745454188,derived_p90,tokens/s/user
8,4B,vllm_dflash,4,2,b200-repeats-20260922/rep2-block8/4B/vllm_dflash/vllm_dflash/c4,interactivity,351.2665887316767,derived_p90,tokens/s/user
8,4B,vllm_dflash,4,3,b200-repeats-20260922/rep3-block8/4B/vllm_dflash/vllm_dflash/c4,interactivity,335.5671014097431,derived_p90,tokens/s/user
8,4B,vllm_dflash,4,1,b200-block8-20260922/4B/vllm_dflash/vllm_dflash/c4,output_token_throughput,1567.2120259171088,avg,tokens/s
8,4B,vllm_dflash,4,2,b200-repeats-20260922/rep2-block8/4B/vllm_dflash/vllm_dflash/c4,output_token_throughput,1542.2463686693254,avg,tokens/s
8,4B,vllm_dflash,4,3,b200-repeats-20260922/rep3-block8/4B/vllm_dflash/vllm_dflash/c4,output_token_throughput,1556.9216744346527,avg,tokens/s
8,4B,vllm_dflash,4,1,b200-block8-20260922/4B/vllm_dflash/vllm_dflash/c4,time_to_first_token,104.40556732999995,p99,ms
8,4B,vllm_dflash,4,2,b200-repeats-20260922/rep2-block8/4B/vllm_dflash/vllm_dflash/c4,time_to_first_token,123.7801519599998,p99,ms
8,4B,vllm_dflash,4,3,b200-repeats-20260922/rep3-block8/4B/vllm_dflash/vllm_dflash/c4,time_to_first_token,100.90125829,p99,ms
8,4B,vllm_dflash,8,1,b200-block8-20260922/4B/vllm_dflash/vllm_dflash/c8,acceptance_length,4.553332596440809,avg,tokens
8,4B,vllm_dflash,8,2,b200-repeats-20260922/rep2-block8/4B/vllm_dflash/vllm_dflash/c8,acceptance_length,4.564346575190882,avg,tokens
8,4B,vllm_dflash,8,3,b200-repeats-20260922/rep3-block8/4B/vllm_dflash/vllm_dflash/c8,acceptance_length,4.60843306117884,avg,tokens
8,4B,vllm_dflash,8,1,b200-block8-20260922/4B/vllm_dflash/vllm_dflash/c8,inter_chunk_latency,48.92305564,p99,ms
8,4B,vllm_dflash,8,2,b200-repeats-20260922/rep2-block8/4B/vllm_dflash/vllm_dflash/c8,inter_chunk_latency,51.34771772,p99,ms
8,4B,vllm_dflash,8,3,b200-repeats-20260922/rep3-block8/4B/vllm_dflash/vllm_dflash/c8,inter_chunk_latency,47.70612780000001,p99,ms
8,4B,vllm_dflash,8,1,b200-block8-20260922/4B/vllm_dflash/vllm_dflash/c8,inter_token_latency,3.7653503047058816,p90,ms
8,4B,vllm_dflash,8,2,b200-repeats-20260922/rep2-block8/4B/vllm_dflash/vllm_dflash/c8,inter_token_latency,4.105383413221288,p90,ms
8,4B,vllm_dflash,8,3,b200-repeats-20260922/rep3-block8/4B/vllm_dflash/vllm_dflash/c8,inter_token_latency,3.5886442247058823,p90,ms
8,4B,vllm_dflash,8,1,b200-block8-20260922/4B/vllm_dflash/vllm_dflash/c8,inter_token_latency,4.527650647725489,p99,ms
8,4B,vllm_dflash,8,2,b200-repeats-20260922/rep2-block8/4B/vllm_dflash/vllm_dflash/c8,inter_token_latency,4.548737315137255,p99,ms
8,4B,vllm_dflash,8,3,b200-repeats-20260922/rep3-block8/4B/vllm_dflash/vllm_dflash/c8,inter_token_latency,4.33475546290196,p99,ms
8,4B,vllm_dflash,8,1,b200-block8-20260922/4B/vllm_dflash/vllm_dflash/c8,interactivity,220.86509711219884,derived,tokens/s/user
8,4B,vllm_dflash,8,2,b200-repeats-20260922/rep2-block8/4B/vllm_dflash/vllm_dflash/c8,interactivity,219.84122861353356,derived,tokens/s/user
8,4B,vllm_dflash,8,3,b200-repeats-20260922/rep3-block8/4B/vllm_dflash/vllm_dflash/c8,interactivity,230.69352090522236,derived,tokens/s/user
8,4B,vllm_dflash,8,1,b200-block8-20260922/4B/vllm_dflash/vllm_dflash/c8,interactivity,265.57953950531885,derived_p90,tokens/s/user
8,4B,vllm_dflash,8,2,b200-repeats-20260922/rep2-block8/4B/vllm_dflash/vllm_dflash/c8,interactivity,243.5826083331277,derived_p90,tokens/s/user
8,4B,vllm_dflash,8,3,b200-repeats-20260922/rep3-block8/4B/vllm_dflash/vllm_dflash/c8,interactivity,278.6567676772021,derived_p90,tokens/s/user
8,4B,vllm_dflash,8,1,b200-block8-20260922/4B/vllm_dflash/vllm_dflash/c8,output_token_throughput,2464.3774998064614,avg,tokens/s
8,4B,vllm_dflash,8,2,b200-repeats-20260922/rep2-block8/4B/vllm_dflash/vllm_dflash/c8,output_token_throughput,2389.607878156104,avg,tokens/s
8,4B,vllm_dflash,8,3,b200-repeats-20260922/rep3-block8/4B/vllm_dflash/vllm_dflash/c8,output_token_throughput,2544.61701895941,avg,tokens/s
8,4B,vllm_dflash,8,1,b200-block8-20260922/4B/vllm_dflash/vllm_dflash/c8,time_to_first_token,126.71919338999992,p99,ms
8,4B,vllm_dflash,8,2,b200-repeats-20260922/rep2-block8/4B/vllm_dflash/vllm_dflash/c8,time_to_first_token,151.81708465999998,p99,ms
8,4B,vllm_dflash,8,3,b200-repeats-20260922/rep3-block8/4B/vllm_dflash/vllm_dflash/c8,time_to_first_token,137.90074359,p99,ms
8,4B,vllm_dflash,16,1,b200-block8-20260922/4B/vllm_dflash/vllm_dflash/c16,acceptance_length,4.669612007929764,avg,tokens
8,4B,vllm_dflash,16,2,b200-repeats-20260922/rep2-block8/4B/vllm_dflash/vllm_dflash/c16,acceptance_length,4.632808988764046,avg,tokens
8,4B,vllm_dflash,16,3,b200-repeats-20260922/rep3-block8/4B/vllm_dflash/vllm_dflash/c16,acceptance_length,4.631942882842365,avg,tokens
8,4B,vllm_dflash,16,1,b200-block8-20260922/4B/vllm_dflash/vllm_dflash/c16,inter_chunk_latency,51.85563218,p99,ms
8,4B,vllm_dflash,16,2,b200-repeats-20260922/rep2-block8/4B/vllm_dflash/vllm_dflash/c16,inter_chunk_latency,52.76399885999999,p99,ms
8,4B,vllm_dflash,16,3,b200-repeats-20260922/rep3-block8/4B/vllm_dflash/vllm_dflash/c16,inter_chunk_latency,48.94743400000001,p99,ms
8,4B,vllm_dflash,16,1,b200-block8-20260922/4B/vllm_dflash/vllm_dflash/c16,inter_token_latency,4.909405084313726,p90,ms
8,4B,vllm_dflash,16,2,b200-repeats-20260922/rep2-block8/4B/vllm_dflash/vllm_dflash/c16,inter_token_latency,5.126368963137255,p90,ms
8,4B,vllm_dflash,16,3,b200-repeats-20260922/rep3-block8/4B/vllm_dflash/vllm_dflash/c16,inter_token_latency,4.976406341960785,p90,ms
8,4B,vllm_dflash,16,1,b200-block8-20260922/4B/vllm_dflash/vllm_dflash/c16,inter_token_latency,6.226246091215685,p99,ms
8,4B,vllm_dflash,16,2,b200-repeats-20260922/rep2-block8/4B/vllm_dflash/vllm_dflash/c16,inter_token_latency,6.448365830470589,p99,ms
8,4B,vllm_dflash,16,3,b200-repeats-20260922/rep3-block8/4B/vllm_dflash/vllm_dflash/c16,inter_token_latency,6.40986020172549,p99,ms
8,4B,vllm_dflash,16,1,b200-block8-20260922/4B/vllm_dflash/vllm_dflash/c16,interactivity,160.61042004280114,derived,tokens/s/user
8,4B,vllm_dflash,16,2,b200-repeats-20260922/rep2-block8/4B/vllm_dflash/vllm_dflash/c16,interactivity,155.07805020532186,derived,tokens/s/user
8,4B,vllm_dflash,16,3,b200-repeats-20260922/rep3-block8/4B/vllm_dflash/vllm_dflash/c16,interactivity,156.00964272681125,derived,tokens/s/user
8,4B,vllm_dflash,16,1,b200-block8-20260922/4B/vllm_dflash/vllm_dflash/c16,interactivity,203.6906677746246,derived_p90,tokens/s/user
8,4B,vllm_dflash,16,2,b200-repeats-20260922/rep2-block8/4B/vllm_dflash/vllm_dflash/c16,interactivity,195.0698451849272,derived_p90,tokens/s/user
8,4B,vllm_dflash,16,3,b200-repeats-20260922/rep3-block8/4B/vllm_dflash/vllm_dflash/c16,interactivity,200.94822072065438,derived_p90,tokens/s/user
8,4B,vllm_dflash,16,1,b200-block8-20260922/4B/vllm_dflash/vllm_dflash/c16,output_token_throughput,3820.352559947932,avg,tokens/s
8,4B,vllm_dflash,16,2,b200-repeats-20260922/rep2-block8/4B/vllm_dflash/vllm_dflash/c16,output_token_throughput,3754.001498750935,avg,tokens/s
8,4B,vllm_dflash,16,3,b200-repeats-20260922/rep3-block8/4B/vllm_dflash/vllm_dflash/c16,output_token_throughput,3831.354667929659,avg,tokens/s
8,4B,vllm_dflash,16,1,b200-block8-20260922/4B/vllm_dflash/vllm_dflash/c16,time_to_first_token,145.54117404,p99,ms
8,4B,vllm_dflash,16,2,b200-repeats-20260922/rep2-block8/4B/vllm_dflash/vllm_dflash/c16,time_to_first_token,154.07753916999997,p99,ms
8,4B,vllm_dflash,16,3,b200-repeats-20260922/rep3-block8/4B/vllm_dflash/vllm_dflash/c16,time_to_first_token,146.27378506999997,p99,ms
8,4B,vllm_dflash,32,1,b200-block8-20260922/4B/vllm_dflash/vllm_dflash/c32,acceptance_length,4.62970969734404,avg,tokens
8,4B,vllm_dflash,32,2,b200-repeats-20260922/rep2-block8/4B/vllm_dflash/vllm_dflash/c32,acceptance_length,4.6284695910864135,avg,tokens
8,4B,vllm_dflash,32,3,b200-repeats-20260922/rep3-block8/4B/vllm_dflash/vllm_dflash/c32,acceptance_length,4.616717520924894,avg,tokens
8,4B,vllm_dflash,32,1,b200-block8-20260922/4B/vllm_dflash/vllm_dflash/c32,inter_chunk_latency,51.925517930000005,p99,ms
8,4B,vllm_dflash,32,2,b200-repeats-20260922/rep2-block8/4B/vllm_dflash/vllm_dflash/c32,inter_chunk_latency,56.3097391,p99,ms
8,4B,vllm_dflash,32,3,b200-repeats-20260922/rep3-block8/4B/vllm_dflash/vllm_dflash/c32,inter_chunk_latency,54.70371303999999,p99,ms
8,4B,vllm_dflash,32,1,b200-block8-20260922/4B/vllm_dflash/vllm_dflash/c32,inter_token_latency,6.964196296862745,p90,ms
8,4B,vllm_dflash,32,2,b200-repeats-20260922/rep2-block8/4B/vllm_dflash/vllm_dflash/c32,inter_token_latency,7.519676192156863,p90,ms
8,4B,vllm_dflash,32,3,b200-repeats-20260922/rep3-block8/4B/vllm_dflash/vllm_dflash/c32,inter_token_latency,6.931334829019607,p90,ms
8,4B,vllm_dflash,32,1,b200-block8-20260922/4B/vllm_dflash/vllm_dflash/c32,inter_token_latency,8.736278564000001,p99,ms
8,4B,vllm_dflash,32,2,b200-repeats-20260922/rep2-block8/4B/vllm_dflash/vllm_dflash/c32,inter_token_latency,9.489920186431371,p99,ms
8,4B,vllm_dflash,32,3,b200-repeats-20260922/rep3-block8/4B/vllm_dflash/vllm_dflash/c32,inter_token_latency,8.803704455921569,p99,ms
8,4B,vllm_dflash,32,1,b200-block8-20260922/4B/vllm_dflash/vllm_dflash/c32,interactivity,114.46521452747028,derived,tokens/s/user
8,4B,vllm_dflash,32,2,b200-repeats-20260922/rep2-block8/4B/vllm_dflash/vllm_dflash/c32,interactivity,105.37496420989858,derived,tokens/s/user
8,4B,vllm_dflash,32,3,b200-repeats-20260922/rep3-block8/4B/vllm_dflash/vllm_dflash/c32,interactivity,113.5885472992426,derived,tokens/s/user
8,4B,vllm_dflash,32,1,b200-block8-20260922/4B/vllm_dflash/vllm_dflash/c32,interactivity,143.5915872231349,derived_p90,tokens/s/user
8,4B,vllm_dflash,32,2,b200-repeats-20260922/rep2-block8/4B/vllm_dflash/vllm_dflash/c32,interactivity,132.98444965529436,derived_p90,tokens/s/user
8,4B,vllm_dflash,32,3,b200-repeats-20260922/rep3-block8/4B/vllm_dflash/vllm_dflash/c32,interactivity,144.27235513328154,derived_p90,tokens/s/user
8,4B,vllm_dflash,32,1,b200-block8-20260922/4B/vllm_dflash/vllm_dflash/c32,output_token_throughput,5589.484625330949,avg,tokens/s
8,4B,vllm_dflash,32,2,b200-repeats-20260922/rep2-block8/4B/vllm_dflash/vllm_dflash/c32,output_token_throughput,5225.84827184291,avg,tokens/s
8,4B,vllm_dflash,32,3,b200-repeats-20260922/rep3-block8/4B/vllm_dflash/vllm_dflash/c32,output_token_throughput,5541.94473205255,avg,tokens/s
8,4B,vllm_dflash,32,1,b200-block8-20260922/4B/vllm_dflash/vllm_dflash/c32,time_to_first_token,177.44795847,p99,ms
8,4B,vllm_dflash,32,2,b200-repeats-20260922/rep2-block8/4B/vllm_dflash/vllm_dflash/c32,time_to_first_token,188.42083559,p99,ms
8,4B,vllm_dflash,32,3,b200-repeats-20260922/rep3-block8/4B/vllm_dflash/vllm_dflash/c32,time_to_first_token,183.93234422,p99,ms
16,27B,pr2_dflash,1,1,b200-latest-20260922/27B/pr2_dflash/vllm_dflash/c1,acceptance_length,7.59177122847972,avg,tokens
16,27B,pr2_dflash,1,2,b200-repeats-20260922/rep2-block16/27B/pr2_dflash/vllm_dflash/c1,acceptance_length,7.59177122847972,avg,tokens
16,27B,pr2_dflash,1,3,b200-repeats-20260922/rep3-block16/27B/pr2_dflash/vllm_dflash/c1,acceptance_length,7.59177122847972,avg,tokens
16,27B,pr2_dflash,1,1,b200-latest-20260922/27B/pr2_dflash/vllm_dflash/c1,inter_chunk_latency,13.477809639999997,p99,ms
16,27B,pr2_dflash,1,2,b200-repeats-20260922/rep2-block16/27B/pr2_dflash/vllm_dflash/c1,inter_chunk_latency,14.357335559999994,p99,ms
16,27B,pr2_dflash,1,3,b200-repeats-20260922/rep3-block16/27B/pr2_dflash/vllm_dflash/c1,inter_chunk_latency,14.060558259999992,p99,ms
16,27B,pr2_dflash,1,1,b200-latest-20260922/27B/pr2_dflash/vllm_dflash/c1,inter_token_latency,2.0846503611764713,p90,ms
16,27B,pr2_dflash,1,2,b200-repeats-20260922/rep2-block16/27B/pr2_dflash/vllm_dflash/c1,inter_token_latency,2.09069719137255,p90,ms
16,27B,pr2_dflash,1,3,b200-repeats-20260922/rep3-block16/27B/pr2_dflash/vllm_dflash/c1,inter_token_latency,2.0928110870588243,p90,ms
16,27B,pr2_dflash,1,1,b200-latest-20260922/27B/pr2_dflash/vllm_dflash/c1,inter_token_latency,2.6320994874509824,p99,ms
16,27B,pr2_dflash,1,2,b200-repeats-20260922/rep2-block16/27B/pr2_dflash/vllm_dflash/c1,inter_token_latency,2.6369050207451,p99,ms
16,27B,pr2_dflash,1,3,b200-repeats-20260922/rep3-block16/27B/pr2_dflash/vllm_dflash/c1,inter_token_latency,2.636167183098041,p99,ms
16,27B,pr2_dflash,1,1,b200-latest-20260922/27B/pr2_dflash/vllm_dflash/c1,interactivity,379.9248488773633,derived,tokens/s/user
16,27B,pr2_dflash,1,2,b200-repeats-20260922/rep2-block16/27B/pr2_dflash/vllm_dflash/c1,interactivity,379.2324684176277,derived,tokens/s/user
16,27B,pr2_dflash,1,3,b200-repeats-20260922/rep3-block16/27B/pr2_dflash/vllm_dflash/c1,interactivity,379.3386119103392,derived,tokens/s/user
16,27B,pr2_dflash,1,1,b200-latest-20260922/27B/pr2_dflash/vllm_dflash/c1,interactivity,479.6967484924669,derived_p90,tokens/s/user
16,27B,pr2_dflash,1,2,b200-repeats-20260922/rep2-block16/27B/pr2_dflash/vllm_dflash/c1,interactivity,478.30934299170156,derived_p90,tokens/s/user
16,27B,pr2_dflash,1,3,b200-repeats-20260922/rep3-block16/27B/pr2_dflash/vllm_dflash/c1,interactivity,477.82621479006536,derived_p90,tokens/s/user
16,27B,pr2_dflash,1,1,b200-latest-20260922/27B/pr2_dflash/vllm_dflash/c1,output_token_throughput,519.3835152394879,avg,tokens/s
16,27B,pr2_dflash,1,2,b200-repeats-20260922/rep2-block16/27B/pr2_dflash/vllm_dflash/c1,output_token_throughput,504.37174073050335,avg,tokens/s
16,27B,pr2_dflash,1,3,b200-repeats-20260922/rep3-block16/27B/pr2_dflash/vllm_dflash/c1,output_token_throughput,515.376262207815,avg,tokens/s
16,27B,pr2_dflash,1,1,b200-latest-20260922/27B/pr2_dflash/vllm_dflash/c1,time_to_first_token,66.92676938000001,p99,ms
16,27B,pr2_dflash,1,2,b200-repeats-20260922/rep2-block16/27B/pr2_dflash/vllm_dflash/c1,time_to_first_token,83.8813071900001,p99,ms
16,27B,pr2_dflash,1,3,b200-repeats-20260922/rep3-block16/27B/pr2_dflash/vllm_dflash/c1,time_to_first_token,79.35772171000008,p99,ms
16,27B,pr2_dflash,2,1,b200-latest-20260922/27B/pr2_dflash/vllm_dflash/c2,acceptance_length,7.76882923191648,avg,tokens
16,27B,pr2_dflash,2,2,b200-repeats-20260922/rep2-block16/27B/pr2_dflash/vllm_dflash/c2,acceptance_length,7.723498888065233,avg,tokens
16,27B,pr2_dflash,2,3,b200-repeats-20260922/rep3-block16/27B/pr2_dflash/vllm_dflash/c2,acceptance_length,7.782089552238806,avg,tokens
16,27B,pr2_dflash,2,1,b200-latest-20260922/27B/pr2_dflash/vllm_dflash/c2,inter_chunk_latency,60.224948599999976,p99,ms
16,27B,pr2_dflash,2,2,b200-repeats-20260922/rep2-block16/27B/pr2_dflash/vllm_dflash/c2,inter_chunk_latency,87.48070564,p99,ms
16,27B,pr2_dflash,2,3,b200-repeats-20260922/rep3-block16/27B/pr2_dflash/vllm_dflash/c2,inter_chunk_latency,61.77682491,p99,ms
16,27B,pr2_dflash,2,1,b200-latest-20260922/27B/pr2_dflash/vllm_dflash/c2,inter_token_latency,2.288049125490196,p90,ms
16,27B,pr2_dflash,2,2,b200-repeats-20260922/rep2-block16/27B/pr2_dflash/vllm_dflash/c2,inter_token_latency,2.394194911764706,p90,ms
16,27B,pr2_dflash,2,3,b200-repeats-20260922/rep3-block16/27B/pr2_dflash/vllm_dflash/c2,inter_token_latency,2.485885914117647,p90,ms
16,27B,pr2_dflash,2,1,b200-latest-20260922/27B/pr2_dflash/vllm_dflash/c2,inter_token_latency,2.497234076862745,p99,ms
16,27B,pr2_dflash,2,2,b200-repeats-20260922/rep2-block16/27B/pr2_dflash/vllm_dflash/c2,inter_token_latency,2.7392190251764705,p99,ms
16,27B,pr2_dflash,2,3,b200-repeats-20260922/rep3-block16/27B/pr2_dflash/vllm_dflash/c2,inter_token_latency,2.8516682727450977,p99,ms
16,27B,pr2_dflash,2,1,b200-latest-20260922/27B/pr2_dflash/vllm_dflash/c2,interactivity,400.4430378654339,derived,tokens/s/user
16,27B,pr2_dflash,2,2,b200-repeats-20260922/rep2-block16/27B/pr2_dflash/vllm_dflash/c2,interactivity,365.0675578728416,derived,tokens/s/user
16,27B,pr2_dflash,2,3,b200-repeats-20260922/rep3-block16/27B/pr2_dflash/vllm_dflash/c2,interactivity,350.6719240654774,derived,tokens/s/user
16,27B,pr2_dflash,2,1,b200-latest-20260922/27B/pr2_dflash/vllm_dflash/c2,interactivity,437.0535531162418,derived_p90,tokens/s/user
16,27B,pr2_dflash,2,2,b200-repeats-20260922/rep2-block16/27B/pr2_dflash/vllm_dflash/c2,interactivity,417.6769381165057,derived_p90,tokens/s/user
16,27B,pr2_dflash,2,3,b200-repeats-20260922/rep3-block16/27B/pr2_dflash/vllm_dflash/c2,interactivity,402.2710754024869,derived_p90,tokens/s/user
16,27B,pr2_dflash,2,1,b200-latest-20260922/27B/pr2_dflash/vllm_dflash/c2,output_token_throughput,893.9394434351532,avg,tokens/s
16,27B,pr2_dflash,2,2,b200-repeats-20260922/rep2-block16/27B/pr2_dflash/vllm_dflash/c2,output_token_throughput,811.0315055026028,avg,tokens/s
16,27B,pr2_dflash,2,3,b200-repeats-20260922/rep3-block16/27B/pr2_dflash/vllm_dflash/c2,output_token_throughput,865.6437614706779,avg,tokens/s
16,27B,pr2_dflash,2,1,b200-latest-20260922/27B/pr2_dflash/vllm_dflash/c2,time_to_first_token,122.47606022,p99,ms
16,27B,pr2_dflash,2,2,b200-repeats-20260922/rep2-block16/27B/pr2_dflash/vllm_dflash/c2,time_to_first_token,170.18969069999997,p99,ms
16,27B,pr2_dflash,2,3,b200-repeats-20260922/rep3-block16/27B/pr2_dflash/vllm_dflash/c2,time_to_first_token,111.67926967,p99,ms
16,27B,pr2_dflash,4,1,b200-latest-20260922/27B/pr2_dflash/vllm_dflash/c4,acceptance_length,7.626004382761139,avg,tokens
16,27B,pr2_dflash,4,2,b200-repeats-20260922/rep2-block16/27B/pr2_dflash/vllm_dflash/c4,acceptance_length,7.694065610025802,avg,tokens
16,27B,pr2_dflash,4,3,b200-repeats-20260922/rep3-block16/27B/pr2_dflash/vllm_dflash/c4,acceptance_length,7.494261119081779,avg,tokens
16,27B,pr2_dflash,4,1,b200-latest-20260922/27B/pr2_dflash/vllm_dflash/c4,inter_chunk_latency,62.84015135999999,p99,ms
16,27B,pr2_dflash,4,2,b200-repeats-20260922/rep2-block16/27B/pr2_dflash/vllm_dflash/c4,inter_chunk_latency,83.94358264,p99,ms
16,27B,pr2_dflash,4,3,b200-repeats-20260922/rep3-block16/27B/pr2_dflash/vllm_dflash/c4,inter_chunk_latency,63.92991383000001,p99,ms
16,27B,pr2_dflash,4,1,b200-latest-20260922/27B/pr2_dflash/vllm_dflash/c4,inter_token_latency,2.7798017231372554,p90,ms
16,27B,pr2_dflash,4,2,b200-repeats-20260922/rep2-block16/27B/pr2_dflash/vllm_dflash/c4,inter_token_latency,3.369642427843137,p90,ms
16,27B,pr2_dflash,4,3,b200-repeats-20260922/rep3-block16/27B/pr2_dflash/vllm_dflash/c4,inter_token_latency,2.934581014509804,p90,ms
16,27B,pr2_dflash,4,1,b200-latest-20260922/27B/pr2_dflash/vllm_dflash/c4,inter_token_latency,3.410495679294116,p99,ms
16,27B,pr2_dflash,4,2,b200-repeats-20260922/rep2-block16/27B/pr2_dflash/vllm_dflash/c4,inter_token_latency,3.97148138898039,p99,ms
16,27B,pr2_dflash,4,3,b200-repeats-20260922/rep3-block16/27B/pr2_dflash/vllm_dflash/c4,inter_token_latency,3.735397435882348,p99,ms
16,27B,pr2_dflash,4,1,b200-latest-20260922/27B/pr2_dflash/vllm_dflash/c4,interactivity,293.2125104486202,derived,tokens/s/user
16,27B,pr2_dflash,4,2,b200-repeats-20260922/rep2-block16/27B/pr2_dflash/vllm_dflash/c4,interactivity,251.79521242997265,derived,tokens/s/user
16,27B,pr2_dflash,4,3,b200-repeats-20260922/rep3-block16/27B/pr2_dflash/vllm_dflash/c4,interactivity,267.70913059851887,derived,tokens/s/user
16,27B,pr2_dflash,4,1,b200-latest-20260922/27B/pr2_dflash/vllm_dflash/c4,interactivity,359.7378876617899,derived_p90,tokens/s/user
16,27B,pr2_dflash,4,2,b200-repeats-20260922/rep2-block16/27B/pr2_dflash/vllm_dflash/c4,interactivity,296.7673933996868,derived_p90,tokens/s/user
16,27B,pr2_dflash,4,3,b200-repeats-20260922/rep3-block16/27B/pr2_dflash/vllm_dflash/c4,interactivity,340.7641482908732,derived_p90,tokens/s/user
16,27B,pr2_dflash,4,1,b200-latest-20260922/27B/pr2_dflash/vllm_dflash/c4,output_token_throughput,1457.000440994407,avg,tokens/s
16,27B,pr2_dflash,4,2,b200-repeats-20260922/rep2-block16/27B/pr2_dflash/vllm_dflash/c4,output_token_throughput,1295.1042192803018,avg,tokens/s
16,27B,pr2_dflash,4,3,b200-repeats-20260922/rep3-block16/27B/pr2_dflash/vllm_dflash/c4,output_token_throughput,1422.6390386655069,avg,tokens/s
16,27B,pr2_dflash,4,1,b200-latest-20260922/27B/pr2_dflash/vllm_dflash/c4,time_to_first_token,167.77276712,p99,ms
16,27B,pr2_dflash,4,2,b200-repeats-20260922/rep2-block16/27B/pr2_dflash/vllm_dflash/c4,time_to_first_token,186.76734045999984,p99,ms
16,27B,pr2_dflash,4,3,b200-repeats-20260922/rep3-block16/27B/pr2_dflash/vllm_dflash/c4,time_to_first_token,159.91817719999966,p99,ms
16,27B,pr2_dflash,8,1,b200-latest-20260922/27B/pr2_dflash/vllm_dflash/c8,acceptance_length,7.436259610227069,avg,tokens
16,27B,pr2_dflash,8,2,b200-repeats-20260922/rep2-block16/27B/pr2_dflash/vllm_dflash/c8,acceptance_length,7.522514409221902,avg,tokens
16,27B,pr2_dflash,8,3,b200-repeats-20260922/rep3-block16/27B/pr2_dflash/vllm_dflash/c8,acceptance_length,7.468772433596555,avg,tokens
16,27B,pr2_dflash,8,1,b200-latest-20260922/27B/pr2_dflash/vllm_dflash/c8,inter_chunk_latency,68.95333831999999,p99,ms
16,27B,pr2_dflash,8,2,b200-repeats-20260922/rep2-block16/27B/pr2_dflash/vllm_dflash/c8,inter_chunk_latency,85.62035021999999,p99,ms
16,27B,pr2_dflash,8,3,b200-repeats-20260922/rep3-block16/27B/pr2_dflash/vllm_dflash/c8,inter_chunk_latency,63.90883915,p99,ms
16,27B,pr2_dflash,8,1,b200-latest-20260922/27B/pr2_dflash/vllm_dflash/c8,inter_token_latency,4.083395123529411,p90,ms
16,27B,pr2_dflash,8,2,b200-repeats-20260922/rep2-block16/27B/pr2_dflash/vllm_dflash/c8,inter_token_latency,4.559491757647058,p90,ms
16,27B,pr2_dflash,8,3,b200-repeats-20260922/rep3-block16/27B/pr2_dflash/vllm_dflash/c8,inter_token_latency,3.866913042745098,p90,ms
16,27B,pr2_dflash,8,1,b200-latest-20260922/27B/pr2_dflash/vllm_dflash/c8,inter_token_latency,5.218873627764705,p99,ms
16,27B,pr2_dflash,8,2,b200-repeats-20260922/rep2-block16/27B/pr2_dflash/vllm_dflash/c8,inter_token_latency,5.314178270862745,p99,ms
16,27B,pr2_dflash,8,3,b200-repeats-20260922/rep3-block16/27B/pr2_dflash/vllm_dflash/c8,inter_token_latency,5.094727306509802,p99,ms
16,27B,pr2_dflash,8,1,b200-latest-20260922/27B/pr2_dflash/vllm_dflash/c8,interactivity,191.6122273357881,derived,tokens/s/user
16,27B,pr2_dflash,8,2,b200-repeats-20260922/rep2-block16/27B/pr2_dflash/vllm_dflash/c8,interactivity,188.175847521512,derived,tokens/s/user
16,27B,pr2_dflash,8,3,b200-repeats-20260922/rep3-block16/27B/pr2_dflash/vllm_dflash/c8,interactivity,196.2813591067469,derived,tokens/s/user
16,27B,pr2_dflash,8,1,b200-latest-20260922/27B/pr2_dflash/vllm_dflash/c8,interactivity,244.89425337209775,derived_p90,tokens/s/user
16,27B,pr2_dflash,8,2,b200-repeats-20260922/rep2-block16/27B/pr2_dflash/vllm_dflash/c8,interactivity,219.322690587789,derived_p90,tokens/s/user
16,27B,pr2_dflash,8,3,b200-repeats-20260922/rep3-block16/27B/pr2_dflash/vllm_dflash/c8,interactivity,258.60421192458625,derived_p90,tokens/s/user
16,27B,pr2_dflash,8,1,b200-latest-20260922/27B/pr2_dflash/vllm_dflash/c8,output_token_throughput,2191.4057641244285,avg,tokens/s
16,27B,pr2_dflash,8,2,b200-repeats-20260922/rep2-block16/27B/pr2_dflash/vllm_dflash/c8,output_token_throughput,1970.6994777362709,avg,tokens/s
16,27B,pr2_dflash,8,3,b200-repeats-20260922/rep3-block16/27B/pr2_dflash/vllm_dflash/c8,output_token_throughput,2283.921730371653,avg,tokens/s
16,27B,pr2_dflash,8,1,b200-latest-20260922/27B/pr2_dflash/vllm_dflash/c8,time_to_first_token,187.96846135,p99,ms
16,27B,pr2_dflash,8,2,b200-repeats-20260922/rep2-block16/27B/pr2_dflash/vllm_dflash/c8,time_to_first_token,245.48554631,p99,ms
16,27B,pr2_dflash,8,3,b200-repeats-20260922/rep3-block16/27B/pr2_dflash/vllm_dflash/c8,time_to_first_token,161.22131282999987,p99,ms
16,27B,pr2_dflash,16,1,b200-latest-20260922/27B/pr2_dflash/vllm_dflash/c16,acceptance_length,7.644558446317332,avg,tokens
16,27B,pr2_dflash,16,2,b200-repeats-20260922/rep2-block16/27B/pr2_dflash/vllm_dflash/c16,acceptance_length,7.579239446870451,avg,tokens
16,27B,pr2_dflash,16,3,b200-repeats-20260922/rep3-block16/27B/pr2_dflash/vllm_dflash/c16,acceptance_length,7.642242168895402,avg,tokens
16,27B,pr2_dflash,16,1,b200-latest-20260922/27B/pr2_dflash/vllm_dflash/c16,inter_chunk_latency,69.29621999999999,p99,ms
16,27B,pr2_dflash,16,2,b200-repeats-20260922/rep2-block16/27B/pr2_dflash/vllm_dflash/c16,inter_chunk_latency,85.56964912,p99,ms
16,27B,pr2_dflash,16,3,b200-repeats-20260922/rep3-block16/27B/pr2_dflash/vllm_dflash/c16,inter_chunk_latency,70.11422999,p99,ms
16,27B,pr2_dflash,16,1,b200-latest-20260922/27B/pr2_dflash/vllm_dflash/c16,inter_token_latency,5.848872200392157,p90,ms
16,27B,pr2_dflash,16,2,b200-repeats-20260922/rep2-block16/27B/pr2_dflash/vllm_dflash/c16,inter_token_latency,5.854299114901962,p90,ms
16,27B,pr2_dflash,16,3,b200-repeats-20260922/rep3-block16/27B/pr2_dflash/vllm_dflash/c16,inter_token_latency,5.628720258431373,p90,ms
16,27B,pr2_dflash,16,1,b200-latest-20260922/27B/pr2_dflash/vllm_dflash/c16,inter_token_latency,7.883760096196078,p99,ms
16,27B,pr2_dflash,16,2,b200-repeats-20260922/rep2-block16/27B/pr2_dflash/vllm_dflash/c16,inter_token_latency,7.5242130092156865,p99,ms
16,27B,pr2_dflash,16,3,b200-repeats-20260922/rep3-block16/27B/pr2_dflash/vllm_dflash/c16,inter_token_latency,7.85445455772549,p99,ms
16,27B,pr2_dflash,16,1,b200-latest-20260922/27B/pr2_dflash/vllm_dflash/c16,interactivity,126.84302766677298,derived,tokens/s/user
16,27B,pr2_dflash,16,2,b200-repeats-20260922/rep2-block16/27B/pr2_dflash/vllm_dflash/c16,interactivity,132.9042650407685,derived,tokens/s/user
16,27B,pr2_dflash,16,3,b200-repeats-20260922/rep3-block16/27B/pr2_dflash/vllm_dflash/c16,interactivity,127.31628818406227,derived,tokens/s/user
16,27B,pr2_dflash,16,1,b200-latest-20260922/27B/pr2_dflash/vllm_dflash/c16,interactivity,170.97313221050575,derived_p90,tokens/s/user
16,27B,pr2_dflash,16,2,b200-repeats-20260922/rep2-block16/27B/pr2_dflash/vllm_dflash/c16,interactivity,170.81464072352006,derived_p90,tokens/s/user
16,27B,pr2_dflash,16,3,b200-repeats-20260922/rep3-block16/27B/pr2_dflash/vllm_dflash/c16,interactivity,177.6602769523108,derived_p90,tokens/s/user
16,27B,pr2_dflash,16,1,b200-latest-20260922/27B/pr2_dflash/vllm_dflash/c16,output_token_throughput,3162.822737793877,avg,tokens/s
16,27B,pr2_dflash,16,2,b200-repeats-20260922/rep2-block16/27B/pr2_dflash/vllm_dflash/c16,output_token_throughput,3145.204638552024,avg,tokens/s
16,27B,pr2_dflash,16,3,b200-repeats-20260922/rep3-block16/27B/pr2_dflash/vllm_dflash/c16,output_token_throughput,3237.751166679772,avg,tokens/s
16,27B,pr2_dflash,16,1,b200-latest-20260922/27B/pr2_dflash/vllm_dflash/c16,time_to_first_token,192.46432266,p99,ms
16,27B,pr2_dflash,16,2,b200-repeats-20260922/rep2-block16/27B/pr2_dflash/vllm_dflash/c16,time_to_first_token,246.7827547100001,p99,ms
16,27B,pr2_dflash,16,3,b200-repeats-20260922/rep3-block16/27B/pr2_dflash/vllm_dflash/c16,time_to_first_token,195.44635732,p99,ms
16,27B,pr2_dflash,32,1,b200-latest-20260922/27B/pr2_dflash/vllm_dflash/c32,acceptance_length,7.723419041000695,avg,tokens
16,27B,pr2_dflash,32,2,b200-repeats-20260922/rep2-block16/27B/pr2_dflash/vllm_dflash/c32,acceptance_length,7.708187026427647,avg,tokens
16,27B,pr2_dflash,32,3,b200-repeats-20260922/rep3-block16/27B/pr2_dflash/vllm_dflash/c32,acceptance_length,7.678410242240029,avg,tokens
16,27B,pr2_dflash,32,1,b200-latest-20260922/27B/pr2_dflash/vllm_dflash/c32,inter_chunk_latency,97.472555,p99,ms
16,27B,pr2_dflash,32,2,b200-repeats-20260922/rep2-block16/27B/pr2_dflash/vllm_dflash/c32,inter_chunk_latency,97.86665849,p99,ms
16,27B,pr2_dflash,32,3,b200-repeats-20260922/rep3-block16/27B/pr2_dflash/vllm_dflash/c32,inter_chunk_latency,97.63066355,p99,ms
16,27B,pr2_dflash,32,1,b200-latest-20260922/27B/pr2_dflash/vllm_dflash/c32,inter_token_latency,9.169681299607843,p90,ms
16,27B,pr2_dflash,32,2,b200-repeats-20260922/rep2-block16/27B/pr2_dflash/vllm_dflash/c32,inter_token_latency,9.238976973725492,p90,ms
16,27B,pr2_dflash,32,3,b200-repeats-20260922/rep3-block16/27B/pr2_dflash/vllm_dflash/c32,inter_token_latency,9.16339079254902,p90,ms
16,27B,pr2_dflash,32,1,b200-latest-20260922/27B/pr2_dflash/vllm_dflash/c32,inter_token_latency,12.37459526682353,p99,ms
16,27B,pr2_dflash,32,2,b200-repeats-20260922/rep2-block16/27B/pr2_dflash/vllm_dflash/c32,inter_token_latency,12.358436414705888,p99,ms
16,27B,pr2_dflash,32,3,b200-repeats-20260922/rep3-block16/27B/pr2_dflash/vllm_dflash/c32,inter_token_latency,12.637869592980392,p99,ms
16,27B,pr2_dflash,32,1,b200-latest-20260922/27B/pr2_dflash/vllm_dflash/c32,interactivity,80.81072378027704,derived,tokens/s/user
16,27B,pr2_dflash,32,2,b200-repeats-20260922/rep2-block16/27B/pr2_dflash/vllm_dflash/c32,interactivity,80.9163850865513,derived,tokens/s/user
16,27B,pr2_dflash,32,3,b200-repeats-20260922/rep3-block16/27B/pr2_dflash/vllm_dflash/c32,interactivity,79.12726054361586,derived,tokens/s/user
16,27B,pr2_dflash,32,1,b200-latest-20260922/27B/pr2_dflash/vllm_dflash/c32,interactivity,109.05504426230895,derived_p90,tokens/s/user
16,27B,pr2_dflash,32,2,b200-repeats-20260922/rep2-block16/27B/pr2_dflash/vllm_dflash/c32,interactivity,108.23709192520734,derived_p90,tokens/s/user
16,27B,pr2_dflash,32,3,b200-repeats-20260922/rep3-block16/27B/pr2_dflash/vllm_dflash/c32,interactivity,109.12990863743634,derived_p90,tokens/s/user
16,27B,pr2_dflash,32,1,b200-latest-20260922/27B/pr2_dflash/vllm_dflash/c32,output_token_throughput,3952.40751393472,avg,tokens/s
16,27B,pr2_dflash,32,2,b200-repeats-20260922/rep2-block16/27B/pr2_dflash/vllm_dflash/c32,output_token_throughput,4052.688484728671,avg,tokens/s
16,27B,pr2_dflash,32,3,b200-repeats-20260922/rep3-block16/27B/pr2_dflash/vllm_dflash/c32,output_token_throughput,3954.764272443276,avg,tokens/s
16,27B,pr2_dflash,32,1,b200-latest-20260922/27B/pr2_dflash/vllm_dflash/c32,time_to_first_token,284.64461842000014,p99,ms
16,27B,pr2_dflash,32,2,b200-repeats-20260922/rep2-block16/27B/pr2_dflash/vllm_dflash/c32,time_to_first_token,263.42709655,p99,ms
16,27B,pr2_dflash,32,3,b200-repeats-20260922/rep3-block16/27B/pr2_dflash/vllm_dflash/c32,time_to_first_token,277.14437375,p99,ms
16,27B,sglang_baseline,1,1,b200-latest-20260922/27B/sglang_baseline/sglang_baseline/c1,inter_chunk_latency,10.983224289999992,p99,ms
16,27B,sglang_baseline,1,2,b200-repeats-20260922/rep2-block16/27B/sglang_baseline/sglang_baseline/c1,inter_chunk_latency,10.398847789999936,p99,ms
16,27B,sglang_baseline,1,3,b200-repeats-20260922/rep3-block16/27B/sglang_baseline/sglang_baseline/c1,inter_chunk_latency,11.610620349999996,p99,ms
16,27B,sglang_baseline,1,1,b200-latest-20260922/27B/sglang_baseline/sglang_baseline/c1,inter_token_latency,7.414436481960784,p90,ms
16,27B,sglang_baseline,1,2,b200-repeats-20260922/rep2-block16/27B/sglang_baseline/sglang_baseline/c1,inter_token_latency,7.415441366274509,p90,ms
16,27B,sglang_baseline,1,3,b200-repeats-20260922/rep3-block16/27B/sglang_baseline/sglang_baseline/c1,inter_token_latency,7.413904828235294,p90,ms
16,27B,sglang_baseline,1,1,b200-latest-20260922/27B/sglang_baseline/sglang_baseline/c1,inter_token_latency,7.416155698039215,p99,ms
16,27B,sglang_baseline,1,2,b200-repeats-20260922/rep2-block16/27B/sglang_baseline/sglang_baseline/c1,inter_token_latency,7.439228386666667,p99,ms
16,27B,sglang_baseline,1,3,b200-repeats-20260922/rep3-block16/27B/sglang_baseline/sglang_baseline/c1,inter_token_latency,7.419277352196079,p99,ms
16,27B,sglang_baseline,1,1,b200-latest-20260922/27B/sglang_baseline/sglang_baseline/c1,interactivity,134.84075047998166,derived,tokens/s/user
16,27B,sglang_baseline,1,2,b200-repeats-20260922/rep2-block16/27B/sglang_baseline/sglang_baseline/c1,interactivity,134.4225433100428,derived,tokens/s/user
16,27B,sglang_baseline,1,3,b200-repeats-20260922/rep3-block16/27B/sglang_baseline/sglang_baseline/c1,interactivity,134.78401635760437,derived,tokens/s/user
16,27B,sglang_baseline,1,1,b200-latest-20260922/27B/sglang_baseline/sglang_baseline/c1,interactivity,134.872016562956,derived_p90,tokens/s/user
16,27B,sglang_baseline,1,2,b200-repeats-20260922/rep2-block16/27B/sglang_baseline/sglang_baseline/c1,interactivity,134.85373973125976,derived_p90,tokens/s/user
16,27B,sglang_baseline,1,3,b200-repeats-20260922/rep3-block16/27B/sglang_baseline/sglang_baseline/c1,interactivity,134.8816882827489,derived_p90,tokens/s/user
16,27B,sglang_baseline,1,1,b200-latest-20260922/27B/sglang_baseline/sglang_baseline/c1,output_token_throughput,132.92672689360123,avg,tokens/s
16,27B,sglang_baseline,1,2,b200-repeats-20260922/rep2-block16/27B/sglang_baseline/sglang_baseline/c1,output_token_throughput,132.87053011723793,avg,tokens/s
16,27B,sglang_baseline,1,3,b200-repeats-20260922/rep3-block16/27B/sglang_baseline/sglang_baseline/c1,output_token_throughput,132.89959019367373,avg,tokens/s
16,27B,sglang_baseline,1,1,b200-latest-20260922/27B/sglang_baseline/sglang_baseline/c1,time_to_first_token,41.75205547000001,p99,ms
16,27B,sglang_baseline,1,2,b200-repeats-20260922/rep2-block16/27B/sglang_baseline/sglang_baseline/c1,time_to_first_token,39.81494228000001,p99,ms
16,27B,sglang_baseline,1,3,b200-repeats-20260922/rep3-block16/27B/sglang_baseline/sglang_baseline/c1,time_to_first_token,37.80423822000001,p99,ms
16,27B,sglang_baseline,2,1,b200-latest-20260922/27B/sglang_baseline/sglang_baseline/c2,inter_chunk_latency,10.801380320000002,p99,ms
16,27B,sglang_baseline,2,2,b200-repeats-20260922/rep2-block16/27B/sglang_baseline/sglang_baseline/c2,inter_chunk_latency,10.967498480000009,p99,ms
16,27B,sglang_baseline,2,3,b200-repeats-20260922/rep3-block16/27B/sglang_baseline/sglang_baseline/c2,inter_chunk_latency,11.15144618000001,p99,ms
16,27B,sglang_baseline,2,1,b200-latest-20260922/27B/sglang_baseline/sglang_baseline/c2,inter_token_latency,7.457009472941176,p90,ms
16,27B,sglang_baseline,2,2,b200-repeats-20260922/rep2-block16/27B/sglang_baseline/sglang_baseline/c2,inter_token_latency,7.457639533333333,p90,ms
16,27B,sglang_baseline,2,3,b200-repeats-20260922/rep3-block16/27B/sglang_baseline/sglang_baseline/c2,inter_token_latency,7.458850092156863,p90,ms
16,27B,sglang_baseline,2,1,b200-latest-20260922/27B/sglang_baseline/sglang_baseline/c2,inter_token_latency,7.4597579891372545,p99,ms
16,27B,sglang_baseline,2,2,b200-repeats-20260922/rep2-block16/27B/sglang_baseline/sglang_baseline/c2,inter_token_latency,7.461529482392157,p99,ms
16,27B,sglang_baseline,2,3,b200-repeats-20260922/rep3-block16/27B/sglang_baseline/sglang_baseline/c2,inter_token_latency,7.475487856963872,p99,ms
16,27B,sglang_baseline,2,1,b200-latest-20260922/27B/sglang_baseline/sglang_baseline/c2,interactivity,134.05260619127046,derived,tokens/s/user
16,27B,sglang_baseline,2,2,b200-repeats-20260922/rep2-block16/27B/sglang_baseline/sglang_baseline/c2,interactivity,134.0207798360667,derived,tokens/s/user
16,27B,sglang_baseline,2,3,b200-repeats-20260922/rep3-block16/27B/sglang_baseline/sglang_baseline/c2,interactivity,133.7705336606813,derived,tokens/s/user
16,27B,sglang_baseline,2,1,b200-latest-20260922/27B/sglang_baseline/sglang_baseline/c2,interactivity,134.10201551019117,derived_p90,tokens/s/user
16,27B,sglang_baseline,2,2,b200-repeats-20260922/rep2-block16/27B/sglang_baseline/sglang_baseline/c2,interactivity,134.09068587055066,derived_p90,tokens/s/user
16,27B,sglang_baseline,2,3,b200-repeats-20260922/rep3-block16/27B/sglang_baseline/sglang_baseline/c2,interactivity,134.06892317778593,derived_p90,tokens/s/user
16,27B,sglang_baseline,2,1,b200-latest-20260922/27B/sglang_baseline/sglang_baseline/c2,output_token_throughput,262.1398415511246,avg,tokens/s
16,27B,sglang_baseline,2,2,b200-repeats-20260922/rep2-block16/27B/sglang_baseline/sglang_baseline/c2,output_token_throughput,261.1628612767953,avg,tokens/s
16,27B,sglang_baseline,2,3,b200-repeats-20260922/rep3-block16/27B/sglang_baseline/sglang_baseline/c2,output_token_throughput,260.9008892309469,avg,tokens/s
16,27B,sglang_baseline,2,1,b200-latest-20260922/27B/sglang_baseline/sglang_baseline/c2,time_to_first_token,69.12257995,p99,ms
16,27B,sglang_baseline,2,2,b200-repeats-20260922/rep2-block16/27B/sglang_baseline/sglang_baseline/c2,time_to_first_token,68.26595379999999,p99,ms
16,27B,sglang_baseline,2,3,b200-repeats-20260922/rep3-block16/27B/sglang_baseline/sglang_baseline/c2,time_to_first_token,78.09781919,p99,ms
16,27B,sglang_baseline,4,1,b200-latest-20260922/27B/sglang_baseline/sglang_baseline/c4,inter_chunk_latency,11.112518389999993,p99,ms
16,27B,sglang_baseline,4,2,b200-repeats-20260922/rep2-block16/27B/sglang_baseline/sglang_baseline/c4,inter_chunk_latency,11.41240102,p99,ms
16,27B,sglang_baseline,4,3,b200-repeats-20260922/rep3-block16/27B/sglang_baseline/sglang_baseline/c4,inter_chunk_latency,12.416837579999989,p99,ms
16,27B,sglang_baseline,4,1,b200-latest-20260922/27B/sglang_baseline/sglang_baseline/c4,inter_token_latency,7.640790296470588,p90,ms
16,27B,sglang_baseline,4,2,b200-repeats-20260922/rep2-block16/27B/sglang_baseline/sglang_baseline/c4,inter_token_latency,7.64270110862745,p90,ms
16,27B,sglang_baseline,4,3,b200-repeats-20260922/rep3-block16/27B/sglang_baseline/sglang_baseline/c4,inter_token_latency,7.6432156160784315,p90,ms
16,27B,sglang_baseline,4,1,b200-latest-20260922/27B/sglang_baseline/sglang_baseline/c4,inter_token_latency,7.642756639686274,p99,ms
16,27B,sglang_baseline,4,2,b200-repeats-20260922/rep2-block16/27B/sglang_baseline/sglang_baseline/c4,inter_token_latency,7.645278866313725,p99,ms
16,27B,sglang_baseline,4,3,b200-repeats-20260922/rep3-block16/27B/sglang_baseline/sglang_baseline/c4,inter_token_latency,7.646985460156862,p99,ms
16,27B,sglang_baseline,4,1,b200-latest-20260922/27B/sglang_baseline/sglang_baseline/c4,interactivity,130.8428420718429,derived,tokens/s/user
16,27B,sglang_baseline,4,2,b200-repeats-20260922/rep2-block16/27B/sglang_baseline/sglang_baseline/c4,interactivity,130.79967617743205,derived,tokens/s/user
16,27B,sglang_baseline,4,3,b200-repeats-20260922/rep3-block16/27B/sglang_baseline/sglang_baseline/c4,interactivity,130.77048533834758,derived,tokens/s/user
16,27B,sglang_baseline,4,1,b200-latest-20260922/27B/sglang_baseline/sglang_baseline/c4,interactivity,130.87651423464888,derived_p90,tokens/s/user
16,27B,sglang_baseline,4,2,b200-repeats-20260922/rep2-block16/27B/sglang_baseline/sglang_baseline/c4,interactivity,130.8437927621102,derived_p90,tokens/s/user
16,27B,sglang_baseline,4,3,b200-repeats-20260922/rep3-block16/27B/sglang_baseline/sglang_baseline/c4,interactivity,130.8349849370177,derived_p90,tokens/s/user
16,27B,sglang_baseline,4,1,b200-latest-20260922/27B/sglang_baseline/sglang_baseline/c4,output_token_throughput,509.732080847225,avg,tokens/s
16,27B,sglang_baseline,4,2,b200-repeats-20260922/rep2-block16/27B/sglang_baseline/sglang_baseline/c4,output_token_throughput,508.47438030790727,avg,tokens/s
16,27B,sglang_baseline,4,3,b200-repeats-20260922/rep3-block16/27B/sglang_baseline/sglang_baseline/c4,output_token_throughput,508.24116198328335,avg,tokens/s
16,27B,sglang_baseline,4,1,b200-latest-20260922/27B/sglang_baseline/sglang_baseline/c4,time_to_first_token,67.97402115999999,p99,ms
16,27B,sglang_baseline,4,2,b200-repeats-20260922/rep2-block16/27B/sglang_baseline/sglang_baseline/c4,time_to_first_token,82.68149885,p99,ms
16,27B,sglang_baseline,4,3,b200-repeats-20260922/rep3-block16/27B/sglang_baseline/sglang_baseline/c4,time_to_first_token,78.7973272,p99,ms
16,27B,sglang_baseline,8,1,b200-latest-20260922/27B/sglang_baseline/sglang_baseline/c8,inter_chunk_latency,10.89722853,p99,ms
16,27B,sglang_baseline,8,2,b200-repeats-20260922/rep2-block16/27B/sglang_baseline/sglang_baseline/c8,inter_chunk_latency,12.037663240000004,p99,ms
16,27B,sglang_baseline,8,3,b200-repeats-20260922/rep3-block16/27B/sglang_baseline/sglang_baseline/c8,inter_chunk_latency,11.87465455000024,p99,ms
16,27B,sglang_baseline,8,1,b200-latest-20260922/27B/sglang_baseline/sglang_baseline/c8,inter_token_latency,7.975842449803921,p90,ms
16,27B,sglang_baseline,8,2,b200-repeats-20260922/rep2-block16/27B/sglang_baseline/sglang_baseline/c8,inter_token_latency,7.9772510882352945,p90,ms
16,27B,sglang_baseline,8,3,b200-repeats-20260922/rep3-block16/27B/sglang_baseline/sglang_baseline/c8,inter_token_latency,7.9759914101960785,p90,ms
16,27B,sglang_baseline,8,1,b200-latest-20260922/27B/sglang_baseline/sglang_baseline/c8,inter_token_latency,7.982257157058823,p99,ms
16,27B,sglang_baseline,8,2,b200-repeats-20260922/rep2-block16/27B/sglang_baseline/sglang_baseline/c8,inter_token_latency,7.992736882386753,p99,ms
16,27B,sglang_baseline,8,3,b200-repeats-20260922/rep3-block16/27B/sglang_baseline/sglang_baseline/c8,inter_token_latency,7.98372554627451,p99,ms
16,27B,sglang_baseline,8,1,b200-latest-20260922/27B/sglang_baseline/sglang_baseline/c8,interactivity,125.27784814796225,derived,tokens/s/user
16,27B,sglang_baseline,8,2,b200-repeats-20260922/rep2-block16/27B/sglang_baseline/sglang_baseline/c8,interactivity,125.11358933929836,derived,tokens/s/user
16,27B,sglang_baseline,8,3,b200-repeats-20260922/rep3-block16/27B/sglang_baseline/sglang_baseline/c8,interactivity,125.25480669443048,derived,tokens/s/user
16,27B,sglang_baseline,8,1,b200-latest-20260922/27B/sglang_baseline/sglang_baseline/c8,interactivity,125.37860499295395,derived_p90,tokens/s/user
16,27B,sglang_baseline,8,2,b200-repeats-20260922/rep2-block16/27B/sglang_baseline/sglang_baseline/c8,interactivity,125.35646539630449,derived_p90,tokens/s/user
16,27B,sglang_baseline,8,3,b200-repeats-20260922/rep3-block16/27B/sglang_baseline/sglang_baseline/c8,interactivity,125.37626340991964,derived_p90,tokens/s/user
16,27B,sglang_baseline,8,1,b200-latest-20260922/27B/sglang_baseline/sglang_baseline/c8,output_token_throughput,977.5202297293654,avg,tokens/s
16,27B,sglang_baseline,8,2,b200-repeats-20260922/rep2-block16/27B/sglang_baseline/sglang_baseline/c8,output_token_throughput,975.4631210378658,avg,tokens/s
16,27B,sglang_baseline,8,3,b200-repeats-20260922/rep3-block16/27B/sglang_baseline/sglang_baseline/c8,output_token_throughput,976.4107693611604,avg,tokens/s
16,27B,sglang_baseline,8,1,b200-latest-20260922/27B/sglang_baseline/sglang_baseline/c8,time_to_first_token,71.52794478,p99,ms
16,27B,sglang_baseline,8,2,b200-repeats-20260922/rep2-block16/27B/sglang_baseline/sglang_baseline/c8,time_to_first_token,86.3059528,p99,ms
16,27B,sglang_baseline,8,3,b200-repeats-20260922/rep3-block16/27B/sglang_baseline/sglang_baseline/c8,time_to_first_token,71.63672612,p99,ms
16,27B,sglang_baseline,16,1,b200-latest-20260922/27B/sglang_baseline/sglang_baseline/c16,inter_chunk_latency,11.58668244999997,p99,ms
16,27B,sglang_baseline,16,2,b200-repeats-20260922/rep2-block16/27B/sglang_baseline/sglang_baseline/c16,inter_chunk_latency,11.758261239999998,p99,ms
16,27B,sglang_baseline,16,3,b200-repeats-20260922/rep3-block16/27B/sglang_baseline/sglang_baseline/c16,inter_chunk_latency,13.734811609999936,p99,ms
16,27B,sglang_baseline,16,1,b200-latest-20260922/27B/sglang_baseline/sglang_baseline/c16,inter_token_latency,8.280554003529412,p90,ms
16,27B,sglang_baseline,16,2,b200-repeats-20260922/rep2-block16/27B/sglang_baseline/sglang_baseline/c16,inter_token_latency,8.285526755294118,p90,ms
16,27B,sglang_baseline,16,3,b200-repeats-20260922/rep3-block16/27B/sglang_baseline/sglang_baseline/c16,inter_token_latency,8.279070023137255,p90,ms
16,27B,sglang_baseline,16,1,b200-latest-20260922/27B/sglang_baseline/sglang_baseline/c16,inter_token_latency,8.353447744392156,p99,ms
16,27B,sglang_baseline,16,2,b200-repeats-20260922/rep2-block16/27B/sglang_baseline/sglang_baseline/c16,inter_token_latency,8.33940795654902,p99,ms
16,27B,sglang_baseline,16,3,b200-repeats-20260922/rep3-block16/27B/sglang_baseline/sglang_baseline/c16,inter_token_latency,8.34920059207843,p99,ms
16,27B,sglang_baseline,16,1,b200-latest-20260922/27B/sglang_baseline/sglang_baseline/c16,interactivity,119.71104992801575,derived,tokens/s/user
16,27B,sglang_baseline,16,2,b200-repeats-20260922/rep2-block16/27B/sglang_baseline/sglang_baseline/c16,interactivity,119.91258914425576,derived,tokens/s/user
16,27B,sglang_baseline,16,3,b200-repeats-20260922/rep3-block16/27B/sglang_baseline/sglang_baseline/c16,interactivity,119.77194570565015,derived,tokens/s/user
16,27B,sglang_baseline,16,1,b200-latest-20260922/27B/sglang_baseline/sglang_baseline/c16,interactivity,120.76486664705901,derived_p90,tokens/s/user
16,27B,sglang_baseline,16,2,b200-repeats-20260922/rep2-block16/27B/sglang_baseline/sglang_baseline/c16,interactivity,120.69238680100095,derived_p90,tokens/s/user
16,27B,sglang_baseline,16,3,b200-repeats-20260922/rep3-block16/27B/sglang_baseline/sglang_baseline/c16,interactivity,120.78651312349476,derived_p90,tokens/s/user
16,27B,sglang_baseline,16,1,b200-latest-20260922/27B/sglang_baseline/sglang_baseline/c16,output_token_throughput,1872.767788801401,avg,tokens/s
16,27B,sglang_baseline,16,2,b200-repeats-20260922/rep2-block16/27B/sglang_baseline/sglang_baseline/c16,output_token_throughput,1867.18340806908,avg,tokens/s
16,27B,sglang_baseline,16,3,b200-repeats-20260922/rep3-block16/27B/sglang_baseline/sglang_baseline/c16,output_token_throughput,1867.203442283242,avg,tokens/s
16,27B,sglang_baseline,16,1,b200-latest-20260922/27B/sglang_baseline/sglang_baseline/c16,time_to_first_token,86.90654937000001,p99,ms
16,27B,sglang_baseline,16,2,b200-repeats-20260922/rep2-block16/27B/sglang_baseline/sglang_baseline/c16,time_to_first_token,89.82039282,p99,ms
16,27B,sglang_baseline,16,3,b200-repeats-20260922/rep3-block16/27B/sglang_baseline/sglang_baseline/c16,time_to_first_token,93.69925479,p99,ms
16,27B,sglang_baseline,32,1,b200-latest-20260922/27B/sglang_baseline/sglang_baseline/c32,inter_chunk_latency,12.84704853,p99,ms
16,27B,sglang_baseline,32,2,b200-repeats-20260922/rep2-block16/27B/sglang_baseline/sglang_baseline/c32,inter_chunk_latency,13.273722210000008,p99,ms
16,27B,sglang_baseline,32,3,b200-repeats-20260922/rep3-block16/27B/sglang_baseline/sglang_baseline/c32,inter_chunk_latency,17.26891150000001,p99,ms
16,27B,sglang_baseline,32,1,b200-latest-20260922/27B/sglang_baseline/sglang_baseline/c32,inter_token_latency,8.794240761568627,p90,ms
16,27B,sglang_baseline,32,2,b200-repeats-20260922/rep2-block16/27B/sglang_baseline/sglang_baseline/c32,inter_token_latency,8.797317019215686,p90,ms
16,27B,sglang_baseline,32,3,b200-repeats-20260922/rep3-block16/27B/sglang_baseline/sglang_baseline/c32,inter_token_latency,8.796962661568628,p90,ms
16,27B,sglang_baseline,32,1,b200-latest-20260922/27B/sglang_baseline/sglang_baseline/c32,inter_token_latency,8.995127316117648,p99,ms
16,27B,sglang_baseline,32,2,b200-repeats-20260922/rep2-block16/27B/sglang_baseline/sglang_baseline/c32,inter_token_latency,8.992579262470588,p99,ms
16,27B,sglang_baseline,32,3,b200-repeats-20260922/rep3-block16/27B/sglang_baseline/sglang_baseline/c32,inter_token_latency,8.991384226196079,p99,ms
16,27B,sglang_baseline,32,1,b200-latest-20260922/27B/sglang_baseline/sglang_baseline/c32,interactivity,111.17130028923329,derived,tokens/s/user
16,27B,sglang_baseline,32,2,b200-repeats-20260922/rep2-block16/27B/sglang_baseline/sglang_baseline/c32,interactivity,111.20280075521556,derived,tokens/s/user
16,27B,sglang_baseline,32,3,b200-repeats-20260922/rep3-block16/27B/sglang_baseline/sglang_baseline/c32,interactivity,111.2175806130646,derived,tokens/s/user
16,27B,sglang_baseline,32,1,b200-latest-20260922/27B/sglang_baseline/sglang_baseline/c32,interactivity,113.71078267154812,derived_p90,tokens/s/user
16,27B,sglang_baseline,32,2,b200-repeats-20260922/rep2-block16/27B/sglang_baseline/sglang_baseline/c32,interactivity,113.67102013213044,derived_p90,tokens/s/user
16,27B,sglang_baseline,32,3,b200-repeats-20260922/rep3-block16/27B/sglang_baseline/sglang_baseline/c32,interactivity,113.67559900745165,derived_p90,tokens/s/user
16,27B,sglang_baseline,32,1,b200-latest-20260922/27B/sglang_baseline/sglang_baseline/c32,output_token_throughput,3331.8062695592257,avg,tokens/s
16,27B,sglang_baseline,32,2,b200-repeats-20260922/rep2-block16/27B/sglang_baseline/sglang_baseline/c32,output_token_throughput,3339.167684014768,avg,tokens/s
16,27B,sglang_baseline,32,3,b200-repeats-20260922/rep3-block16/27B/sglang_baseline/sglang_baseline/c32,output_token_throughput,3308.5230679273623,avg,tokens/s
16,27B,sglang_baseline,32,1,b200-latest-20260922/27B/sglang_baseline/sglang_baseline/c32,time_to_first_token,134.20360434,p99,ms
16,27B,sglang_baseline,32,2,b200-repeats-20260922/rep2-block16/27B/sglang_baseline/sglang_baseline/c32,time_to_first_token,129.26486061,p99,ms
16,27B,sglang_baseline,32,3,b200-repeats-20260922/rep3-block16/27B/sglang_baseline/sglang_baseline/c32,time_to_first_token,177.22985934,p99,ms
16,27B,sglang_dflash,1,1,b200-latest-20260922/27B/sglang_dflash/sglang_dflash/c1,acceptance_length,7.487121212121211,avg,tokens
16,27B,sglang_dflash,1,2,b200-repeats-20260922/rep2-block16/27B/sglang_dflash/sglang_dflash/c1,acceptance_length,7.390485074626866,avg,tokens
16,27B,sglang_dflash,1,3,b200-repeats-20260922/rep3-block16/27B/sglang_dflash/sglang_dflash/c1,acceptance_length,7.497556390977444,avg,tokens
16,27B,sglang_dflash,1,1,b200-latest-20260922/27B/sglang_dflash/sglang_dflash/c1,inter_chunk_latency,14.409322,p99,ms
16,27B,sglang_dflash,1,2,b200-repeats-20260922/rep2-block16/27B/sglang_dflash/sglang_dflash/c1,inter_chunk_latency,15.562980840000002,p99,ms
16,27B,sglang_dflash,1,3,b200-repeats-20260922/rep3-block16/27B/sglang_dflash/sglang_dflash/c1,inter_chunk_latency,15.253467199999982,p99,ms
16,27B,sglang_dflash,1,1,b200-latest-20260922/27B/sglang_dflash/sglang_dflash/c1,inter_token_latency,1.9397897815686276,p90,ms
16,27B,sglang_dflash,1,2,b200-repeats-20260922/rep2-block16/27B/sglang_dflash/sglang_dflash/c1,inter_token_latency,1.9736721160784314,p90,ms
16,27B,sglang_dflash,1,3,b200-repeats-20260922/rep3-block16/27B/sglang_dflash/sglang_dflash/c1,inter_token_latency,1.8549830027450989,p90,ms
16,27B,sglang_dflash,1,1,b200-latest-20260922/27B/sglang_dflash/sglang_dflash/c1,inter_token_latency,2.557123015529412,p99,ms
16,27B,sglang_dflash,1,2,b200-repeats-20260922/rep2-block16/27B/sglang_dflash/sglang_dflash/c1,inter_token_latency,2.521611126509805,p99,ms
16,27B,sglang_dflash,1,3,b200-repeats-20260922/rep3-block16/27B/sglang_dflash/sglang_dflash/c1,inter_token_latency,2.507274882078432,p99,ms
16,27B,sglang_dflash,1,1,b200-latest-20260922/27B/sglang_dflash/sglang_dflash/c1,interactivity,391.06448689679706,derived,tokens/s/user
16,27B,sglang_dflash,1,2,b200-repeats-20260922/rep2-block16/27B/sglang_dflash/sglang_dflash/c1,interactivity,396.57185419550126,derived,tokens/s/user
16,27B,sglang_dflash,1,3,b200-repeats-20260922/rep3-block16/27B/sglang_dflash/sglang_dflash/c1,interactivity,398.8393961698525,derived,tokens/s/user
16,27B,sglang_dflash,1,1,b200-latest-20260922/27B/sglang_dflash/sglang_dflash/c1,interactivity,515.5197792573902,derived_p90,tokens/s/user
16,27B,sglang_dflash,1,2,b200-repeats-20260922/rep2-block16/27B/sglang_dflash/sglang_dflash/c1,interactivity,506.6697714648471,derived_p90,tokens/s/user
16,27B,sglang_dflash,1,3,b200-repeats-20260922/rep3-block16/27B/sglang_dflash/sglang_dflash/c1,interactivity,539.0884975873896,derived_p90,tokens/s/user
16,27B,sglang_dflash,1,1,b200-latest-20260922/27B/sglang_dflash/sglang_dflash/c1,output_token_throughput,596.9967287095748,avg,tokens/s
16,27B,sglang_dflash,1,2,b200-repeats-20260922/rep2-block16/27B/sglang_dflash/sglang_dflash/c1,output_token_throughput,581.8722269569811,avg,tokens/s
16,27B,sglang_dflash,1,3,b200-repeats-20260922/rep3-block16/27B/sglang_dflash/sglang_dflash/c1,output_token_throughput,590.8413244640931,avg,tokens/s
16,27B,sglang_dflash,1,1,b200-latest-20260922/27B/sglang_dflash/sglang_dflash/c1,time_to_first_token,48.702256700000014,p99,ms
16,27B,sglang_dflash,1,2,b200-repeats-20260922/rep2-block16/27B/sglang_dflash/sglang_dflash/c1,time_to_first_token,54.80473199,p99,ms
16,27B,sglang_dflash,1,3,b200-repeats-20260922/rep3-block16/27B/sglang_dflash/sglang_dflash/c1,time_to_first_token,49.495510420000045,p99,ms
16,27B,sglang_dflash,2,1,b200-latest-20260922/27B/sglang_dflash/sglang_dflash/c2,acceptance_length,7.815779230120042,avg,tokens
16,27B,sglang_dflash,2,2,b200-repeats-20260922/rep2-block16/27B/sglang_dflash/sglang_dflash/c2,acceptance_length,7.429251062949523,avg,tokens
16,27B,sglang_dflash,2,3,b200-repeats-20260922/rep3-block16/27B/sglang_dflash/sglang_dflash/c2,acceptance_length,7.904375279001657,avg,tokens
16,27B,sglang_dflash,2,1,b200-latest-20260922/27B/sglang_dflash/sglang_dflash/c2,inter_chunk_latency,40.39616603,p99,ms
16,27B,sglang_dflash,2,2,b200-repeats-20260922/rep2-block16/27B/sglang_dflash/sglang_dflash/c2,inter_chunk_latency,39.75223,p99,ms
16,27B,sglang_dflash,2,3,b200-repeats-20260922/rep3-block16/27B/sglang_dflash/sglang_dflash/c2,inter_chunk_latency,38.97659596,p99,ms
16,27B,sglang_dflash,2,1,b200-latest-20260922/27B/sglang_dflash/sglang_dflash/c2,inter_token_latency,2.057792620392157,p90,ms
16,27B,sglang_dflash,2,2,b200-repeats-20260922/rep2-block16/27B/sglang_dflash/sglang_dflash/c2,inter_token_latency,2.0025496529411764,p90,ms
16,27B,sglang_dflash,2,3,b200-repeats-20260922/rep3-block16/27B/sglang_dflash/sglang_dflash/c2,inter_token_latency,1.9600851854901962,p90,ms
16,27B,sglang_dflash,2,1,b200-latest-20260922/27B/sglang_dflash/sglang_dflash/c2,inter_token_latency,2.1689722187450977,p99,ms
16,27B,sglang_dflash,2,2,b200-repeats-20260922/rep2-block16/27B/sglang_dflash/sglang_dflash/c2,inter_token_latency,2.6738182414509803,p99,ms
16,27B,sglang_dflash,2,3,b200-repeats-20260922/rep3-block16/27B/sglang_dflash/sglang_dflash/c2,inter_token_latency,2.235498298313725,p99,ms
16,27B,sglang_dflash,2,1,b200-latest-20260922/27B/sglang_dflash/sglang_dflash/c2,interactivity,461.0478600682908,derived,tokens/s/user
16,27B,sglang_dflash,2,2,b200-repeats-20260922/rep2-block16/27B/sglang_dflash/sglang_dflash/c2,interactivity,373.9969996828721,derived,tokens/s/user
16,27B,sglang_dflash,2,3,b200-repeats-20260922/rep3-block16/27B/sglang_dflash/sglang_dflash/c2,interactivity,447.3275603718049,derived,tokens/s/user
16,27B,sglang_dflash,2,1,b200-latest-20260922/27B/sglang_dflash/sglang_dflash/c2,interactivity,485.9576179301432,derived_p90,tokens/s/user
16,27B,sglang_dflash,2,2,b200-repeats-20260922/rep2-block16/27B/sglang_dflash/sglang_dflash/c2,interactivity,499.363398321377,derived_p90,tokens/s/user
16,27B,sglang_dflash,2,3,b200-repeats-20260922/rep3-block16/27B/sglang_dflash/sglang_dflash/c2,interactivity,510.18190811432044,derived_p90,tokens/s/user
16,27B,sglang_dflash,2,1,b200-latest-20260922/27B/sglang_dflash/sglang_dflash/c2,output_token_throughput,1073.7787633515811,avg,tokens/s
16,27B,sglang_dflash,2,2,b200-repeats-20260922/rep2-block16/27B/sglang_dflash/sglang_dflash/c2,output_token_throughput,1069.2157643682078,avg,tokens/s
16,27B,sglang_dflash,2,3,b200-repeats-20260922/rep3-block16/27B/sglang_dflash/sglang_dflash/c2,output_token_throughput,1070.2115408391894,avg,tokens/s
16,27B,sglang_dflash,2,1,b200-latest-20260922/27B/sglang_dflash/sglang_dflash/c2,time_to_first_token,77.43671031,p99,ms
16,27B,sglang_dflash,2,2,b200-repeats-20260922/rep2-block16/27B/sglang_dflash/sglang_dflash/c2,time_to_first_token,94.0241612,p99,ms
16,27B,sglang_dflash,2,3,b200-repeats-20260922/rep3-block16/27B/sglang_dflash/sglang_dflash/c2,time_to_first_token,75.57996410999999,p99,ms
16,27B,sglang_dflash,4,1,b200-latest-20260922/27B/sglang_dflash/sglang_dflash/c4,acceptance_length,7.547952807679795,avg,tokens
16,27B,sglang_dflash,4,2,b200-repeats-20260922/rep2-block16/27B/sglang_dflash/sglang_dflash/c4,acceptance_length,7.662804438876354,avg,tokens
16,27B,sglang_dflash,4,3,b200-repeats-20260922/rep3-block16/27B/sglang_dflash/sglang_dflash/c4,acceptance_length,7.504678801212949,avg,tokens
16,27B,sglang_dflash,4,1,b200-latest-20260922/27B/sglang_dflash/sglang_dflash/c4,inter_chunk_latency,43.52932815999999,p99,ms
16,27B,sglang_dflash,4,2,b200-repeats-20260922/rep2-block16/27B/sglang_dflash/sglang_dflash/c4,inter_chunk_latency,54.90398429999997,p99,ms
16,27B,sglang_dflash,4,3,b200-repeats-20260922/rep3-block16/27B/sglang_dflash/sglang_dflash/c4,inter_chunk_latency,41.257522400000006,p99,ms
16,27B,sglang_dflash,4,1,b200-latest-20260922/27B/sglang_dflash/sglang_dflash/c4,inter_token_latency,2.55225583137255,p90,ms
16,27B,sglang_dflash,4,2,b200-repeats-20260922/rep2-block16/27B/sglang_dflash/sglang_dflash/c4,inter_token_latency,2.624765278039216,p90,ms
16,27B,sglang_dflash,4,3,b200-repeats-20260922/rep3-block16/27B/sglang_dflash/sglang_dflash/c4,inter_token_latency,2.4797409878431376,p90,ms
16,27B,sglang_dflash,4,1,b200-latest-20260922/27B/sglang_dflash/sglang_dflash/c4,inter_token_latency,3.184126976823529,p99,ms
16,27B,sglang_dflash,4,2,b200-repeats-20260922/rep2-block16/27B/sglang_dflash/sglang_dflash/c4,inter_token_latency,3.232461419137254,p99,ms
16,27B,sglang_dflash,4,3,b200-repeats-20260922/rep3-block16/27B/sglang_dflash/sglang_dflash/c4,inter_token_latency,3.2755199184705868,p99,ms
16,27B,sglang_dflash,4,1,b200-latest-20260922/27B/sglang_dflash/sglang_dflash/c4,interactivity,314.0578272407954,derived,tokens/s/user
16,27B,sglang_dflash,4,2,b200-repeats-20260922/rep2-block16/27B/sglang_dflash/sglang_dflash/c4,interactivity,309.3617743060026,derived,tokens/s/user
16,27B,sglang_dflash,4,3,b200-repeats-20260922/rep3-block16/27B/sglang_dflash/sglang_dflash/c4,interactivity,305.29504472283054,derived,tokens/s/user
16,27B,sglang_dflash,4,1,b200-latest-20260922/27B/sglang_dflash/sglang_dflash/c4,interactivity,391.8102518203361,derived_p90,tokens/s/user
16,27B,sglang_dflash,4,2,b200-repeats-20260922/rep2-block16/27B/sglang_dflash/sglang_dflash/c4,interactivity,380.9864479566082,derived_p90,tokens/s/user
16,27B,sglang_dflash,4,3,b200-repeats-20260922/rep3-block16/27B/sglang_dflash/sglang_dflash/c4,interactivity,403.2679239091795,derived_p90,tokens/s/user
16,27B,sglang_dflash,4,1,b200-latest-20260922/27B/sglang_dflash/sglang_dflash/c4,output_token_throughput,1724.2064008290413,avg,tokens/s
16,27B,sglang_dflash,4,2,b200-repeats-20260922/rep2-block16/27B/sglang_dflash/sglang_dflash/c4,output_token_throughput,1644.3012501117528,avg,tokens/s
16,27B,sglang_dflash,4,3,b200-repeats-20260922/rep3-block16/27B/sglang_dflash/sglang_dflash/c4,output_token_throughput,1707.228969843548,avg,tokens/s
16,27B,sglang_dflash,4,1,b200-latest-20260922/27B/sglang_dflash/sglang_dflash/c4,time_to_first_token,87.17852584999999,p99,ms
16,27B,sglang_dflash,4,2,b200-repeats-20260922/rep2-block16/27B/sglang_dflash/sglang_dflash/c4,time_to_first_token,119.99445627,p99,ms
16,27B,sglang_dflash,4,3,b200-repeats-20260922/rep3-block16/27B/sglang_dflash/sglang_dflash/c4,time_to_first_token,102.00724811,p99,ms
16,27B,sglang_dflash,8,1,b200-latest-20260922/27B/sglang_dflash/sglang_dflash/c8,acceptance_length,7.5067945149059,avg,tokens
16,27B,sglang_dflash,8,2,b200-repeats-20260922/rep2-block16/27B/sglang_dflash/sglang_dflash/c8,acceptance_length,7.723017452680073,avg,tokens
16,27B,sglang_dflash,8,3,b200-repeats-20260922/rep3-block16/27B/sglang_dflash/sglang_dflash/c8,acceptance_length,7.664894722169993,avg,tokens
16,27B,sglang_dflash,8,1,b200-latest-20260922/27B/sglang_dflash/sglang_dflash/c8,inter_chunk_latency,49.04057,p99,ms
16,27B,sglang_dflash,8,2,b200-repeats-20260922/rep2-block16/27B/sglang_dflash/sglang_dflash/c8,inter_chunk_latency,54.16870928,p99,ms
16,27B,sglang_dflash,8,3,b200-repeats-20260922/rep3-block16/27B/sglang_dflash/sglang_dflash/c8,inter_chunk_latency,49.66408396000012,p99,ms
16,27B,sglang_dflash,8,1,b200-latest-20260922/27B/sglang_dflash/sglang_dflash/c8,inter_token_latency,3.6111059658823526,p90,ms
16,27B,sglang_dflash,8,2,b200-repeats-20260922/rep2-block16/27B/sglang_dflash/sglang_dflash/c8,inter_token_latency,3.5731567498039216,p90,ms
16,27B,sglang_dflash,8,3,b200-repeats-20260922/rep3-block16/27B/sglang_dflash/sglang_dflash/c8,inter_token_latency,3.6129228866666665,p90,ms
16,27B,sglang_dflash,8,1,b200-latest-20260922/27B/sglang_dflash/sglang_dflash/c8,inter_token_latency,4.699298595490195,p99,ms
16,27B,sglang_dflash,8,2,b200-repeats-20260922/rep2-block16/27B/sglang_dflash/sglang_dflash/c8,inter_token_latency,4.542258159019608,p99,ms
16,27B,sglang_dflash,8,3,b200-repeats-20260922/rep3-block16/27B/sglang_dflash/sglang_dflash/c8,inter_token_latency,4.8026336232549,p99,ms
16,27B,sglang_dflash,8,1,b200-latest-20260922/27B/sglang_dflash/sglang_dflash/c8,interactivity,212.79771431414807,derived,tokens/s/user
16,27B,sglang_dflash,8,2,b200-repeats-20260922/rep2-block16/27B/sglang_dflash/sglang_dflash/c8,interactivity,220.1548139694108,derived,tokens/s/user
16,27B,sglang_dflash,8,3,b200-repeats-20260922/rep3-block16/27B/sglang_dflash/sglang_dflash/c8,interactivity,208.2190894508142,derived,tokens/s/user
16,27B,sglang_dflash,8,1,b200-latest-20260922/27B/sglang_dflash/sglang_dflash/c8,interactivity,276.92347149266106,derived_p90,tokens/s/user
16,27B,sglang_dflash,8,2,b200-repeats-20260922/rep2-block16/27B/sglang_dflash/sglang_dflash/c8,interactivity,279.86457634551726,derived_p90,tokens/s/user
16,27B,sglang_dflash,8,3,b200-repeats-20260922/rep3-block16/27B/sglang_dflash/sglang_dflash/c8,interactivity,276.78420806888965,derived_p90,tokens/s/user
16,27B,sglang_dflash,8,1,b200-latest-20260922/27B/sglang_dflash/sglang_dflash/c8,output_token_throughput,2530.4629784111557,avg,tokens/s
16,27B,sglang_dflash,8,2,b200-repeats-20260922/rep2-block16/27B/sglang_dflash/sglang_dflash/c8,output_token_throughput,2480.881617754736,avg,tokens/s
16,27B,sglang_dflash,8,3,b200-repeats-20260922/rep3-block16/27B/sglang_dflash/sglang_dflash/c8,output_token_throughput,2559.556625442754,avg,tokens/s
16,27B,sglang_dflash,8,1,b200-latest-20260922/27B/sglang_dflash/sglang_dflash/c8,time_to_first_token,97.77363757999996,p99,ms
16,27B,sglang_dflash,8,2,b200-repeats-20260922/rep2-block16/27B/sglang_dflash/sglang_dflash/c8,time_to_first_token,113.57321261999996,p99,ms
16,27B,sglang_dflash,8,3,b200-repeats-20260922/rep3-block16/27B/sglang_dflash/sglang_dflash/c8,time_to_first_token,106.16900153999998,p99,ms
16,27B,sglang_dflash,16,1,b200-latest-20260922/27B/sglang_dflash/sglang_dflash/c16,acceptance_length,7.767252179517153,avg,tokens
16,27B,sglang_dflash,16,2,b200-repeats-20260922/rep2-block16/27B/sglang_dflash/sglang_dflash/c16,acceptance_length,7.76948911759853,avg,tokens
16,27B,sglang_dflash,16,3,b200-repeats-20260922/rep3-block16/27B/sglang_dflash/sglang_dflash/c16,acceptance_length,7.640367028509115,avg,tokens
16,27B,sglang_dflash,16,1,b200-latest-20260922/27B/sglang_dflash/sglang_dflash/c16,inter_chunk_latency,87.74125756,p99,ms
16,27B,sglang_dflash,16,2,b200-repeats-20260922/rep2-block16/27B/sglang_dflash/sglang_dflash/c16,inter_chunk_latency,95.94286544,p99,ms
16,27B,sglang_dflash,16,3,b200-repeats-20260922/rep3-block16/27B/sglang_dflash/sglang_dflash/c16,inter_chunk_latency,86.17326082,p99,ms
16,27B,sglang_dflash,16,1,b200-latest-20260922/27B/sglang_dflash/sglang_dflash/c16,inter_token_latency,5.777797369411766,p90,ms
16,27B,sglang_dflash,16,2,b200-repeats-20260922/rep2-block16/27B/sglang_dflash/sglang_dflash/c16,inter_token_latency,6.013823428235294,p90,ms
16,27B,sglang_dflash,16,3,b200-repeats-20260922/rep3-block16/27B/sglang_dflash/sglang_dflash/c16,inter_token_latency,5.954900374509805,p90,ms
16,27B,sglang_dflash,16,1,b200-latest-20260922/27B/sglang_dflash/sglang_dflash/c16,inter_token_latency,7.647830864862745,p99,ms
16,27B,sglang_dflash,16,2,b200-repeats-20260922/rep2-block16/27B/sglang_dflash/sglang_dflash/c16,inter_token_latency,7.735368754078432,p99,ms
16,27B,sglang_dflash,16,3,b200-repeats-20260922/rep3-block16/27B/sglang_dflash/sglang_dflash/c16,inter_token_latency,8.12804591572549,p99,ms
16,27B,sglang_dflash,16,1,b200-latest-20260922/27B/sglang_dflash/sglang_dflash/c16,interactivity,130.75602973836777,derived,tokens/s/user
16,27B,sglang_dflash,16,2,b200-repeats-20260922/rep2-block16/27B/sglang_dflash/sglang_dflash/c16,interactivity,129.2763191764782,derived,tokens/s/user
16,27B,sglang_dflash,16,3,b200-repeats-20260922/rep3-block16/27B/sglang_dflash/sglang_dflash/c16,interactivity,123.03080105210532,derived,tokens/s/user
16,27B,sglang_dflash,16,1,b200-latest-20260922/27B/sglang_dflash/sglang_dflash/c16,interactivity,173.07633619934467,derived_p90,tokens/s/user
16,27B,sglang_dflash,16,2,b200-repeats-20260922/rep2-block16/27B/sglang_dflash/sglang_dflash/c16,interactivity,166.2835651783414,derived_p90,tokens/s/user
16,27B,sglang_dflash,16,3,b200-repeats-20260922/rep3-block16/27B/sglang_dflash/sglang_dflash/c16,interactivity,167.9289219145531,derived_p90,tokens/s/user
16,27B,sglang_dflash,16,1,b200-latest-20260922/27B/sglang_dflash/sglang_dflash/c16,output_token_throughput,3300.4732410469715,avg,tokens/s
16,27B,sglang_dflash,16,2,b200-repeats-20260922/rep2-block16/27B/sglang_dflash/sglang_dflash/c16,output_token_throughput,3145.3323389725547,avg,tokens/s
16,27B,sglang_dflash,16,3,b200-repeats-20260922/rep3-block16/27B/sglang_dflash/sglang_dflash/c16,output_token_throughput,3274.33358936365,avg,tokens/s
16,27B,sglang_dflash,16,1,b200-latest-20260922/27B/sglang_dflash/sglang_dflash/c16,time_to_first_token,112.46028515,p99,ms
16,27B,sglang_dflash,16,2,b200-repeats-20260922/rep2-block16/27B/sglang_dflash/sglang_dflash/c16,time_to_first_token,148.64469128,p99,ms
16,27B,sglang_dflash,16,3,b200-repeats-20260922/rep3-block16/27B/sglang_dflash/sglang_dflash/c16,time_to_first_token,112.88550355,p99,ms
16,27B,sglang_dflash,32,1,b200-latest-20260922/27B/sglang_dflash/sglang_dflash/c32,acceptance_length,7.587261793022506,avg,tokens
16,27B,sglang_dflash,32,2,b200-repeats-20260922/rep2-block16/27B/sglang_dflash/sglang_dflash/c32,acceptance_length,7.668982956915704,avg,tokens
16,27B,sglang_dflash,32,3,b200-repeats-20260922/rep3-block16/27B/sglang_dflash/sglang_dflash/c32,acceptance_length,7.657487791538022,avg,tokens
16,27B,sglang_dflash,32,1,b200-latest-20260922/27B/sglang_dflash/sglang_dflash/c32,inter_chunk_latency,71.69549246,p99,ms
16,27B,sglang_dflash,32,2,b200-repeats-20260922/rep2-block16/27B/sglang_dflash/sglang_dflash/c32,inter_chunk_latency,78.26926476999998,p99,ms
16,27B,sglang_dflash,32,3,b200-repeats-20260922/rep3-block16/27B/sglang_dflash/sglang_dflash/c32,inter_chunk_latency,81.29237647999996,p99,ms
16,27B,sglang_dflash,32,1,b200-latest-20260922/27B/sglang_dflash/sglang_dflash/c32,inter_token_latency,7.99055074745098,p90,ms
16,27B,sglang_dflash,32,2,b200-repeats-20260922/rep2-block16/27B/sglang_dflash/sglang_dflash/c32,inter_token_latency,7.857965293725491,p90,ms
16,27B,sglang_dflash,32,3,b200-repeats-20260922/rep3-block16/27B/sglang_dflash/sglang_dflash/c32,inter_token_latency,8.013343300784314,p90,ms
16,27B,sglang_dflash,32,1,b200-latest-20260922/27B/sglang_dflash/sglang_dflash/c32,inter_token_latency,10.587078778235297,p99,ms
16,27B,sglang_dflash,32,2,b200-repeats-20260922/rep2-block16/27B/sglang_dflash/sglang_dflash/c32,inter_token_latency,10.185086924156863,p99,ms
16,27B,sglang_dflash,32,3,b200-repeats-20260922/rep3-block16/27B/sglang_dflash/sglang_dflash/c32,inter_token_latency,11.012688104431376,p99,ms
16,27B,sglang_dflash,32,1,b200-latest-20260922/27B/sglang_dflash/sglang_dflash/c32,interactivity,94.4547614074413,derived,tokens/s/user
16,27B,sglang_dflash,32,2,b200-repeats-20260922/rep2-block16/27B/sglang_dflash/sglang_dflash/c32,interactivity,98.1827653947864,derived,tokens/s/user
16,27B,sglang_dflash,32,3,b200-repeats-20260922/rep3-block16/27B/sglang_dflash/sglang_dflash/c32,interactivity,90.80435135519836,derived,tokens/s/user
16,27B,sglang_dflash,32,1,b200-latest-20260922/27B/sglang_dflash/sglang_dflash/c32,interactivity,125.14781916866048,derived_p90,tokens/s/user
16,27B,sglang_dflash,32,2,b200-repeats-20260922/rep2-block16/27B/sglang_dflash/sglang_dflash/c32,interactivity,127.25940655381747,derived_p90,tokens/s/user
16,27B,sglang_dflash,32,3,b200-repeats-20260922/rep3-block16/27B/sglang_dflash/sglang_dflash/c32,interactivity,124.79185808776269,derived_p90,tokens/s/user
16,27B,sglang_dflash,32,1,b200-latest-20260922/27B/sglang_dflash/sglang_dflash/c32,output_token_throughput,4667.499396742012,avg,tokens/s
16,27B,sglang_dflash,32,2,b200-repeats-20260922/rep2-block16/27B/sglang_dflash/sglang_dflash/c32,output_token_throughput,4643.829189662535,avg,tokens/s
16,27B,sglang_dflash,32,3,b200-repeats-20260922/rep3-block16/27B/sglang_dflash/sglang_dflash/c32,output_token_throughput,4586.469155736126,avg,tokens/s
16,27B,sglang_dflash,32,1,b200-latest-20260922/27B/sglang_dflash/sglang_dflash/c32,time_to_first_token,435.9991125500001,p99,ms
16,27B,sglang_dflash,32,2,b200-repeats-20260922/rep2-block16/27B/sglang_dflash/sglang_dflash/c32,time_to_first_token,436.1286171000001,p99,ms
16,27B,sglang_dflash,32,3,b200-repeats-20260922/rep3-block16/27B/sglang_dflash/sglang_dflash/c32,time_to_first_token,471.49403237000007,p99,ms
16,27B,vllm_baseline,1,1,b200-latest-20260922/27B/vllm_baseline/vllm_baseline/c1,inter_chunk_latency,8.661772679999997,p99,ms
16,27B,vllm_baseline,1,2,b200-repeats-20260922/rep2-block16/27B/vllm_baseline/vllm_baseline/c1,inter_chunk_latency,9.28423539,p99,ms
16,27B,vllm_baseline,1,3,b200-repeats-20260922/rep3-block16/27B/vllm_baseline/vllm_baseline/c1,inter_chunk_latency,10.361198389999997,p99,ms
16,27B,vllm_baseline,1,1,b200-latest-20260922/27B/vllm_baseline/vllm_baseline/c1,inter_token_latency,8.114037667058824,p90,ms
16,27B,vllm_baseline,1,2,b200-repeats-20260922/rep2-block16/27B/vllm_baseline/vllm_baseline/c1,inter_token_latency,8.096880000784314,p90,ms
16,27B,vllm_baseline,1,3,b200-repeats-20260922/rep3-block16/27B/vllm_baseline/vllm_baseline/c1,inter_token_latency,8.302482519215685,p90,ms
16,27B,vllm_baseline,1,1,b200-latest-20260922/27B/vllm_baseline/vllm_baseline/c1,inter_token_latency,8.115242017764706,p99,ms
16,27B,vllm_baseline,1,2,b200-repeats-20260922/rep2-block16/27B/vllm_baseline/vllm_baseline/c1,inter_token_latency,8.115393839019607,p99,ms
16,27B,vllm_baseline,1,3,b200-repeats-20260922/rep3-block16/27B/vllm_baseline/vllm_baseline/c1,inter_token_latency,10.05796765035295,p99,ms
16,27B,vllm_baseline,1,1,b200-latest-20260922/27B/vllm_baseline/vllm_baseline/c1,interactivity,123.22491403348732,derived,tokens/s/user
16,27B,vllm_baseline,1,2,b200-repeats-20260922/rep2-block16/27B/vllm_baseline/vllm_baseline/c1,interactivity,123.2226087650734,derived,tokens/s/user
16,27B,vllm_baseline,1,3,b200-repeats-20260922/rep3-block16/27B/vllm_baseline/vllm_baseline/c1,interactivity,99.42366437864897,derived,tokens/s/user
16,27B,vllm_baseline,1,1,b200-latest-20260922/27B/vllm_baseline/vllm_baseline/c1,interactivity,123.2432040659333,derived_p90,tokens/s/user
16,27B,vllm_baseline,1,2,b200-repeats-20260922/rep2-block16/27B/vllm_baseline/vllm_baseline/c1,interactivity,123.50436216210859,derived_p90,tokens/s/user
16,27B,vllm_baseline,1,3,b200-repeats-20260922/rep3-block16/27B/vllm_baseline/vllm_baseline/c1,interactivity,120.44590249790342,derived_p90,tokens/s/user
16,27B,vllm_baseline,1,1,b200-latest-20260922/27B/vllm_baseline/vllm_baseline/c1,output_token_throughput,121.529364439416,avg,tokens/s
16,27B,vllm_baseline,1,2,b200-repeats-20260922/rep2-block16/27B/vllm_baseline/vllm_baseline/c1,output_token_throughput,121.28171496693366,avg,tokens/s
16,27B,vllm_baseline,1,3,b200-repeats-20260922/rep3-block16/27B/vllm_baseline/vllm_baseline/c1,output_token_throughput,117.17538338629276,avg,tokens/s
16,27B,vllm_baseline,1,1,b200-latest-20260922/27B/vllm_baseline/vllm_baseline/c1,time_to_first_token,39.13721802,p99,ms
16,27B,vllm_baseline,1,2,b200-repeats-20260922/rep2-block16/27B/vllm_baseline/vllm_baseline/c1,time_to_first_token,57.49379288000008,p99,ms
16,27B,vllm_baseline,1,3,b200-repeats-20260922/rep3-block16/27B/vllm_baseline/vllm_baseline/c1,time_to_first_token,311.4821619500024,p99,ms
16,27B,vllm_baseline,2,1,b200-latest-20260922/27B/vllm_baseline/vllm_baseline/c2,inter_chunk_latency,9.28858235,p99,ms
16,27B,vllm_baseline,2,2,b200-repeats-20260922/rep2-block16/27B/vllm_baseline/vllm_baseline/c2,inter_chunk_latency,10.30248154,p99,ms
16,27B,vllm_baseline,2,3,b200-repeats-20260922/rep3-block16/27B/vllm_baseline/vllm_baseline/c2,inter_chunk_latency,9.998882549999966,p99,ms
16,27B,vllm_baseline,2,1,b200-latest-20260922/27B/vllm_baseline/vllm_baseline/c2,inter_token_latency,8.453759189019607,p90,ms
16,27B,vllm_baseline,2,2,b200-repeats-20260922/rep2-block16/27B/vllm_baseline/vllm_baseline/c2,inter_token_latency,8.41640418509804,p90,ms
16,27B,vllm_baseline,2,3,b200-repeats-20260922/rep3-block16/27B/vllm_baseline/vllm_baseline/c2,inter_token_latency,8.589106805490196,p90,ms
16,27B,vllm_baseline,2,1,b200-latest-20260922/27B/vllm_baseline/vllm_baseline/c2,inter_token_latency,8.481259524470588,p99,ms
16,27B,vllm_baseline,2,2,b200-repeats-20260922/rep2-block16/27B/vllm_baseline/vllm_baseline/c2,inter_token_latency,8.418137880156863,p99,ms
16,27B,vllm_baseline,2,3,b200-repeats-20260922/rep3-block16/27B/vllm_baseline/vllm_baseline/c2,inter_token_latency,8.600081949568628,p99,ms
16,27B,vllm_baseline,2,1,b200-latest-20260922/27B/vllm_baseline/vllm_baseline/c2,interactivity,117.90701571090308,derived,tokens/s/user
16,27B,vllm_baseline,2,2,b200-repeats-20260922/rep2-block16/27B/vllm_baseline/vllm_baseline/c2,interactivity,118.79111678096749,derived,tokens/s/user
16,27B,vllm_baseline,2,3,b200-repeats-20260922/rep3-block16/27B/vllm_baseline/vllm_baseline/c2,interactivity,116.27796175246436,derived,tokens/s/user
16,27B,vllm_baseline,2,1,b200-latest-20260922/27B/vllm_baseline/vllm_baseline/c2,interactivity,118.29057081480119,derived_p90,tokens/s/user
16,27B,vllm_baseline,2,2,b200-repeats-20260922/rep2-block16/27B/vllm_baseline/vllm_baseline/c2,interactivity,118.815586562559,derived_p90,tokens/s/user
16,27B,vllm_baseline,2,3,b200-repeats-20260922/rep3-block16/27B/vllm_baseline/vllm_baseline/c2,interactivity,116.42654150729567,derived_p90,tokens/s/user
16,27B,vllm_baseline,2,1,b200-latest-20260922/27B/vllm_baseline/vllm_baseline/c2,output_token_throughput,229.5867562194502,avg,tokens/s
16,27B,vllm_baseline,2,2,b200-repeats-20260922/rep2-block16/27B/vllm_baseline/vllm_baseline/c2,output_token_throughput,227.8861281910008,avg,tokens/s
16,27B,vllm_baseline,2,3,b200-repeats-20260922/rep3-block16/27B/vllm_baseline/vllm_baseline/c2,output_token_throughput,225.5537423588547,avg,tokens/s
16,27B,vllm_baseline,2,1,b200-latest-20260922/27B/vllm_baseline/vllm_baseline/c2,time_to_first_token,131.51252065,p99,ms
16,27B,vllm_baseline,2,2,b200-repeats-20260922/rep2-block16/27B/vllm_baseline/vllm_baseline/c2,time_to_first_token,118.42352869,p99,ms
16,27B,vllm_baseline,2,3,b200-repeats-20260922/rep3-block16/27B/vllm_baseline/vllm_baseline/c2,time_to_first_token,132.30054936,p99,ms
16,27B,vllm_baseline,4,1,b200-latest-20260922/27B/vllm_baseline/vllm_baseline/c4,inter_chunk_latency,9.176603619999998,p99,ms
16,27B,vllm_baseline,4,2,b200-repeats-20260922/rep2-block16/27B/vllm_baseline/vllm_baseline/c4,inter_chunk_latency,9.704458279999988,p99,ms
16,27B,vllm_baseline,4,3,b200-repeats-20260922/rep3-block16/27B/vllm_baseline/vllm_baseline/c4,inter_chunk_latency,9.83784353,p99,ms
16,27B,vllm_baseline,4,1,b200-latest-20260922/27B/vllm_baseline/vllm_baseline/c4,inter_token_latency,8.58010942627451,p90,ms
16,27B,vllm_baseline,4,2,b200-repeats-20260922/rep2-block16/27B/vllm_baseline/vllm_baseline/c4,inter_token_latency,8.550212610588236,p90,ms
16,27B,vllm_baseline,4,3,b200-repeats-20260922/rep3-block16/27B/vllm_baseline/vllm_baseline/c4,inter_token_latency,8.700839912549018,p90,ms
16,27B,vllm_baseline,4,1,b200-latest-20260922/27B/vllm_baseline/vllm_baseline/c4,inter_token_latency,8.584268373058823,p99,ms
16,27B,vllm_baseline,4,2,b200-repeats-20260922/rep2-block16/27B/vllm_baseline/vllm_baseline/c4,inter_token_latency,8.55283729627451,p99,ms
16,27B,vllm_baseline,4,3,b200-repeats-20260922/rep3-block16/27B/vllm_baseline/vllm_baseline/c4,inter_token_latency,8.707710461254901,p99,ms
16,27B,vllm_baseline,4,1,b200-latest-20260922/27B/vllm_baseline/vllm_baseline/c4,interactivity,116.49216410083775,derived,tokens/s/user
16,27B,vllm_baseline,4,2,b200-repeats-20260922/rep2-block16/27B/vllm_baseline/vllm_baseline/c4,interactivity,116.92026462792474,derived,tokens/s/user
16,27B,vllm_baseline,4,3,b200-repeats-20260922/rep3-block16/27B/vllm_baseline/vllm_baseline/c4,interactivity,114.84074998238816,derived,tokens/s/user
16,27B,vllm_baseline,4,1,b200-latest-20260922/27B/vllm_baseline/vllm_baseline/c4,interactivity,116.54863013025707,derived_p90,tokens/s/user
16,27B,vllm_baseline,4,2,b200-repeats-20260922/rep2-block16/27B/vllm_baseline/vllm_baseline/c4,interactivity,116.95615600969275,derived_p90,tokens/s/user
16,27B,vllm_baseline,4,3,b200-repeats-20260922/rep3-block16/27B/vllm_baseline/vllm_baseline/c4,interactivity,114.93143306288435,derived_p90,tokens/s/user
16,27B,vllm_baseline,4,1,b200-latest-20260922/27B/vllm_baseline/vllm_baseline/c4,output_token_throughput,453.4942464074472,avg,tokens/s
16,27B,vllm_baseline,4,2,b200-repeats-20260922/rep2-block16/27B/vllm_baseline/vllm_baseline/c4,output_token_throughput,450.196718917824,avg,tokens/s
16,27B,vllm_baseline,4,3,b200-repeats-20260922/rep3-block16/27B/vllm_baseline/vllm_baseline/c4,output_token_throughput,446.6610021393176,avg,tokens/s
16,27B,vllm_baseline,4,1,b200-latest-20260922/27B/vllm_baseline/vllm_baseline/c4,time_to_first_token,85.75225055,p99,ms
16,27B,vllm_baseline,4,2,b200-repeats-20260922/rep2-block16/27B/vllm_baseline/vllm_baseline/c4,time_to_first_token,109.55569078,p99,ms
16,27B,vllm_baseline,4,3,b200-repeats-20260922/rep3-block16/27B/vllm_baseline/vllm_baseline/c4,time_to_first_token,88.67416679,p99,ms
16,27B,vllm_baseline,8,1,b200-latest-20260922/27B/vllm_baseline/vllm_baseline/c8,inter_chunk_latency,9.39939163,p99,ms
16,27B,vllm_baseline,8,2,b200-repeats-20260922/rep2-block16/27B/vllm_baseline/vllm_baseline/c8,inter_chunk_latency,9.889341860000002,p99,ms
16,27B,vllm_baseline,8,3,b200-repeats-20260922/rep3-block16/27B/vllm_baseline/vllm_baseline/c8,inter_chunk_latency,9.761238249999996,p99,ms
16,27B,vllm_baseline,8,1,b200-latest-20260922/27B/vllm_baseline/vllm_baseline/c8,inter_token_latency,8.784710469019608,p90,ms
16,27B,vllm_baseline,8,2,b200-repeats-20260922/rep2-block16/27B/vllm_baseline/vllm_baseline/c8,inter_token_latency,8.76059961372549,p90,ms
16,27B,vllm_baseline,8,3,b200-repeats-20260922/rep3-block16/27B/vllm_baseline/vllm_baseline/c8,inter_token_latency,8.83788072745098,p90,ms
16,27B,vllm_baseline,8,1,b200-latest-20260922/27B/vllm_baseline/vllm_baseline/c8,inter_token_latency,8.78576026,p99,ms
16,27B,vllm_baseline,8,2,b200-repeats-20260922/rep2-block16/27B/vllm_baseline/vllm_baseline/c8,inter_token_latency,8.767724181686274,p99,ms
16,27B,vllm_baseline,8,3,b200-repeats-20260922/rep3-block16/27B/vllm_baseline/vllm_baseline/c8,inter_token_latency,8.872161557882354,p99,ms
16,27B,vllm_baseline,8,1,b200-latest-20260922/27B/vllm_baseline/vllm_baseline/c8,interactivity,113.82054260606468,derived,tokens/s/user
16,27B,vllm_baseline,8,2,b200-repeats-20260922/rep2-block16/27B/vllm_baseline/vllm_baseline/c8,interactivity,114.05468275208362,derived,tokens/s/user
16,27B,vllm_baseline,8,3,b200-repeats-20260922/rep3-block16/27B/vllm_baseline/vllm_baseline/c8,interactivity,112.71210442640816,derived,tokens/s/user
16,27B,vllm_baseline,8,1,b200-latest-20260922/27B/vllm_baseline/vllm_baseline/c8,interactivity,113.83414439515411,derived_p90,tokens/s/user
16,27B,vllm_baseline,8,2,b200-repeats-20260922/rep2-block16/27B/vllm_baseline/vllm_baseline/c8,interactivity,114.14743785725244,derived_p90,tokens/s/user
16,27B,vllm_baseline,8,3,b200-repeats-20260922/rep3-block16/27B/vllm_baseline/vllm_baseline/c8,interactivity,113.14929798655699,derived_p90,tokens/s/user
16,27B,vllm_baseline,8,1,b200-latest-20260922/27B/vllm_baseline/vllm_baseline/c8,output_token_throughput,883.4462458010527,avg,tokens/s
16,27B,vllm_baseline,8,2,b200-repeats-20260922/rep2-block16/27B/vllm_baseline/vllm_baseline/c8,output_token_throughput,884.7338004732077,avg,tokens/s
16,27B,vllm_baseline,8,3,b200-repeats-20260922/rep3-block16/27B/vllm_baseline/vllm_baseline/c8,output_token_throughput,872.6333898876373,avg,tokens/s
16,27B,vllm_baseline,8,1,b200-latest-20260922/27B/vllm_baseline/vllm_baseline/c8,time_to_first_token,91.36558875,p99,ms
16,27B,vllm_baseline,8,2,b200-repeats-20260922/rep2-block16/27B/vllm_baseline/vllm_baseline/c8,time_to_first_token,104.62438786,p99,ms
16,27B,vllm_baseline,8,3,b200-repeats-20260922/rep3-block16/27B/vllm_baseline/vllm_baseline/c8,time_to_first_token,300.25248714,p99,ms
16,27B,vllm_baseline,16,1,b200-latest-20260922/27B/vllm_baseline/vllm_baseline/c16,inter_chunk_latency,9.95084755999999,p99,ms
16,27B,vllm_baseline,16,2,b200-repeats-20260922/rep2-block16/27B/vllm_baseline/vllm_baseline/c16,inter_chunk_latency,10.423113719999998,p99,ms
16,27B,vllm_baseline,16,3,b200-repeats-20260922/rep3-block16/27B/vllm_baseline/vllm_baseline/c16,inter_chunk_latency,10.39410224,p99,ms
16,27B,vllm_baseline,16,1,b200-latest-20260922/27B/vllm_baseline/vllm_baseline/c16,inter_token_latency,9.130511837254902,p90,ms
16,27B,vllm_baseline,16,2,b200-repeats-20260922/rep2-block16/27B/vllm_baseline/vllm_baseline/c16,inter_token_latency,9.09753572156863,p90,ms
16,27B,vllm_baseline,16,3,b200-repeats-20260922/rep3-block16/27B/vllm_baseline/vllm_baseline/c16,inter_token_latency,9.15054764745098,p90,ms
16,27B,vllm_baseline,16,1,b200-latest-20260922/27B/vllm_baseline/vllm_baseline/c16,inter_token_latency,9.137298108235294,p99,ms
16,27B,vllm_baseline,16,2,b200-repeats-20260922/rep2-block16/27B/vllm_baseline/vllm_baseline/c16,inter_token_latency,9.201029738156862,p99,ms
16,27B,vllm_baseline,16,3,b200-repeats-20260922/rep3-block16/27B/vllm_baseline/vllm_baseline/c16,inter_token_latency,9.15399550937255,p99,ms
16,27B,vllm_baseline,16,1,b200-latest-20260922/27B/vllm_baseline/vllm_baseline/c16,interactivity,109.44154258234354,derived,tokens/s/user
16,27B,vllm_baseline,16,2,b200-repeats-20260922/rep2-block16/27B/vllm_baseline/vllm_baseline/c16,interactivity,108.6834874419522,derived,tokens/s/user
16,27B,vllm_baseline,16,3,b200-repeats-20260922/rep3-block16/27B/vllm_baseline/vllm_baseline/c16,interactivity,109.2419150715253,derived,tokens/s/user
16,27B,vllm_baseline,16,1,b200-latest-20260922/27B/vllm_baseline/vllm_baseline/c16,interactivity,109.52288522530968,derived_p90,tokens/s/user
16,27B,vllm_baseline,16,2,b200-repeats-20260922/rep2-block16/27B/vllm_baseline/vllm_baseline/c16,interactivity,109.91987617363007,derived_p90,tokens/s/user
16,27B,vllm_baseline,16,3,b200-repeats-20260922/rep3-block16/27B/vllm_baseline/vllm_baseline/c16,interactivity,109.2830766559163,derived_p90,tokens/s/user
16,27B,vllm_baseline,16,1,b200-latest-20260922/27B/vllm_baseline/vllm_baseline/c16,output_token_throughput,1698.771659204976,avg,tokens/s
16,27B,vllm_baseline,16,2,b200-repeats-20260922/rep2-block16/27B/vllm_baseline/vllm_baseline/c16,output_token_throughput,1697.413659972996,avg,tokens/s
16,27B,vllm_baseline,16,3,b200-repeats-20260922/rep3-block16/27B/vllm_baseline/vllm_baseline/c16,output_token_throughput,1688.831204044396,avg,tokens/s
16,27B,vllm_baseline,16,1,b200-latest-20260922/27B/vllm_baseline/vllm_baseline/c16,time_to_first_token,106.6313674,p99,ms
16,27B,vllm_baseline,16,2,b200-repeats-20260922/rep2-block16/27B/vllm_baseline/vllm_baseline/c16,time_to_first_token,122.40645393,p99,ms
16,27B,vllm_baseline,16,3,b200-repeats-20260922/rep3-block16/27B/vllm_baseline/vllm_baseline/c16,time_to_first_token,123.16193065,p99,ms
16,27B,vllm_baseline,32,1,b200-latest-20260922/27B/vllm_baseline/vllm_baseline/c32,inter_chunk_latency,12.084269099999998,p99,ms
16,27B,vllm_baseline,32,2,b200-repeats-20260922/rep2-block16/27B/vllm_baseline/vllm_baseline/c32,inter_chunk_latency,11.42256125,p99,ms
16,27B,vllm_baseline,32,3,b200-repeats-20260922/rep3-block16/27B/vllm_baseline/vllm_baseline/c32,inter_chunk_latency,12.32768332,p99,ms
16,27B,vllm_baseline,32,1,b200-latest-20260922/27B/vllm_baseline/vllm_baseline/c32,inter_token_latency,9.924336907058823,p90,ms
16,27B,vllm_baseline,32,2,b200-repeats-20260922/rep2-block16/27B/vllm_baseline/vllm_baseline/c32,inter_token_latency,9.883464333333334,p90,ms
16,27B,vllm_baseline,32,3,b200-repeats-20260922/rep3-block16/27B/vllm_baseline/vllm_baseline/c32,inter_token_latency,10.03009841882353,p90,ms
16,27B,vllm_baseline,32,1,b200-latest-20260922/27B/vllm_baseline/vllm_baseline/c32,inter_token_latency,9.974862203019608,p99,ms
16,27B,vllm_baseline,32,2,b200-repeats-20260922/rep2-block16/27B/vllm_baseline/vllm_baseline/c32,inter_token_latency,9.998630301568626,p99,ms
16,27B,vllm_baseline,32,3,b200-repeats-20260922/rep3-block16/27B/vllm_baseline/vllm_baseline/c32,inter_token_latency,10.249487590823527,p99,ms
16,27B,vllm_baseline,32,1,b200-latest-20260922/27B/vllm_baseline/vllm_baseline/c32,interactivity,100.25201147112372,derived,tokens/s/user
16,27B,vllm_baseline,32,2,b200-repeats-20260922/rep2-block16/27B/vllm_baseline/vllm_baseline/c32,interactivity,100.01369886064452,derived,tokens/s/user
16,27B,vllm_baseline,32,3,b200-repeats-20260922/rep3-block16/27B/vllm_baseline/vllm_baseline/c32,interactivity,97.56585303789336,derived,tokens/s/user
16,27B,vllm_baseline,32,1,b200-latest-20260922/27B/vllm_baseline/vllm_baseline/c32,interactivity,100.76239947968071,derived_p90,tokens/s/user
16,27B,vllm_baseline,32,2,b200-repeats-20260922/rep2-block16/27B/vllm_baseline/vllm_baseline/c32,interactivity,101.17909735631497,derived_p90,tokens/s/user
16,27B,vllm_baseline,32,3,b200-repeats-20260922/rep3-block16/27B/vllm_baseline/vllm_baseline/c32,interactivity,99.69991900810221,derived_p90,tokens/s/user
16,27B,vllm_baseline,32,1,b200-latest-20260922/27B/vllm_baseline/vllm_baseline/c32,output_token_throughput,3085.509386981329,avg,tokens/s
16,27B,vllm_baseline,32,2,b200-repeats-20260922/rep2-block16/27B/vllm_baseline/vllm_baseline/c32,output_token_throughput,3092.8745208273654,avg,tokens/s
16,27B,vllm_baseline,32,3,b200-repeats-20260922/rep3-block16/27B/vllm_baseline/vllm_baseline/c32,output_token_throughput,3063.479908029564,avg,tokens/s
16,27B,vllm_baseline,32,1,b200-latest-20260922/27B/vllm_baseline/vllm_baseline/c32,time_to_first_token,230.32762345,p99,ms
16,27B,vllm_baseline,32,2,b200-repeats-20260922/rep2-block16/27B/vllm_baseline/vllm_baseline/c32,time_to_first_token,227.86939665,p99,ms
16,27B,vllm_baseline,32,3,b200-repeats-20260922/rep3-block16/27B/vllm_baseline/vllm_baseline/c32,time_to_first_token,175.22668071,p99,ms
16,27B,vllm_dflash,1,1,b200-latest-20260922/27B/vllm_dflash/vllm_dflash/c1,acceptance_length,7.609941520467836,avg,tokens
16,27B,vllm_dflash,1,2,b200-repeats-20260922/rep2-block16/27B/vllm_dflash/vllm_dflash/c1,acceptance_length,7.609941520467836,avg,tokens
16,27B,vllm_dflash,1,3,b200-repeats-20260922/rep3-block16/27B/vllm_dflash/vllm_dflash/c1,acceptance_length,7.609941520467836,avg,tokens
16,27B,vllm_dflash,1,1,b200-latest-20260922/27B/vllm_dflash/vllm_dflash/c1,inter_chunk_latency,16.06305981,p99,ms
16,27B,vllm_dflash,1,2,b200-repeats-20260922/rep2-block16/27B/vllm_dflash/vllm_dflash/c1,inter_chunk_latency,24.38932264,p99,ms
16,27B,vllm_dflash,1,3,b200-repeats-20260922/rep3-block16/27B/vllm_dflash/vllm_dflash/c1,inter_chunk_latency,20.951613629999997,p99,ms
16,27B,vllm_dflash,1,1,b200-latest-20260922/27B/vllm_dflash/vllm_dflash/c1,inter_token_latency,2.1527661576470587,p90,ms
16,27B,vllm_dflash,1,2,b200-repeats-20260922/rep2-block16/27B/vllm_dflash/vllm_dflash/c1,inter_token_latency,2.775326669019608,p90,ms
16,27B,vllm_dflash,1,3,b200-repeats-20260922/rep3-block16/27B/vllm_dflash/vllm_dflash/c1,inter_token_latency,2.2960634184313733,p90,ms
16,27B,vllm_dflash,1,1,b200-latest-20260922/27B/vllm_dflash/vllm_dflash/c1,inter_token_latency,2.8592557639607854,p99,ms
16,27B,vllm_dflash,1,2,b200-repeats-20260922/rep2-block16/27B/vllm_dflash/vllm_dflash/c1,inter_token_latency,3.1116171146666693,p99,ms
16,27B,vllm_dflash,1,3,b200-repeats-20260922/rep3-block16/27B/vllm_dflash/vllm_dflash/c1,inter_token_latency,2.7640543958431394,p99,ms
16,27B,vllm_dflash,1,1,b200-latest-20260922/27B/vllm_dflash/vllm_dflash/c1,interactivity,349.7413601834449,derived,tokens/s/user
16,27B,vllm_dflash,1,2,b200-repeats-20260922/rep2-block16/27B/vllm_dflash/vllm_dflash/c1,interactivity,321.3763015013898,derived,tokens/s/user
16,27B,vllm_dflash,1,3,b200-repeats-20260922/rep3-block16/27B/vllm_dflash/vllm_dflash/c1,interactivity,361.78738070564015,derived,tokens/s/user
16,27B,vllm_dflash,1,1,b200-latest-20260922/27B/vllm_dflash/vllm_dflash/c1,interactivity,464.51863638221863,derived_p90,tokens/s/user
16,27B,vllm_dflash,1,2,b200-repeats-20260922/rep2-block16/27B/vllm_dflash/vllm_dflash/c1,interactivity,360.3179442487946,derived_p90,tokens/s/user
16,27B,vllm_dflash,1,3,b200-repeats-20260922/rep3-block16/27B/vllm_dflash/vllm_dflash/c1,interactivity,435.52803984969233,derived_p90,tokens/s/user
16,27B,vllm_dflash,1,1,b200-latest-20260922/27B/vllm_dflash/vllm_dflash/c1,output_token_throughput,493.1924910749527,avg,tokens/s
16,27B,vllm_dflash,1,2,b200-repeats-20260922/rep2-block16/27B/vllm_dflash/vllm_dflash/c1,output_token_throughput,414.1144323871416,avg,tokens/s
16,27B,vllm_dflash,1,3,b200-repeats-20260922/rep3-block16/27B/vllm_dflash/vllm_dflash/c1,output_token_throughput,482.56701920970346,avg,tokens/s
16,27B,vllm_dflash,1,1,b200-latest-20260922/27B/vllm_dflash/vllm_dflash/c1,time_to_first_token,75.77592802,p99,ms
16,27B,vllm_dflash,1,2,b200-repeats-20260922/rep2-block16/27B/vllm_dflash/vllm_dflash/c1,time_to_first_token,98.12798505,p99,ms
16,27B,vllm_dflash,1,3,b200-repeats-20260922/rep3-block16/27B/vllm_dflash/vllm_dflash/c1,time_to_first_token,91.67091858000003,p99,ms
16,27B,vllm_dflash,2,1,b200-latest-20260922/27B/vllm_dflash/vllm_dflash/c2,acceptance_length,7.793413173652695,avg,tokens
16,27B,vllm_dflash,2,2,b200-repeats-20260922/rep2-block16/27B/vllm_dflash/vllm_dflash/c2,acceptance_length,7.749074759437454,avg,tokens
16,27B,vllm_dflash,2,3,b200-repeats-20260922/rep3-block16/27B/vllm_dflash/vllm_dflash/c2,acceptance_length,7.793413173652695,avg,tokens
16,27B,vllm_dflash,2,1,b200-latest-20260922/27B/vllm_dflash/vllm_dflash/c2,inter_chunk_latency,80.08827795000003,p99,ms
16,27B,vllm_dflash,2,2,b200-repeats-20260922/rep2-block16/27B/vllm_dflash/vllm_dflash/c2,inter_chunk_latency,91.1422465,p99,ms
16,27B,vllm_dflash,2,3,b200-repeats-20260922/rep3-block16/27B/vllm_dflash/vllm_dflash/c2,inter_chunk_latency,80.27880485,p99,ms
16,27B,vllm_dflash,2,1,b200-latest-20260922/27B/vllm_dflash/vllm_dflash/c2,inter_token_latency,2.393452496078431,p90,ms
16,27B,vllm_dflash,2,2,b200-repeats-20260922/rep2-block16/27B/vllm_dflash/vllm_dflash/c2,inter_token_latency,2.9110718458823532,p90,ms
16,27B,vllm_dflash,2,3,b200-repeats-20260922/rep3-block16/27B/vllm_dflash/vllm_dflash/c2,inter_token_latency,2.4519830584313724,p90,ms
16,27B,vllm_dflash,2,1,b200-latest-20260922/27B/vllm_dflash/vllm_dflash/c2,inter_token_latency,2.971067988588235,p99,ms
16,27B,vllm_dflash,2,2,b200-repeats-20260922/rep2-block16/27B/vllm_dflash/vllm_dflash/c2,inter_token_latency,3.267786385019608,p99,ms
16,27B,vllm_dflash,2,3,b200-repeats-20260922/rep3-block16/27B/vllm_dflash/vllm_dflash/c2,inter_token_latency,2.999705118705882,p99,ms
16,27B,vllm_dflash,2,1,b200-latest-20260922/27B/vllm_dflash/vllm_dflash/c2,interactivity,336.57930543527243,derived,tokens/s/user
16,27B,vllm_dflash,2,2,b200-repeats-20260922/rep2-block16/27B/vllm_dflash/vllm_dflash/c2,interactivity,306.01755505937075,derived,tokens/s/user
16,27B,vllm_dflash,2,3,b200-repeats-20260922/rep3-block16/27B/vllm_dflash/vllm_dflash/c2,interactivity,333.36610114244,derived,tokens/s/user
16,27B,vllm_dflash,2,1,b200-latest-20260922/27B/vllm_dflash/vllm_dflash/c2,interactivity,417.8064956954261,derived_p90,tokens/s/user
16,27B,vllm_dflash,2,2,b200-repeats-20260922/rep2-block16/27B/vllm_dflash/vllm_dflash/c2,interactivity,343.51608374574397,derived_p90,tokens/s/user
16,27B,vllm_dflash,2,3,b200-repeats-20260922/rep3-block16/27B/vllm_dflash/vllm_dflash/c2,interactivity,407.83316041332614,derived_p90,tokens/s/user
16,27B,vllm_dflash,2,1,b200-latest-20260922/27B/vllm_dflash/vllm_dflash/c2,output_token_throughput,808.1671370020381,avg,tokens/s
16,27B,vllm_dflash,2,2,b200-repeats-20260922/rep2-block16/27B/vllm_dflash/vllm_dflash/c2,output_token_throughput,697.404621104647,avg,tokens/s
16,27B,vllm_dflash,2,3,b200-repeats-20260922/rep3-block16/27B/vllm_dflash/vllm_dflash/c2,output_token_throughput,802.2495834817114,avg,tokens/s
16,27B,vllm_dflash,2,1,b200-latest-20260922/27B/vllm_dflash/vllm_dflash/c2,time_to_first_token,147.8378555,p99,ms
16,27B,vllm_dflash,2,2,b200-repeats-20260922/rep2-block16/27B/vllm_dflash/vllm_dflash/c2,time_to_first_token,169.15991469999997,p99,ms
16,27B,vllm_dflash,2,3,b200-repeats-20260922/rep3-block16/27B/vllm_dflash/vllm_dflash/c2,time_to_first_token,140.05425443,p99,ms
16,27B,vllm_dflash,4,1,b200-latest-20260922/27B/vllm_dflash/vllm_dflash/c4,acceptance_length,7.560101375814627,avg,tokens
16,27B,vllm_dflash,4,2,b200-repeats-20260922/rep2-block16/27B/vllm_dflash/vllm_dflash/c4,acceptance_length,7.710759027266028,avg,tokens
16,27B,vllm_dflash,4,3,b200-repeats-20260922/rep3-block16/27B/vllm_dflash/vllm_dflash/c4,acceptance_length,7.710759027266028,avg,tokens
16,27B,vllm_dflash,4,1,b200-latest-20260922/27B/vllm_dflash/vllm_dflash/c4,inter_chunk_latency,81.26963131999999,p99,ms
16,27B,vllm_dflash,4,2,b200-repeats-20260922/rep2-block16/27B/vllm_dflash/vllm_dflash/c4,inter_chunk_latency,80.38202254999992,p99,ms
16,27B,vllm_dflash,4,3,b200-repeats-20260922/rep3-block16/27B/vllm_dflash/vllm_dflash/c4,inter_chunk_latency,83.04373023999999,p99,ms
16,27B,vllm_dflash,4,1,b200-latest-20260922/27B/vllm_dflash/vllm_dflash/c4,inter_token_latency,3.36212403372549,p90,ms
16,27B,vllm_dflash,4,2,b200-repeats-20260922/rep2-block16/27B/vllm_dflash/vllm_dflash/c4,inter_token_latency,3.08599112,p90,ms
16,27B,vllm_dflash,4,3,b200-repeats-20260922/rep3-block16/27B/vllm_dflash/vllm_dflash/c4,inter_token_latency,3.193775834117647,p90,ms
16,27B,vllm_dflash,4,1,b200-latest-20260922/27B/vllm_dflash/vllm_dflash/c4,inter_token_latency,3.965676941098039,p99,ms
16,27B,vllm_dflash,4,2,b200-repeats-20260922/rep2-block16/27B/vllm_dflash/vllm_dflash/c4,inter_token_latency,3.867560743960784,p99,ms
16,27B,vllm_dflash,4,3,b200-repeats-20260922/rep3-block16/27B/vllm_dflash/vllm_dflash/c4,inter_token_latency,3.914543892313724,p99,ms
16,27B,vllm_dflash,4,1,b200-latest-20260922/27B/vllm_dflash/vllm_dflash/c4,interactivity,252.1637578786522,derived,tokens/s/user
16,27B,vllm_dflash,4,2,b200-repeats-20260922/rep2-block16/27B/vllm_dflash/vllm_dflash/c4,interactivity,258.5609034225268,derived,tokens/s/user
16,27B,vllm_dflash,4,3,b200-repeats-20260922/rep3-block16/27B/vllm_dflash/vllm_dflash/c4,interactivity,255.45760311016505,derived,tokens/s/user
16,27B,vllm_dflash,4,1,b200-latest-20260922/27B/vllm_dflash/vllm_dflash/c4,interactivity,297.43102573521764,derived_p90,tokens/s/user
16,27B,vllm_dflash,4,2,b200-repeats-20260922/rep2-block16/27B/vllm_dflash/vllm_dflash/c4,interactivity,324.0450024366888,derived_p90,tokens/s/user
16,27B,vllm_dflash,4,3,b200-repeats-20260922/rep3-block16/27B/vllm_dflash/vllm_dflash/c4,interactivity,313.10901326181295,derived_p90,tokens/s/user
16,27B,vllm_dflash,4,1,b200-latest-20260922/27B/vllm_dflash/vllm_dflash/c4,output_token_throughput,1263.000666525907,avg,tokens/s
16,27B,vllm_dflash,4,2,b200-repeats-20260922/rep2-block16/27B/vllm_dflash/vllm_dflash/c4,output_token_throughput,1290.521565947509,avg,tokens/s
16,27B,vllm_dflash,4,3,b200-repeats-20260922/rep3-block16/27B/vllm_dflash/vllm_dflash/c4,output_token_throughput,1269.3464911245298,avg,tokens/s
16,27B,vllm_dflash,4,1,b200-latest-20260922/27B/vllm_dflash/vllm_dflash/c4,time_to_first_token,175.71432585999997,p99,ms
16,27B,vllm_dflash,4,2,b200-repeats-20260922/rep2-block16/27B/vllm_dflash/vllm_dflash/c4,time_to_first_token,179.57789050999995,p99,ms
16,27B,vllm_dflash,4,3,b200-repeats-20260922/rep3-block16/27B/vllm_dflash/vllm_dflash/c4,time_to_first_token,181.53712979,p99,ms
16,27B,vllm_dflash,8,1,b200-latest-20260922/27B/vllm_dflash/vllm_dflash/c8,acceptance_length,7.460808876163207,avg,tokens
16,27B,vllm_dflash,8,2,b200-repeats-20260922/rep2-block16/27B/vllm_dflash/vllm_dflash/c8,acceptance_length,7.516315125292951,avg,tokens
16,27B,vllm_dflash,8,3,b200-repeats-20260922/rep3-block16/27B/vllm_dflash/vllm_dflash/c8,acceptance_length,7.385651018600531,avg,tokens
16,27B,vllm_dflash,8,1,b200-latest-20260922/27B/vllm_dflash/vllm_dflash/c8,inter_chunk_latency,90.70708327,p99,ms
16,27B,vllm_dflash,8,2,b200-repeats-20260922/rep2-block16/27B/vllm_dflash/vllm_dflash/c8,inter_chunk_latency,85.29324663999999,p99,ms
16,27B,vllm_dflash,8,3,b200-repeats-20260922/rep3-block16/27B/vllm_dflash/vllm_dflash/c8,inter_chunk_latency,87.33831824000002,p99,ms
16,27B,vllm_dflash,8,1,b200-latest-20260922/27B/vllm_dflash/vllm_dflash/c8,inter_token_latency,4.946401830588235,p90,ms
16,27B,vllm_dflash,8,2,b200-repeats-20260922/rep2-block16/27B/vllm_dflash/vllm_dflash/c8,inter_token_latency,4.57581521254902,p90,ms
16,27B,vllm_dflash,8,3,b200-repeats-20260922/rep3-block16/27B/vllm_dflash/vllm_dflash/c8,inter_token_latency,4.86890016,p90,ms
16,27B,vllm_dflash,8,1,b200-latest-20260922/27B/vllm_dflash/vllm_dflash/c8,inter_token_latency,6.25832797145098,p99,ms
16,27B,vllm_dflash,8,2,b200-repeats-20260922/rep2-block16/27B/vllm_dflash/vllm_dflash/c8,inter_token_latency,5.8080817476862725,p99,ms
16,27B,vllm_dflash,8,3,b200-repeats-20260922/rep3-block16/27B/vllm_dflash/vllm_dflash/c8,inter_token_latency,6.224329271960785,p99,ms
16,27B,vllm_dflash,8,1,b200-latest-20260922/27B/vllm_dflash/vllm_dflash/c8,interactivity,159.78708763135535,derived,tokens/s/user
16,27B,vllm_dflash,8,2,b200-repeats-20260922/rep2-block16/27B/vllm_dflash/vllm_dflash/c8,interactivity,172.17388518995338,derived,tokens/s/user
16,27B,vllm_dflash,8,3,b200-repeats-20260922/rep3-block16/27B/vllm_dflash/vllm_dflash/c8,interactivity,160.6598809778231,derived,tokens/s/user
16,27B,vllm_dflash,8,1,b200-latest-20260922/27B/vllm_dflash/vllm_dflash/c8,interactivity,202.16715791589422,derived_p90,tokens/s/user
16,27B,vllm_dflash,8,2,b200-repeats-20260922/rep2-block16/27B/vllm_dflash/vllm_dflash/c8,interactivity,218.5402935978563,derived_p90,tokens/s/user
16,27B,vllm_dflash,8,3,b200-repeats-20260922/rep3-block16/27B/vllm_dflash/vllm_dflash/c8,interactivity,205.3851931931995,derived_p90,tokens/s/user
16,27B,vllm_dflash,8,1,b200-latest-20260922/27B/vllm_dflash/vllm_dflash/c8,output_token_throughput,1850.7433301970448,avg,tokens/s
16,27B,vllm_dflash,8,2,b200-repeats-20260922/rep2-block16/27B/vllm_dflash/vllm_dflash/c8,output_token_throughput,1889.6664716431528,avg,tokens/s
16,27B,vllm_dflash,8,3,b200-repeats-20260922/rep3-block16/27B/vllm_dflash/vllm_dflash/c8,output_token_throughput,1871.8749303672291,avg,tokens/s
16,27B,vllm_dflash,8,1,b200-latest-20260922/27B/vllm_dflash/vllm_dflash/c8,time_to_first_token,204.67276527,p99,ms
16,27B,vllm_dflash,8,2,b200-repeats-20260922/rep2-block16/27B/vllm_dflash/vllm_dflash/c8,time_to_first_token,233.59025818,p99,ms
16,27B,vllm_dflash,8,3,b200-repeats-20260922/rep3-block16/27B/vllm_dflash/vllm_dflash/c8,time_to_first_token,246.7180047,p99,ms
16,27B,vllm_dflash,16,1,b200-latest-20260922/27B/vllm_dflash/vllm_dflash/c16,acceptance_length,7.616157923597148,avg,tokens
16,27B,vllm_dflash,16,2,b200-repeats-20260922/rep2-block16/27B/vllm_dflash/vllm_dflash/c16,acceptance_length,7.690294036316711,avg,tokens
16,27B,vllm_dflash,16,3,b200-repeats-20260922/rep3-block16/27B/vllm_dflash/vllm_dflash/c16,acceptance_length,7.661520080874919,avg,tokens
16,27B,vllm_dflash,16,1,b200-latest-20260922/27B/vllm_dflash/vllm_dflash/c16,inter_chunk_latency,89.97349935999999,p99,ms
16,27B,vllm_dflash,16,2,b200-repeats-20260922/rep2-block16/27B/vllm_dflash/vllm_dflash/c16,inter_chunk_latency,90.43183584,p99,ms
16,27B,vllm_dflash,16,3,b200-repeats-20260922/rep3-block16/27B/vllm_dflash/vllm_dflash/c16,inter_chunk_latency,90.0786508,p99,ms
16,27B,vllm_dflash,16,1,b200-latest-20260922/27B/vllm_dflash/vllm_dflash/c16,inter_token_latency,7.1227654513725485,p90,ms
16,27B,vllm_dflash,16,2,b200-repeats-20260922/rep2-block16/27B/vllm_dflash/vllm_dflash/c16,inter_token_latency,6.9276783082352935,p90,ms
16,27B,vllm_dflash,16,3,b200-repeats-20260922/rep3-block16/27B/vllm_dflash/vllm_dflash/c16,inter_token_latency,6.892721994117648,p90,ms
16,27B,vllm_dflash,16,1,b200-latest-20260922/27B/vllm_dflash/vllm_dflash/c16,inter_token_latency,9.852231085960783,p99,ms
16,27B,vllm_dflash,16,2,b200-repeats-20260922/rep2-block16/27B/vllm_dflash/vllm_dflash/c16,inter_token_latency,9.494487670274513,p99,ms
16,27B,vllm_dflash,16,3,b200-repeats-20260922/rep3-block16/27B/vllm_dflash/vllm_dflash/c16,inter_token_latency,9.374977013568628,p99,ms
16,27B,vllm_dflash,16,1,b200-latest-20260922/27B/vllm_dflash/vllm_dflash/c16,interactivity,101.49985229487544,derived,tokens/s/user
16,27B,vllm_dflash,16,2,b200-repeats-20260922/rep2-block16/27B/vllm_dflash/vllm_dflash/c16,interactivity,105.32427180150178,derived,tokens/s/user
16,27B,vllm_dflash,16,3,b200-repeats-20260922/rep3-block16/27B/vllm_dflash/vllm_dflash/c16,interactivity,106.66692820181598,derived,tokens/s/user
16,27B,vllm_dflash,16,1,b200-latest-20260922/27B/vllm_dflash/vllm_dflash/c16,interactivity,140.39490796475704,derived_p90,tokens/s/user
16,27B,vllm_dflash,16,2,b200-repeats-20260922/rep2-block16/27B/vllm_dflash/vllm_dflash/c16,interactivity,144.3485040018743,derived_p90,tokens/s/user
16,27B,vllm_dflash,16,3,b200-repeats-20260922/rep3-block16/27B/vllm_dflash/vllm_dflash/c16,interactivity,145.08056481219103,derived_p90,tokens/s/user
16,27B,vllm_dflash,16,1,b200-latest-20260922/27B/vllm_dflash/vllm_dflash/c16,output_token_throughput,2556.288692523307,avg,tokens/s
16,27B,vllm_dflash,16,2,b200-repeats-20260922/rep2-block16/27B/vllm_dflash/vllm_dflash/c16,output_token_throughput,2662.574592611031,avg,tokens/s
16,27B,vllm_dflash,16,3,b200-repeats-20260922/rep3-block16/27B/vllm_dflash/vllm_dflash/c16,output_token_throughput,2580.8800773730536,avg,tokens/s
16,27B,vllm_dflash,16,1,b200-latest-20260922/27B/vllm_dflash/vllm_dflash/c16,time_to_first_token,267.24440535,p99,ms
16,27B,vllm_dflash,16,2,b200-repeats-20260922/rep2-block16/27B/vllm_dflash/vllm_dflash/c16,time_to_first_token,245.59066042,p99,ms
16,27B,vllm_dflash,16,3,b200-repeats-20260922/rep3-block16/27B/vllm_dflash/vllm_dflash/c16,time_to_first_token,250.56325322,p99,ms
16,27B,vllm_dflash,32,1,b200-latest-20260922/27B/vllm_dflash/vllm_dflash/c32,acceptance_length,7.702671473470143,avg,tokens
16,27B,vllm_dflash,32,2,b200-repeats-20260922/rep2-block16/27B/vllm_dflash/vllm_dflash/c32,acceptance_length,7.698933173232347,avg,tokens
16,27B,vllm_dflash,32,3,b200-repeats-20260922/rep3-block16/27B/vllm_dflash/vllm_dflash/c32,acceptance_length,7.699556336075423,avg,tokens
16,27B,vllm_dflash,32,1,b200-latest-20260922/27B/vllm_dflash/vllm_dflash/c32,inter_chunk_latency,116.4342845,p99,ms
16,27B,vllm_dflash,32,2,b200-repeats-20260922/rep2-block16/27B/vllm_dflash/vllm_dflash/c32,inter_chunk_latency,120.39288515999996,p99,ms
16,27B,vllm_dflash,32,3,b200-repeats-20260922/rep3-block16/27B/vllm_dflash/vllm_dflash/c32,inter_chunk_latency,117.63259712,p99,ms
16,27B,vllm_dflash,32,1,b200-latest-20260922/27B/vllm_dflash/vllm_dflash/c32,inter_token_latency,11.53862449372549,p90,ms
16,27B,vllm_dflash,32,2,b200-repeats-20260922/rep2-block16/27B/vllm_dflash/vllm_dflash/c32,inter_token_latency,11.60577526117647,p90,ms
16,27B,vllm_dflash,32,3,b200-repeats-20260922/rep3-block16/27B/vllm_dflash/vllm_dflash/c32,inter_token_latency,11.34042664392157,p90,ms
16,27B,vllm_dflash,32,1,b200-latest-20260922/27B/vllm_dflash/vllm_dflash/c32,inter_token_latency,15.124347566862747,p99,ms
16,27B,vllm_dflash,32,2,b200-repeats-20260922/rep2-block16/27B/vllm_dflash/vllm_dflash/c32,inter_token_latency,15.734310638784317,p99,ms
16,27B,vllm_dflash,32,3,b200-repeats-20260922/rep3-block16/27B/vllm_dflash/vllm_dflash/c32,inter_token_latency,14.922926680078431,p99,ms
16,27B,vllm_dflash,32,1,b200-latest-20260922/27B/vllm_dflash/vllm_dflash/c32,interactivity,66.11855457428042,derived,tokens/s/user
16,27B,vllm_dflash,32,2,b200-repeats-20260922/rep2-block16/27B/vllm_dflash/vllm_dflash/c32,interactivity,63.55537417286324,derived,tokens/s/user
16,27B,vllm_dflash,32,3,b200-repeats-20260922/rep3-block16/27B/vllm_dflash/vllm_dflash/c32,interactivity,67.01098393353121,derived,tokens/s/user
16,27B,vllm_dflash,32,1,b200-latest-20260922/27B/vllm_dflash/vllm_dflash/c32,interactivity,86.66544270885869,derived_p90,tokens/s/user
16,27B,vllm_dflash,32,2,b200-repeats-20260922/rep2-block16/27B/vllm_dflash/vllm_dflash/c32,interactivity,86.16399831084017,derived_p90,tokens/s/user
16,27B,vllm_dflash,32,3,b200-repeats-20260922/rep3-block16/27B/vllm_dflash/vllm_dflash/c32,interactivity,88.18010392369115,derived_p90,tokens/s/user
16,27B,vllm_dflash,32,1,b200-latest-20260922/27B/vllm_dflash/vllm_dflash/c32,output_token_throughput,3203.374035852287,avg,tokens/s
16,27B,vllm_dflash,32,2,b200-repeats-20260922/rep2-block16/27B/vllm_dflash/vllm_dflash/c32,output_token_throughput,3178.20089924043,avg,tokens/s
16,27B,vllm_dflash,32,3,b200-repeats-20260922/rep3-block16/27B/vllm_dflash/vllm_dflash/c32,output_token_throughput,3241.2557396868183,avg,tokens/s
16,27B,vllm_dflash,32,1,b200-latest-20260922/27B/vllm_dflash/vllm_dflash/c32,time_to_first_token,349.20335381,p99,ms
16,27B,vllm_dflash,32,2,b200-repeats-20260922/rep2-block16/27B/vllm_dflash/vllm_dflash/c32,time_to_first_token,342.34395445,p99,ms
16,27B,vllm_dflash,32,3,b200-repeats-20260922/rep3-block16/27B/vllm_dflash/vllm_dflash/c32,time_to_first_token,327.43748198000003,p99,ms
16,35B-A3B,pr2_dflash,1,1,b200-latest-20260922/35B-A3B/pr2_dflash/vllm_dflash/c1,acceptance_length,6.453485487472092,avg,tokens
16,35B-A3B,pr2_dflash,1,2,b200-repeats-20260922/rep2-block16/35B-A3B/pr2_dflash/vllm_dflash/c1,acceptance_length,6.50738423028786,avg,tokens
16,35B-A3B,pr2_dflash,1,3,b200-repeats-20260922/rep3-block16/35B-A3B/pr2_dflash/vllm_dflash/c1,acceptance_length,6.453485487472092,avg,tokens
16,35B-A3B,pr2_dflash,1,1,b200-latest-20260922/35B-A3B/pr2_dflash/vllm_dflash/c1,inter_chunk_latency,9.771189899999998,p99,ms
16,35B-A3B,pr2_dflash,1,2,b200-repeats-20260922/rep2-block16/35B-A3B/pr2_dflash/vllm_dflash/c1,inter_chunk_latency,10.82538366,p99,ms
16,35B-A3B,pr2_dflash,1,3,b200-repeats-20260922/rep3-block16/35B-A3B/pr2_dflash/vllm_dflash/c1,inter_chunk_latency,10.444879099999996,p99,ms
16,35B-A3B,pr2_dflash,1,1,b200-latest-20260922/35B-A3B/pr2_dflash/vllm_dflash/c1,inter_token_latency,1.616561143529412,p90,ms
16,35B-A3B,pr2_dflash,1,2,b200-repeats-20260922/rep2-block16/35B-A3B/pr2_dflash/vllm_dflash/c1,inter_token_latency,1.5486132843137261,p90,ms
16,35B-A3B,pr2_dflash,1,3,b200-repeats-20260922/rep3-block16/35B-A3B/pr2_dflash/vllm_dflash/c1,inter_token_latency,1.602821349411765,p90,ms
16,35B-A3B,pr2_dflash,1,1,b200-latest-20260922/35B-A3B/pr2_dflash/vllm_dflash/c1,inter_token_latency,1.970257641568628,p99,ms
16,35B-A3B,pr2_dflash,1,2,b200-repeats-20260922/rep2-block16/35B-A3B/pr2_dflash/vllm_dflash/c1,inter_token_latency,2.006857313098039,p99,ms
16,35B-A3B,pr2_dflash,1,3,b200-repeats-20260922/rep3-block16/35B-A3B/pr2_dflash/vllm_dflash/c1,inter_token_latency,2.05553410654902,p99,ms
16,35B-A3B,pr2_dflash,1,1,b200-latest-20260922/35B-A3B/pr2_dflash/vllm_dflash/c1,interactivity,507.547834812023,derived,tokens/s/user
16,35B-A3B,pr2_dflash,1,2,b200-repeats-20260922/rep2-block16/35B-A3B/pr2_dflash/vllm_dflash/c1,interactivity,498.2915294841133,derived,tokens/s/user
16,35B-A3B,pr2_dflash,1,3,b200-repeats-20260922/rep3-block16/35B-A3B/pr2_dflash/vllm_dflash/c1,interactivity,486.4915628565622,derived,tokens/s/user
16,35B-A3B,pr2_dflash,1,1,b200-latest-20260922/35B-A3B/pr2_dflash/vllm_dflash/c1,interactivity,618.5970781264209,derived_p90,tokens/s/user
16,35B-A3B,pr2_dflash,1,2,b200-repeats-20260922/rep2-block16/35B-A3B/pr2_dflash/vllm_dflash/c1,interactivity,645.7390041330775,derived_p90,tokens/s/user
16,35B-A3B,pr2_dflash,1,3,b200-repeats-20260922/rep3-block16/35B-A3B/pr2_dflash/vllm_dflash/c1,interactivity,623.8998503276737,derived_p90,tokens/s/user
16,35B-A3B,pr2_dflash,1,1,b200-latest-20260922/35B-A3B/pr2_dflash/vllm_dflash/c1,output_token_throughput,708.5437767787779,avg,tokens/s
16,35B-A3B,pr2_dflash,1,2,b200-repeats-20260922/rep2-block16/35B-A3B/pr2_dflash/vllm_dflash/c1,output_token_throughput,697.4760147092974,avg,tokens/s
16,35B-A3B,pr2_dflash,1,3,b200-repeats-20260922/rep3-block16/35B-A3B/pr2_dflash/vllm_dflash/c1,output_token_throughput,704.4896042601508,avg,tokens/s
16,35B-A3B,pr2_dflash,1,1,b200-latest-20260922/35B-A3B/pr2_dflash/vllm_dflash/c1,time_to_first_token,50.55886809000001,p99,ms
16,35B-A3B,pr2_dflash,1,2,b200-repeats-20260922/rep2-block16/35B-A3B/pr2_dflash/vllm_dflash/c1,time_to_first_token,64.44329310000006,p99,ms
16,35B-A3B,pr2_dflash,1,3,b200-repeats-20260922/rep3-block16/35B-A3B/pr2_dflash/vllm_dflash/c1,time_to_first_token,61.824878410000025,p99,ms
16,35B-A3B,pr2_dflash,2,1,b200-latest-20260922/35B-A3B/pr2_dflash/vllm_dflash/c2,acceptance_length,6.574401008827238,avg,tokens
16,35B-A3B,pr2_dflash,2,2,b200-repeats-20260922/rep2-block16/35B-A3B/pr2_dflash/vllm_dflash/c2,acceptance_length,6.910785619174434,avg,tokens
16,35B-A3B,pr2_dflash,2,3,b200-repeats-20260922/rep3-block16/35B-A3B/pr2_dflash/vllm_dflash/c2,acceptance_length,6.745136186770428,avg,tokens
16,35B-A3B,pr2_dflash,2,1,b200-latest-20260922/35B-A3B/pr2_dflash/vllm_dflash/c2,inter_chunk_latency,45.2771921,p99,ms
16,35B-A3B,pr2_dflash,2,2,b200-repeats-20260922/rep2-block16/35B-A3B/pr2_dflash/vllm_dflash/c2,inter_chunk_latency,44.24002468,p99,ms
16,35B-A3B,pr2_dflash,2,3,b200-repeats-20260922/rep3-block16/35B-A3B/pr2_dflash/vllm_dflash/c2,inter_chunk_latency,43.426422119999984,p99,ms
16,35B-A3B,pr2_dflash,2,1,b200-latest-20260922/35B-A3B/pr2_dflash/vllm_dflash/c2,inter_token_latency,1.877499857254902,p90,ms
16,35B-A3B,pr2_dflash,2,2,b200-repeats-20260922/rep2-block16/35B-A3B/pr2_dflash/vllm_dflash/c2,inter_token_latency,1.901611178039216,p90,ms
16,35B-A3B,pr2_dflash,2,3,b200-repeats-20260922/rep3-block16/35B-A3B/pr2_dflash/vllm_dflash/c2,inter_token_latency,1.8927929670588233,p90,ms
16,35B-A3B,pr2_dflash,2,1,b200-latest-20260922/35B-A3B/pr2_dflash/vllm_dflash/c2,inter_token_latency,2.305427924980392,p99,ms
16,35B-A3B,pr2_dflash,2,2,b200-repeats-20260922/rep2-block16/35B-A3B/pr2_dflash/vllm_dflash/c2,inter_token_latency,2.124502489294118,p99,ms
16,35B-A3B,pr2_dflash,2,3,b200-repeats-20260922/rep3-block16/35B-A3B/pr2_dflash/vllm_dflash/c2,inter_token_latency,2.204943109098039,p99,ms
16,35B-A3B,pr2_dflash,2,1,b200-latest-20260922/35B-A3B/pr2_dflash/vllm_dflash/c2,interactivity,433.7589517176101,derived,tokens/s/user
16,35B-A3B,pr2_dflash,2,2,b200-repeats-20260922/rep2-block16/35B-A3B/pr2_dflash/vllm_dflash/c2,interactivity,470.6984364759477,derived,tokens/s/user
16,35B-A3B,pr2_dflash,2,3,b200-repeats-20260922/rep3-block16/35B-A3B/pr2_dflash/vllm_dflash/c2,interactivity,453.5264406023895,derived,tokens/s/user
16,35B-A3B,pr2_dflash,2,1,b200-latest-20260922/35B-A3B/pr2_dflash/vllm_dflash/c2,interactivity,532.6232096028507,derived_p90,tokens/s/user
16,35B-A3B,pr2_dflash,2,2,b200-repeats-20260922/rep2-block16/35B-A3B/pr2_dflash/vllm_dflash/c2,interactivity,525.86985791234,derived_p90,tokens/s/user
16,35B-A3B,pr2_dflash,2,3,b200-repeats-20260922/rep3-block16/35B-A3B/pr2_dflash/vllm_dflash/c2,interactivity,528.3197990501211,derived_p90,tokens/s/user
16,35B-A3B,pr2_dflash,2,1,b200-latest-20260922/35B-A3B/pr2_dflash/vllm_dflash/c2,output_token_throughput,1128.583279520888,avg,tokens/s
16,35B-A3B,pr2_dflash,2,2,b200-repeats-20260922/rep2-block16/35B-A3B/pr2_dflash/vllm_dflash/c2,output_token_throughput,1164.502789705627,avg,tokens/s
16,35B-A3B,pr2_dflash,2,3,b200-repeats-20260922/rep3-block16/35B-A3B/pr2_dflash/vllm_dflash/c2,output_token_throughput,1163.322315920068,avg,tokens/s
16,35B-A3B,pr2_dflash,2,1,b200-latest-20260922/35B-A3B/pr2_dflash/vllm_dflash/c2,time_to_first_token,102.293552,p99,ms
16,35B-A3B,pr2_dflash,2,2,b200-repeats-20260922/rep2-block16/35B-A3B/pr2_dflash/vllm_dflash/c2,time_to_first_token,109.09350313,p99,ms
16,35B-A3B,pr2_dflash,2,3,b200-repeats-20260922/rep3-block16/35B-A3B/pr2_dflash/vllm_dflash/c2,time_to_first_token,94.90535994,p99,ms
16,35B-A3B,pr2_dflash,4,1,b200-latest-20260922/35B-A3B/pr2_dflash/vllm_dflash/c4,acceptance_length,6.723300970873787,avg,tokens
16,35B-A3B,pr2_dflash,4,2,b200-repeats-20260922/rep2-block16/35B-A3B/pr2_dflash/vllm_dflash/c4,acceptance_length,6.763405914852129,avg,tokens
16,35B-A3B,pr2_dflash,4,3,b200-repeats-20260922/rep3-block16/35B-A3B/pr2_dflash/vllm_dflash/c4,acceptance_length,6.470130678282514,avg,tokens
16,35B-A3B,pr2_dflash,4,1,b200-latest-20260922/35B-A3B/pr2_dflash/vllm_dflash/c4,inter_chunk_latency,44.262725120000006,p99,ms
16,35B-A3B,pr2_dflash,4,2,b200-repeats-20260922/rep2-block16/35B-A3B/pr2_dflash/vllm_dflash/c4,inter_chunk_latency,49.39606891999999,p99,ms
16,35B-A3B,pr2_dflash,4,3,b200-repeats-20260922/rep3-block16/35B-A3B/pr2_dflash/vllm_dflash/c4,inter_chunk_latency,44.57803537,p99,ms
16,35B-A3B,pr2_dflash,4,1,b200-latest-20260922/35B-A3B/pr2_dflash/vllm_dflash/c4,inter_token_latency,2.432580340784314,p90,ms
16,35B-A3B,pr2_dflash,4,2,b200-repeats-20260922/rep2-block16/35B-A3B/pr2_dflash/vllm_dflash/c4,inter_token_latency,2.4272676490196083,p90,ms
16,35B-A3B,pr2_dflash,4,3,b200-repeats-20260922/rep3-block16/35B-A3B/pr2_dflash/vllm_dflash/c4,inter_token_latency,2.527948228627452,p90,ms
16,35B-A3B,pr2_dflash,4,1,b200-latest-20260922/35B-A3B/pr2_dflash/vllm_dflash/c4,inter_token_latency,2.8830243681568564,p99,ms
16,35B-A3B,pr2_dflash,4,2,b200-repeats-20260922/rep2-block16/35B-A3B/pr2_dflash/vllm_dflash/c4,inter_token_latency,3.3519717616470546,p99,ms
16,35B-A3B,pr2_dflash,4,3,b200-repeats-20260922/rep3-block16/35B-A3B/pr2_dflash/vllm_dflash/c4,inter_token_latency,3.132245083098039,p99,ms
16,35B-A3B,pr2_dflash,4,1,b200-latest-20260922/35B-A3B/pr2_dflash/vllm_dflash/c4,interactivity,346.8579770067324,derived,tokens/s/user
16,35B-A3B,pr2_dflash,4,2,b200-repeats-20260922/rep2-block16/35B-A3B/pr2_dflash/vllm_dflash/c4,interactivity,298.3318688545965,derived,tokens/s/user
16,35B-A3B,pr2_dflash,4,3,b200-repeats-20260922/rep3-block16/35B-A3B/pr2_dflash/vllm_dflash/c4,interactivity,319.25981954481057,derived,tokens/s/user
16,35B-A3B,pr2_dflash,4,1,b200-latest-20260922/35B-A3B/pr2_dflash/vllm_dflash/c4,interactivity,411.0861142935898,derived_p90,tokens/s/user
16,35B-A3B,pr2_dflash,4,2,b200-repeats-20260922/rep2-block16/35B-A3B/pr2_dflash/vllm_dflash/c4,interactivity,411.9858806687048,derived_p90,tokens/s/user
16,35B-A3B,pr2_dflash,4,3,b200-repeats-20260922/rep3-block16/35B-A3B/pr2_dflash/vllm_dflash/c4,interactivity,395.5777213613862,derived_p90,tokens/s/user
16,35B-A3B,pr2_dflash,4,1,b200-latest-20260922/35B-A3B/pr2_dflash/vllm_dflash/c4,output_token_throughput,1829.556122303028,avg,tokens/s
16,35B-A3B,pr2_dflash,4,2,b200-repeats-20260922/rep2-block16/35B-A3B/pr2_dflash/vllm_dflash/c4,output_token_throughput,1771.830948803891,avg,tokens/s
16,35B-A3B,pr2_dflash,4,3,b200-repeats-20260922/rep3-block16/35B-A3B/pr2_dflash/vllm_dflash/c4,output_token_throughput,1791.4050079581236,avg,tokens/s
16,35B-A3B,pr2_dflash,4,1,b200-latest-20260922/35B-A3B/pr2_dflash/vllm_dflash/c4,time_to_first_token,97.58541390999996,p99,ms
16,35B-A3B,pr2_dflash,4,2,b200-repeats-20260922/rep2-block16/35B-A3B/pr2_dflash/vllm_dflash/c4,time_to_first_token,104.12891263,p99,ms
16,35B-A3B,pr2_dflash,4,3,b200-repeats-20260922/rep3-block16/35B-A3B/pr2_dflash/vllm_dflash/c4,time_to_first_token,105.13335131,p99,ms
16,35B-A3B,pr2_dflash,8,1,b200-latest-20260922/35B-A3B/pr2_dflash/vllm_dflash/c8,acceptance_length,6.522046132119881,avg,tokens
16,35B-A3B,pr2_dflash,8,2,b200-repeats-20260922/rep2-block16/35B-A3B/pr2_dflash/vllm_dflash/c8,acceptance_length,6.538473642800944,avg,tokens
16,35B-A3B,pr2_dflash,8,3,b200-repeats-20260922/rep3-block16/35B-A3B/pr2_dflash/vllm_dflash/c8,acceptance_length,6.408235657001851,avg,tokens
16,35B-A3B,pr2_dflash,8,1,b200-latest-20260922/35B-A3B/pr2_dflash/vllm_dflash/c8,inter_chunk_latency,46.24272799999999,p99,ms
16,35B-A3B,pr2_dflash,8,2,b200-repeats-20260922/rep2-block16/35B-A3B/pr2_dflash/vllm_dflash/c8,inter_chunk_latency,64.42898436,p99,ms
16,35B-A3B,pr2_dflash,8,3,b200-repeats-20260922/rep3-block16/35B-A3B/pr2_dflash/vllm_dflash/c8,inter_chunk_latency,47.278070420000006,p99,ms
16,35B-A3B,pr2_dflash,8,1,b200-latest-20260922/35B-A3B/pr2_dflash/vllm_dflash/c8,inter_token_latency,3.3536150035294114,p90,ms
16,35B-A3B,pr2_dflash,8,2,b200-repeats-20260922/rep2-block16/35B-A3B/pr2_dflash/vllm_dflash/c8,inter_token_latency,3.620061819607843,p90,ms
16,35B-A3B,pr2_dflash,8,3,b200-repeats-20260922/rep3-block16/35B-A3B/pr2_dflash/vllm_dflash/c8,inter_token_latency,3.521173230588235,p90,ms
16,35B-A3B,pr2_dflash,8,1,b200-latest-20260922/35B-A3B/pr2_dflash/vllm_dflash/c8,inter_token_latency,3.958009417921568,p99,ms
16,35B-A3B,pr2_dflash,8,2,b200-repeats-20260922/rep2-block16/35B-A3B/pr2_dflash/vllm_dflash/c8,inter_token_latency,4.466018773058823,p99,ms
16,35B-A3B,pr2_dflash,8,3,b200-repeats-20260922/rep3-block16/35B-A3B/pr2_dflash/vllm_dflash/c8,inter_token_latency,4.690171603686275,p99,ms
16,35B-A3B,pr2_dflash,8,1,b200-latest-20260922/35B-A3B/pr2_dflash/vllm_dflash/c8,interactivity,252.65225380012373,derived,tokens/s/user
16,35B-A3B,pr2_dflash,8,2,b200-repeats-20260922/rep2-block16/35B-A3B/pr2_dflash/vllm_dflash/c8,interactivity,223.9130757874288,derived,tokens/s/user
16,35B-A3B,pr2_dflash,8,3,b200-repeats-20260922/rep3-block16/35B-A3B/pr2_dflash/vllm_dflash/c8,interactivity,213.21181493957337,derived,tokens/s/user
16,35B-A3B,pr2_dflash,8,1,b200-latest-20260922/35B-A3B/pr2_dflash/vllm_dflash/c8,interactivity,298.1856888604029,derived_p90,tokens/s/user
16,35B-A3B,pr2_dflash,8,2,b200-repeats-20260922/rep2-block16/35B-A3B/pr2_dflash/vllm_dflash/c8,interactivity,276.23837653367167,derived_p90,tokens/s/user
16,35B-A3B,pr2_dflash,8,3,b200-repeats-20260922/rep3-block16/35B-A3B/pr2_dflash/vllm_dflash/c8,interactivity,283.99625196314,derived_p90,tokens/s/user
16,35B-A3B,pr2_dflash,8,1,b200-latest-20260922/35B-A3B/pr2_dflash/vllm_dflash/c8,output_token_throughput,2764.436649924535,avg,tokens/s
16,35B-A3B,pr2_dflash,8,2,b200-repeats-20260922/rep2-block16/35B-A3B/pr2_dflash/vllm_dflash/c8,output_token_throughput,2583.340417705042,avg,tokens/s
16,35B-A3B,pr2_dflash,8,3,b200-repeats-20260922/rep3-block16/35B-A3B/pr2_dflash/vllm_dflash/c8,output_token_throughput,2707.2858576276435,avg,tokens/s
16,35B-A3B,pr2_dflash,8,1,b200-latest-20260922/35B-A3B/pr2_dflash/vllm_dflash/c8,time_to_first_token,128.96640703999998,p99,ms
16,35B-A3B,pr2_dflash,8,2,b200-repeats-20260922/rep2-block16/35B-A3B/pr2_dflash/vllm_dflash/c8,time_to_first_token,192.21899617,p99,ms
16,35B-A3B,pr2_dflash,8,3,b200-repeats-20260922/rep3-block16/35B-A3B/pr2_dflash/vllm_dflash/c8,time_to_first_token,113.47724348,p99,ms
16,35B-A3B,pr2_dflash,16,1,b200-latest-20260922/35B-A3B/pr2_dflash/vllm_dflash/c16,acceptance_length,6.586720545123208,avg,tokens
16,35B-A3B,pr2_dflash,16,2,b200-repeats-20260922/rep2-block16/35B-A3B/pr2_dflash/vllm_dflash/c16,acceptance_length,6.594216714331109,avg,tokens
16,35B-A3B,pr2_dflash,16,3,b200-repeats-20260922/rep3-block16/35B-A3B/pr2_dflash/vllm_dflash/c16,acceptance_length,6.727508090614887,avg,tokens
16,35B-A3B,pr2_dflash,16,1,b200-latest-20260922/35B-A3B/pr2_dflash/vllm_dflash/c16,inter_chunk_latency,49.319733,p99,ms
16,35B-A3B,pr2_dflash,16,2,b200-repeats-20260922/rep2-block16/35B-A3B/pr2_dflash/vllm_dflash/c16,inter_chunk_latency,71.54591164,p99,ms
16,35B-A3B,pr2_dflash,16,3,b200-repeats-20260922/rep3-block16/35B-A3B/pr2_dflash/vllm_dflash/c16,inter_chunk_latency,65.38347445,p99,ms
16,35B-A3B,pr2_dflash,16,1,b200-latest-20260922/35B-A3B/pr2_dflash/vllm_dflash/c16,inter_token_latency,4.392681406666667,p90,ms
16,35B-A3B,pr2_dflash,16,2,b200-repeats-20260922/rep2-block16/35B-A3B/pr2_dflash/vllm_dflash/c16,inter_token_latency,5.6106885219607845,p90,ms
16,35B-A3B,pr2_dflash,16,3,b200-repeats-20260922/rep3-block16/35B-A3B/pr2_dflash/vllm_dflash/c16,inter_token_latency,5.123846201568629,p90,ms
16,35B-A3B,pr2_dflash,16,1,b200-latest-20260922/35B-A3B/pr2_dflash/vllm_dflash/c16,inter_token_latency,6.09215948827451,p99,ms
16,35B-A3B,pr2_dflash,16,2,b200-repeats-20260922/rep2-block16/35B-A3B/pr2_dflash/vllm_dflash/c16,inter_token_latency,7.947994458274509,p99,ms
16,35B-A3B,pr2_dflash,16,3,b200-repeats-20260922/rep3-block16/35B-A3B/pr2_dflash/vllm_dflash/c16,inter_token_latency,6.908407950862745,p99,ms
16,35B-A3B,pr2_dflash,16,1,b200-latest-20260922/35B-A3B/pr2_dflash/vllm_dflash/c16,interactivity,164.1454072114634,derived,tokens/s/user
16,35B-A3B,pr2_dflash,16,2,b200-repeats-20260922/rep2-block16/35B-A3B/pr2_dflash/vllm_dflash/c16,interactivity,125.81790352897372,derived,tokens/s/user
16,35B-A3B,pr2_dflash,16,3,b200-repeats-20260922/rep3-block16/35B-A3B/pr2_dflash/vllm_dflash/c16,interactivity,144.751150643198,derived,tokens/s/user
16,35B-A3B,pr2_dflash,16,1,b200-latest-20260922/35B-A3B/pr2_dflash/vllm_dflash/c16,interactivity,227.65138361328096,derived_p90,tokens/s/user
16,35B-A3B,pr2_dflash,16,2,b200-repeats-20260922/rep2-block16/35B-A3B/pr2_dflash/vllm_dflash/c16,interactivity,178.2312448972888,derived_p90,tokens/s/user
16,35B-A3B,pr2_dflash,16,3,b200-repeats-20260922/rep3-block16/35B-A3B/pr2_dflash/vllm_dflash/c16,interactivity,195.16588918962032,derived_p90,tokens/s/user
16,35B-A3B,pr2_dflash,16,1,b200-latest-20260922/35B-A3B/pr2_dflash/vllm_dflash/c16,output_token_throughput,4216.299273538198,avg,tokens/s
16,35B-A3B,pr2_dflash,16,2,b200-repeats-20260922/rep2-block16/35B-A3B/pr2_dflash/vllm_dflash/c16,output_token_throughput,3421.275678756537,avg,tokens/s
16,35B-A3B,pr2_dflash,16,3,b200-repeats-20260922/rep3-block16/35B-A3B/pr2_dflash/vllm_dflash/c16,output_token_throughput,3777.4136091504815,avg,tokens/s
16,35B-A3B,pr2_dflash,16,1,b200-latest-20260922/35B-A3B/pr2_dflash/vllm_dflash/c16,time_to_first_token,169.98359662,p99,ms
16,35B-A3B,pr2_dflash,16,2,b200-repeats-20260922/rep2-block16/35B-A3B/pr2_dflash/vllm_dflash/c16,time_to_first_token,235.41457189,p99,ms
16,35B-A3B,pr2_dflash,16,3,b200-repeats-20260922/rep3-block16/35B-A3B/pr2_dflash/vllm_dflash/c16,time_to_first_token,184.20901135,p99,ms
16,35B-A3B,pr2_dflash,32,1,b200-latest-20260922/35B-A3B/pr2_dflash/vllm_dflash/c32,acceptance_length,6.547232937101472,avg,tokens
16,35B-A3B,pr2_dflash,32,2,b200-repeats-20260922/rep2-block16/35B-A3B/pr2_dflash/vllm_dflash/c32,acceptance_length,6.564965288734617,avg,tokens
16,35B-A3B,pr2_dflash,32,3,b200-repeats-20260922/rep3-block16/35B-A3B/pr2_dflash/vllm_dflash/c32,acceptance_length,6.570971184631803,avg,tokens
16,35B-A3B,pr2_dflash,32,1,b200-latest-20260922/35B-A3B/pr2_dflash/vllm_dflash/c32,inter_chunk_latency,108.65824995,p99,ms
16,35B-A3B,pr2_dflash,32,2,b200-repeats-20260922/rep2-block16/35B-A3B/pr2_dflash/vllm_dflash/c32,inter_chunk_latency,139.76669183,p99,ms
16,35B-A3B,pr2_dflash,32,3,b200-repeats-20260922/rep3-block16/35B-A3B/pr2_dflash/vllm_dflash/c32,inter_chunk_latency,100.46944082,p99,ms
16,35B-A3B,pr2_dflash,32,1,b200-latest-20260922/35B-A3B/pr2_dflash/vllm_dflash/c32,inter_token_latency,10.787319256470589,p90,ms
16,35B-A3B,pr2_dflash,32,2,b200-repeats-20260922/rep2-block16/35B-A3B/pr2_dflash/vllm_dflash/c32,inter_token_latency,14.448489884705882,p90,ms
16,35B-A3B,pr2_dflash,32,3,b200-repeats-20260922/rep3-block16/35B-A3B/pr2_dflash/vllm_dflash/c32,inter_token_latency,10.041615130980391,p90,ms
16,35B-A3B,pr2_dflash,32,1,b200-latest-20260922/35B-A3B/pr2_dflash/vllm_dflash/c32,inter_token_latency,14.304355625215694,p99,ms
16,35B-A3B,pr2_dflash,32,2,b200-repeats-20260922/rep2-block16/35B-A3B/pr2_dflash/vllm_dflash/c32,inter_token_latency,19.1856826954902,p99,ms
16,35B-A3B,pr2_dflash,32,3,b200-repeats-20260922/rep3-block16/35B-A3B/pr2_dflash/vllm_dflash/c32,inter_token_latency,13.293310019058826,p99,ms
16,35B-A3B,pr2_dflash,32,1,b200-latest-20260922/35B-A3B/pr2_dflash/vllm_dflash/c32,interactivity,69.90877647345413,derived,tokens/s/user
16,35B-A3B,pr2_dflash,32,2,b200-repeats-20260922/rep2-block16/35B-A3B/pr2_dflash/vllm_dflash/c32,interactivity,52.12220049042408,derived,tokens/s/user
16,35B-A3B,pr2_dflash,32,3,b200-repeats-20260922/rep3-block16/35B-A3B/pr2_dflash/vllm_dflash/c32,interactivity,75.22580896453061,derived,tokens/s/user
16,35B-A3B,pr2_dflash,32,1,b200-latest-20260922/35B-A3B/pr2_dflash/vllm_dflash/c32,interactivity,92.70143732884954,derived_p90,tokens/s/user
16,35B-A3B,pr2_dflash,32,2,b200-repeats-20260922/rep2-block16/35B-A3B/pr2_dflash/vllm_dflash/c32,interactivity,69.21138527137892,derived_p90,tokens/s/user
16,35B-A3B,pr2_dflash,32,3,b200-repeats-20260922/rep3-block16/35B-A3B/pr2_dflash/vllm_dflash/c32,interactivity,99.5855733322023,derived_p90,tokens/s/user
16,35B-A3B,pr2_dflash,32,1,b200-latest-20260922/35B-A3B/pr2_dflash/vllm_dflash/c32,output_token_throughput,3700.510452569004,avg,tokens/s
16,35B-A3B,pr2_dflash,32,2,b200-repeats-20260922/rep2-block16/35B-A3B/pr2_dflash/vllm_dflash/c32,output_token_throughput,2764.087361709759,avg,tokens/s
16,35B-A3B,pr2_dflash,32,3,b200-repeats-20260922/rep3-block16/35B-A3B/pr2_dflash/vllm_dflash/c32,output_token_throughput,3880.848762416979,avg,tokens/s
16,35B-A3B,pr2_dflash,32,1,b200-latest-20260922/35B-A3B/pr2_dflash/vllm_dflash/c32,time_to_first_token,297.95870406,p99,ms
16,35B-A3B,pr2_dflash,32,2,b200-repeats-20260922/rep2-block16/35B-A3B/pr2_dflash/vllm_dflash/c32,time_to_first_token,416.49047262,p99,ms
16,35B-A3B,pr2_dflash,32,3,b200-repeats-20260922/rep3-block16/35B-A3B/pr2_dflash/vllm_dflash/c32,time_to_first_token,282.44320336,p99,ms
16,35B-A3B,sglang_baseline,1,1,b200-latest-20260922/35B-A3B/sglang_baseline/sglang_baseline/c1,inter_chunk_latency,4.814751899999883,p99,ms
16,35B-A3B,sglang_baseline,1,2,b200-repeats-20260922/rep2-block16/35B-A3B/sglang_baseline/sglang_baseline/c1,inter_chunk_latency,6.373480539999961,p99,ms
16,35B-A3B,sglang_baseline,1,3,b200-repeats-20260922/rep3-block16/35B-A3B/sglang_baseline/sglang_baseline/c1,inter_chunk_latency,5.529973749999958,p99,ms
16,35B-A3B,sglang_baseline,1,1,b200-latest-20260922/35B-A3B/sglang_baseline/sglang_baseline/c1,inter_token_latency,3.2281139976470588,p90,ms
16,35B-A3B,sglang_baseline,1,2,b200-repeats-20260922/rep2-block16/35B-A3B/sglang_baseline/sglang_baseline/c1,inter_token_latency,3.19832690627451,p90,ms
16,35B-A3B,sglang_baseline,1,3,b200-repeats-20260922/rep3-block16/35B-A3B/sglang_baseline/sglang_baseline/c1,inter_token_latency,3.074247413333333,p90,ms
16,35B-A3B,sglang_baseline,1,1,b200-latest-20260922/35B-A3B/sglang_baseline/sglang_baseline/c1,inter_token_latency,3.2302560790588237,p99,ms
16,35B-A3B,sglang_baseline,1,2,b200-repeats-20260922/rep2-block16/35B-A3B/sglang_baseline/sglang_baseline/c1,inter_token_latency,3.241283661019608,p99,ms
16,35B-A3B,sglang_baseline,1,3,b200-repeats-20260922/rep3-block16/35B-A3B/sglang_baseline/sglang_baseline/c1,inter_token_latency,3.087437985137255,p99,ms
16,35B-A3B,sglang_baseline,1,1,b200-latest-20260922/35B-A3B/sglang_baseline/sglang_baseline/c1,interactivity,309.5729798274578,derived,tokens/s/user
16,35B-A3B,sglang_baseline,1,2,b200-repeats-20260922/rep2-block16/35B-A3B/sglang_baseline/sglang_baseline/c1,interactivity,308.5197423558513,derived,tokens/s/user
16,35B-A3B,sglang_baseline,1,3,b200-repeats-20260922/rep3-block16/35B-A3B/sglang_baseline/sglang_baseline/c1,interactivity,323.89314532435674,derived,tokens/s/user
16,35B-A3B,sglang_baseline,1,1,b200-latest-20260922/35B-A3B/sglang_baseline/sglang_baseline/c1,interactivity,309.7784033429087,derived_p90,tokens/s/user
16,35B-A3B,sglang_baseline,1,2,b200-repeats-20260922/rep2-block16/35B-A3B/sglang_baseline/sglang_baseline/c1,interactivity,312.6634735299228,derived_p90,tokens/s/user
16,35B-A3B,sglang_baseline,1,3,b200-repeats-20260922/rep3-block16/35B-A3B/sglang_baseline/sglang_baseline/c1,interactivity,325.2828629416407,derived_p90,tokens/s/user
16,35B-A3B,sglang_baseline,1,1,b200-latest-20260922/35B-A3B/sglang_baseline/sglang_baseline/c1,output_token_throughput,300.1747525234436,avg,tokens/s
16,35B-A3B,sglang_baseline,1,2,b200-repeats-20260922/rep2-block16/35B-A3B/sglang_baseline/sglang_baseline/c1,output_token_throughput,301.7466728909898,avg,tokens/s
16,35B-A3B,sglang_baseline,1,3,b200-repeats-20260922/rep3-block16/35B-A3B/sglang_baseline/sglang_baseline/c1,output_token_throughput,313.41605703106825,avg,tokens/s
16,35B-A3B,sglang_baseline,1,1,b200-latest-20260922/35B-A3B/sglang_baseline/sglang_baseline/c1,time_to_first_token,32.780482830000025,p99,ms
16,35B-A3B,sglang_baseline,1,2,b200-repeats-20260922/rep2-block16/35B-A3B/sglang_baseline/sglang_baseline/c1,time_to_first_token,50.3727805,p99,ms
16,35B-A3B,sglang_baseline,1,3,b200-repeats-20260922/rep3-block16/35B-A3B/sglang_baseline/sglang_baseline/c1,time_to_first_token,49.81926002000004,p99,ms
16,35B-A3B,sglang_baseline,2,1,b200-latest-20260922/35B-A3B/sglang_baseline/sglang_baseline/c2,inter_chunk_latency,6.641935730000002,p99,ms
16,35B-A3B,sglang_baseline,2,2,b200-repeats-20260922/rep2-block16/35B-A3B/sglang_baseline/sglang_baseline/c2,inter_chunk_latency,9.331150300000042,p99,ms
16,35B-A3B,sglang_baseline,2,3,b200-repeats-20260922/rep3-block16/35B-A3B/sglang_baseline/sglang_baseline/c2,inter_chunk_latency,8.264317420000207,p99,ms
16,35B-A3B,sglang_baseline,2,1,b200-latest-20260922/35B-A3B/sglang_baseline/sglang_baseline/c2,inter_token_latency,3.475837258039216,p90,ms
16,35B-A3B,sglang_baseline,2,2,b200-repeats-20260922/rep2-block16/35B-A3B/sglang_baseline/sglang_baseline/c2,inter_token_latency,3.45585186627451,p90,ms
16,35B-A3B,sglang_baseline,2,3,b200-repeats-20260922/rep3-block16/35B-A3B/sglang_baseline/sglang_baseline/c2,inter_token_latency,3.328285600392157,p90,ms
16,35B-A3B,sglang_baseline,2,1,b200-latest-20260922/35B-A3B/sglang_baseline/sglang_baseline/c2,inter_token_latency,3.4791392495686275,p99,ms
16,35B-A3B,sglang_baseline,2,2,b200-repeats-20260922/rep2-block16/35B-A3B/sglang_baseline/sglang_baseline/c2,inter_token_latency,3.5210432651372545,p99,ms
16,35B-A3B,sglang_baseline,2,3,b200-repeats-20260922/rep3-block16/35B-A3B/sglang_baseline/sglang_baseline/c2,inter_token_latency,3.356314202588235,p99,ms
16,35B-A3B,sglang_baseline,2,1,b200-latest-20260922/35B-A3B/sglang_baseline/sglang_baseline/c2,interactivity,287.4274147331091,derived,tokens/s/user
16,35B-A3B,sglang_baseline,2,2,b200-repeats-20260922/rep2-block16/35B-A3B/sglang_baseline/sglang_baseline/c2,interactivity,284.0067345667844,derived,tokens/s/user
16,35B-A3B,sglang_baseline,2,3,b200-repeats-20260922/rep3-block16/35B-A3B/sglang_baseline/sglang_baseline/c2,interactivity,297.9458833826839,derived,tokens/s/user
16,35B-A3B,sglang_baseline,2,1,b200-latest-20260922/35B-A3B/sglang_baseline/sglang_baseline/c2,interactivity,287.70046632278707,derived_p90,tokens/s/user
16,35B-A3B,sglang_baseline,2,2,b200-repeats-20260922/rep2-block16/35B-A3B/sglang_baseline/sglang_baseline/c2,interactivity,289.3642548047129,derived_p90,tokens/s/user
16,35B-A3B,sglang_baseline,2,3,b200-repeats-20260922/rep3-block16/35B-A3B/sglang_baseline/sglang_baseline/c2,interactivity,300.45498495747313,derived_p90,tokens/s/user
16,35B-A3B,sglang_baseline,2,1,b200-latest-20260922/35B-A3B/sglang_baseline/sglang_baseline/c2,output_token_throughput,547.3897670207713,avg,tokens/s
16,35B-A3B,sglang_baseline,2,2,b200-repeats-20260922/rep2-block16/35B-A3B/sglang_baseline/sglang_baseline/c2,output_token_throughput,545.4904073130947,avg,tokens/s
16,35B-A3B,sglang_baseline,2,3,b200-repeats-20260922/rep3-block16/35B-A3B/sglang_baseline/sglang_baseline/c2,output_token_throughput,563.7558164178863,avg,tokens/s
16,35B-A3B,sglang_baseline,2,1,b200-latest-20260922/35B-A3B/sglang_baseline/sglang_baseline/c2,time_to_first_token,58.45709961,p99,ms
16,35B-A3B,sglang_baseline,2,2,b200-repeats-20260922/rep2-block16/35B-A3B/sglang_baseline/sglang_baseline/c2,time_to_first_token,82.10079048,p99,ms
16,35B-A3B,sglang_baseline,2,3,b200-repeats-20260922/rep3-block16/35B-A3B/sglang_baseline/sglang_baseline/c2,time_to_first_token,70.87201551999999,p99,ms
16,35B-A3B,sglang_baseline,4,1,b200-latest-20260922/35B-A3B/sglang_baseline/sglang_baseline/c4,inter_chunk_latency,7.021317219999984,p99,ms
16,35B-A3B,sglang_baseline,4,2,b200-repeats-20260922/rep2-block16/35B-A3B/sglang_baseline/sglang_baseline/c4,inter_chunk_latency,7.207054269999968,p99,ms
16,35B-A3B,sglang_baseline,4,3,b200-repeats-20260922/rep3-block16/35B-A3B/sglang_baseline/sglang_baseline/c4,inter_chunk_latency,10.006547029999997,p99,ms
16,35B-A3B,sglang_baseline,4,1,b200-latest-20260922/35B-A3B/sglang_baseline/sglang_baseline/c4,inter_token_latency,3.842551129803921,p90,ms
16,35B-A3B,sglang_baseline,4,2,b200-repeats-20260922/rep2-block16/35B-A3B/sglang_baseline/sglang_baseline/c4,inter_token_latency,3.818140076862745,p90,ms
16,35B-A3B,sglang_baseline,4,3,b200-repeats-20260922/rep3-block16/35B-A3B/sglang_baseline/sglang_baseline/c4,inter_token_latency,3.689203980392157,p90,ms
16,35B-A3B,sglang_baseline,4,1,b200-latest-20260922/35B-A3B/sglang_baseline/sglang_baseline/c4,inter_token_latency,3.8510351069019606,p99,ms
16,35B-A3B,sglang_baseline,4,2,b200-repeats-20260922/rep2-block16/35B-A3B/sglang_baseline/sglang_baseline/c4,inter_token_latency,3.824394521019608,p99,ms
16,35B-A3B,sglang_baseline,4,3,b200-repeats-20260922/rep3-block16/35B-A3B/sglang_baseline/sglang_baseline/c4,inter_token_latency,3.695984512470588,p99,ms
16,35B-A3B,sglang_baseline,4,1,b200-latest-20260922/35B-A3B/sglang_baseline/sglang_baseline/c4,interactivity,259.67044502081137,derived,tokens/s/user
16,35B-A3B,sglang_baseline,4,2,b200-repeats-20260922/rep2-block16/35B-A3B/sglang_baseline/sglang_baseline/c4,interactivity,261.4792994038161,derived,tokens/s/user
16,35B-A3B,sglang_baseline,4,3,b200-repeats-20260922/rep3-block16/35B-A3B/sglang_baseline/sglang_baseline/c4,interactivity,270.5639043199205,derived,tokens/s/user
16,35B-A3B,sglang_baseline,4,1,b200-latest-20260922/35B-A3B/sglang_baseline/sglang_baseline/c4,interactivity,260.24377196798116,derived_p90,tokens/s/user
16,35B-A3B,sglang_baseline,4,2,b200-repeats-20260922/rep2-block16/35B-A3B/sglang_baseline/sglang_baseline/c4,interactivity,261.907625144458,derived_p90,tokens/s/user
16,35B-A3B,sglang_baseline,4,3,b200-repeats-20260922/rep3-block16/35B-A3B/sglang_baseline/sglang_baseline/c4,interactivity,271.06118428661716,derived_p90,tokens/s/user
16,35B-A3B,sglang_baseline,4,1,b200-latest-20260922/35B-A3B/sglang_baseline/sglang_baseline/c4,output_token_throughput,998.5517552887006,avg,tokens/s
16,35B-A3B,sglang_baseline,4,2,b200-repeats-20260922/rep2-block16/35B-A3B/sglang_baseline/sglang_baseline/c4,output_token_throughput,1003.2617694920256,avg,tokens/s
16,35B-A3B,sglang_baseline,4,3,b200-repeats-20260922/rep3-block16/35B-A3B/sglang_baseline/sglang_baseline/c4,output_token_throughput,1028.6915574952968,avg,tokens/s
16,35B-A3B,sglang_baseline,4,1,b200-latest-20260922/35B-A3B/sglang_baseline/sglang_baseline/c4,time_to_first_token,55.82453099,p99,ms
16,35B-A3B,sglang_baseline,4,2,b200-repeats-20260922/rep2-block16/35B-A3B/sglang_baseline/sglang_baseline/c4,time_to_first_token,62.52892364,p99,ms
16,35B-A3B,sglang_baseline,4,3,b200-repeats-20260922/rep3-block16/35B-A3B/sglang_baseline/sglang_baseline/c4,time_to_first_token,69.89241484,p99,ms
16,35B-A3B,sglang_baseline,8,1,b200-latest-20260922/35B-A3B/sglang_baseline/sglang_baseline/c8,inter_chunk_latency,8.557424690000001,p99,ms
16,35B-A3B,sglang_baseline,8,2,b200-repeats-20260922/rep2-block16/35B-A3B/sglang_baseline/sglang_baseline/c8,inter_chunk_latency,8.644310930000032,p99,ms
16,35B-A3B,sglang_baseline,8,3,b200-repeats-20260922/rep3-block16/35B-A3B/sglang_baseline/sglang_baseline/c8,inter_chunk_latency,10.67597873000004,p99,ms
16,35B-A3B,sglang_baseline,8,1,b200-latest-20260922/35B-A3B/sglang_baseline/sglang_baseline/c8,inter_token_latency,4.787843165882353,p90,ms
16,35B-A3B,sglang_baseline,8,2,b200-repeats-20260922/rep2-block16/35B-A3B/sglang_baseline/sglang_baseline/c8,inter_token_latency,4.759089405098038,p90,ms
16,35B-A3B,sglang_baseline,8,3,b200-repeats-20260922/rep3-block16/35B-A3B/sglang_baseline/sglang_baseline/c8,inter_token_latency,4.71878255372549,p90,ms
16,35B-A3B,sglang_baseline,8,1,b200-latest-20260922/35B-A3B/sglang_baseline/sglang_baseline/c8,inter_token_latency,4.796629260862745,p99,ms
16,35B-A3B,sglang_baseline,8,2,b200-repeats-20260922/rep2-block16/35B-A3B/sglang_baseline/sglang_baseline/c8,inter_token_latency,4.776534470823529,p99,ms
16,35B-A3B,sglang_baseline,8,3,b200-repeats-20260922/rep3-block16/35B-A3B/sglang_baseline/sglang_baseline/c8,inter_token_latency,4.732926422941176,p99,ms
16,35B-A3B,sglang_baseline,8,1,b200-latest-20260922/35B-A3B/sglang_baseline/sglang_baseline/c8,interactivity,208.4797355841788,derived,tokens/s/user
16,35B-A3B,sglang_baseline,8,2,b200-repeats-20260922/rep2-block16/35B-A3B/sglang_baseline/sglang_baseline/c8,interactivity,209.3568058826525,derived,tokens/s/user
16,35B-A3B,sglang_baseline,8,3,b200-repeats-20260922/rep3-block16/35B-A3B/sglang_baseline/sglang_baseline/c8,interactivity,211.2857692342006,derived,tokens/s/user
16,35B-A3B,sglang_baseline,8,1,b200-latest-20260922/35B-A3B/sglang_baseline/sglang_baseline/c8,interactivity,208.86231343705882,derived_p90,tokens/s/user
16,35B-A3B,sglang_baseline,8,2,b200-repeats-20260922/rep2-block16/35B-A3B/sglang_baseline/sglang_baseline/c8,interactivity,210.12423068345356,derived_p90,tokens/s/user
16,35B-A3B,sglang_baseline,8,3,b200-repeats-20260922/rep3-block16/35B-A3B/sglang_baseline/sglang_baseline/c8,interactivity,211.91906781347606,derived_p90,tokens/s/user
16,35B-A3B,sglang_baseline,8,1,b200-latest-20260922/35B-A3B/sglang_baseline/sglang_baseline/c8,output_token_throughput,1616.833832115906,avg,tokens/s
16,35B-A3B,sglang_baseline,8,2,b200-repeats-20260922/rep2-block16/35B-A3B/sglang_baseline/sglang_baseline/c8,output_token_throughput,1625.9883531847624,avg,tokens/s
16,35B-A3B,sglang_baseline,8,3,b200-repeats-20260922/rep3-block16/35B-A3B/sglang_baseline/sglang_baseline/c8,output_token_throughput,1626.3093168353255,avg,tokens/s
16,35B-A3B,sglang_baseline,8,1,b200-latest-20260922/35B-A3B/sglang_baseline/sglang_baseline/c8,time_to_first_token,60.82123002,p99,ms
16,35B-A3B,sglang_baseline,8,2,b200-repeats-20260922/rep2-block16/35B-A3B/sglang_baseline/sglang_baseline/c8,time_to_first_token,60.03016431,p99,ms
16,35B-A3B,sglang_baseline,8,3,b200-repeats-20260922/rep3-block16/35B-A3B/sglang_baseline/sglang_baseline/c8,time_to_first_token,75.37252645,p99,ms
16,35B-A3B,sglang_baseline,16,1,b200-latest-20260922/35B-A3B/sglang_baseline/sglang_baseline/c16,inter_chunk_latency,9.841461059999997,p99,ms
16,35B-A3B,sglang_baseline,16,2,b200-repeats-20260922/rep2-block16/35B-A3B/sglang_baseline/sglang_baseline/c16,inter_chunk_latency,9.746948979999994,p99,ms
16,35B-A3B,sglang_baseline,16,3,b200-repeats-20260922/rep3-block16/35B-A3B/sglang_baseline/sglang_baseline/c16,inter_chunk_latency,9.528428429999998,p99,ms
16,35B-A3B,sglang_baseline,16,1,b200-latest-20260922/35B-A3B/sglang_baseline/sglang_baseline/c16,inter_token_latency,5.713175670980392,p90,ms
16,35B-A3B,sglang_baseline,16,2,b200-repeats-20260922/rep2-block16/35B-A3B/sglang_baseline/sglang_baseline/c16,inter_token_latency,5.726631450980392,p90,ms
16,35B-A3B,sglang_baseline,16,3,b200-repeats-20260922/rep3-block16/35B-A3B/sglang_baseline/sglang_baseline/c16,inter_token_latency,5.6764469862745095,p90,ms
16,35B-A3B,sglang_baseline,16,1,b200-latest-20260922/35B-A3B/sglang_baseline/sglang_baseline/c16,inter_token_latency,5.719294087019607,p99,ms
16,35B-A3B,sglang_baseline,16,2,b200-repeats-20260922/rep2-block16/35B-A3B/sglang_baseline/sglang_baseline/c16,inter_token_latency,5.729958773490196,p99,ms
16,35B-A3B,sglang_baseline,16,3,b200-repeats-20260922/rep3-block16/35B-A3B/sglang_baseline/sglang_baseline/c16,inter_token_latency,5.682997663568627,p99,ms
16,35B-A3B,sglang_baseline,16,1,b200-latest-20260922/35B-A3B/sglang_baseline/sglang_baseline/c16,interactivity,174.84675290077837,derived,tokens/s/user
16,35B-A3B,sglang_baseline,16,2,b200-repeats-20260922/rep2-block16/35B-A3B/sglang_baseline/sglang_baseline/c16,interactivity,174.52132546337438,derived,tokens/s/user
16,35B-A3B,sglang_baseline,16,3,b200-repeats-20260922/rep3-block16/35B-A3B/sglang_baseline/sglang_baseline/c16,interactivity,175.96347195611057,derived,tokens/s/user
16,35B-A3B,sglang_baseline,16,1,b200-latest-20260922/35B-A3B/sglang_baseline/sglang_baseline/c16,interactivity,175.03400168130977,derived_p90,tokens/s/user
16,35B-A3B,sglang_baseline,16,2,b200-repeats-20260922/rep2-block16/35B-A3B/sglang_baseline/sglang_baseline/c16,interactivity,174.62272691370794,derived_p90,tokens/s/user
16,35B-A3B,sglang_baseline,16,3,b200-repeats-20260922/rep3-block16/35B-A3B/sglang_baseline/sglang_baseline/c16,interactivity,176.16653558431395,derived_p90,tokens/s/user
16,35B-A3B,sglang_baseline,16,1,b200-latest-20260922/35B-A3B/sglang_baseline/sglang_baseline/c16,output_token_throughput,2725.812771154623,avg,tokens/s
16,35B-A3B,sglang_baseline,16,2,b200-repeats-20260922/rep2-block16/35B-A3B/sglang_baseline/sglang_baseline/c16,output_token_throughput,2721.4046377867694,avg,tokens/s
16,35B-A3B,sglang_baseline,16,3,b200-repeats-20260922/rep3-block16/35B-A3B/sglang_baseline/sglang_baseline/c16,output_token_throughput,2737.424858386028,avg,tokens/s
16,35B-A3B,sglang_baseline,16,1,b200-latest-20260922/35B-A3B/sglang_baseline/sglang_baseline/c16,time_to_first_token,59.28956471,p99,ms
16,35B-A3B,sglang_baseline,16,2,b200-repeats-20260922/rep2-block16/35B-A3B/sglang_baseline/sglang_baseline/c16,time_to_first_token,65.44681981,p99,ms
16,35B-A3B,sglang_baseline,16,3,b200-repeats-20260922/rep3-block16/35B-A3B/sglang_baseline/sglang_baseline/c16,time_to_first_token,61.23820385,p99,ms
16,35B-A3B,sglang_baseline,32,1,b200-latest-20260922/35B-A3B/sglang_baseline/sglang_baseline/c32,inter_chunk_latency,12.018593680000064,p99,ms
16,35B-A3B,sglang_baseline,32,2,b200-repeats-20260922/rep2-block16/35B-A3B/sglang_baseline/sglang_baseline/c32,inter_chunk_latency,12.961312400000017,p99,ms
16,35B-A3B,sglang_baseline,32,3,b200-repeats-20260922/rep3-block16/35B-A3B/sglang_baseline/sglang_baseline/c32,inter_chunk_latency,12.11785179,p99,ms
16,35B-A3B,sglang_baseline,32,1,b200-latest-20260922/35B-A3B/sglang_baseline/sglang_baseline/c32,inter_token_latency,7.324981569019608,p90,ms
16,35B-A3B,sglang_baseline,32,2,b200-repeats-20260922/rep2-block16/35B-A3B/sglang_baseline/sglang_baseline/c32,inter_token_latency,7.333416058823529,p90,ms
16,35B-A3B,sglang_baseline,32,3,b200-repeats-20260922/rep3-block16/35B-A3B/sglang_baseline/sglang_baseline/c32,inter_token_latency,7.29531895490196,p90,ms
16,35B-A3B,sglang_baseline,32,1,b200-latest-20260922/35B-A3B/sglang_baseline/sglang_baseline/c32,inter_token_latency,7.399521548509803,p99,ms
16,35B-A3B,sglang_baseline,32,2,b200-repeats-20260922/rep2-block16/35B-A3B/sglang_baseline/sglang_baseline/c32,inter_token_latency,7.375598799960783,p99,ms
16,35B-A3B,sglang_baseline,32,3,b200-repeats-20260922/rep3-block16/35B-A3B/sglang_baseline/sglang_baseline/c32,inter_token_latency,7.340640028862746,p99,ms
16,35B-A3B,sglang_baseline,32,1,b200-latest-20260922/35B-A3B/sglang_baseline/sglang_baseline/c32,interactivity,135.1438729442434,derived,tokens/s/user
16,35B-A3B,sglang_baseline,32,2,b200-repeats-20260922/rep2-block16/35B-A3B/sglang_baseline/sglang_baseline/c32,interactivity,135.5822119832924,derived,tokens/s/user
16,35B-A3B,sglang_baseline,32,3,b200-repeats-20260922/rep3-block16/35B-A3B/sglang_baseline/sglang_baseline/c32,interactivity,136.2279032983621,derived,tokens/s/user
16,35B-A3B,sglang_baseline,32,1,b200-latest-20260922/35B-A3B/sglang_baseline/sglang_baseline/c32,interactivity,136.51911483701417,derived_p90,tokens/s/user
16,35B-A3B,sglang_baseline,32,2,b200-repeats-20260922/rep2-block16/35B-A3B/sglang_baseline/sglang_baseline/c32,interactivity,136.36209809708058,derived_p90,tokens/s/user
16,35B-A3B,sglang_baseline,32,3,b200-repeats-20260922/rep3-block16/35B-A3B/sglang_baseline/sglang_baseline/c32,interactivity,137.07419869943695,derived_p90,tokens/s/user
16,35B-A3B,sglang_baseline,32,1,b200-latest-20260922/35B-A3B/sglang_baseline/sglang_baseline/c32,output_token_throughput,4121.78800882248,avg,tokens/s
16,35B-A3B,sglang_baseline,32,2,b200-repeats-20260922/rep2-block16/35B-A3B/sglang_baseline/sglang_baseline/c32,output_token_throughput,4118.5772409158935,avg,tokens/s
16,35B-A3B,sglang_baseline,32,3,b200-repeats-20260922/rep3-block16/35B-A3B/sglang_baseline/sglang_baseline/c32,output_token_throughput,4140.914727041117,avg,tokens/s
16,35B-A3B,sglang_baseline,32,1,b200-latest-20260922/35B-A3B/sglang_baseline/sglang_baseline/c32,time_to_first_token,86.84516095,p99,ms
16,35B-A3B,sglang_baseline,32,2,b200-repeats-20260922/rep2-block16/35B-A3B/sglang_baseline/sglang_baseline/c32,time_to_first_token,91.13605713,p99,ms
16,35B-A3B,sglang_baseline,32,3,b200-repeats-20260922/rep3-block16/35B-A3B/sglang_baseline/sglang_baseline/c32,time_to_first_token,90.60017597,p99,ms
16,35B-A3B,sglang_dflash,1,1,b200-latest-20260922/35B-A3B/sglang_dflash/sglang_dflash/c1,acceptance_length,6.45050505050505,avg,tokens
16,35B-A3B,sglang_dflash,1,2,b200-repeats-20260922/rep2-block16/35B-A3B/sglang_dflash/sglang_dflash/c1,acceptance_length,6.396813725490195,avg,tokens
16,35B-A3B,sglang_dflash,1,3,b200-repeats-20260922/rep3-block16/35B-A3B/sglang_dflash/sglang_dflash/c1,acceptance_length,6.632000000000001,avg,tokens
16,35B-A3B,sglang_dflash,1,1,b200-latest-20260922/35B-A3B/sglang_dflash/sglang_dflash/c1,inter_chunk_latency,10.636426389999984,p99,ms
16,35B-A3B,sglang_dflash,1,2,b200-repeats-20260922/rep2-block16/35B-A3B/sglang_dflash/sglang_dflash/c1,inter_chunk_latency,11.75537117999996,p99,ms
16,35B-A3B,sglang_dflash,1,3,b200-repeats-20260922/rep3-block16/35B-A3B/sglang_dflash/sglang_dflash/c1,inter_chunk_latency,13.63371036,p99,ms
16,35B-A3B,sglang_dflash,1,1,b200-latest-20260922/35B-A3B/sglang_dflash/sglang_dflash/c1,inter_token_latency,1.4788325415686276,p90,ms
16,35B-A3B,sglang_dflash,1,2,b200-repeats-20260922/rep2-block16/35B-A3B/sglang_dflash/sglang_dflash/c1,inter_token_latency,1.5317515996078435,p90,ms
16,35B-A3B,sglang_dflash,1,3,b200-repeats-20260922/rep3-block16/35B-A3B/sglang_dflash/sglang_dflash/c1,inter_token_latency,1.4431190607843138,p90,ms
16,35B-A3B,sglang_dflash,1,1,b200-latest-20260922/35B-A3B/sglang_dflash/sglang_dflash/c1,inter_token_latency,1.818967526980394,p99,ms
16,35B-A3B,sglang_dflash,1,2,b200-repeats-20260922/rep2-block16/35B-A3B/sglang_dflash/sglang_dflash/c1,inter_token_latency,1.8864910355686284,p99,ms
16,35B-A3B,sglang_dflash,1,3,b200-repeats-20260922/rep3-block16/35B-A3B/sglang_dflash/sglang_dflash/c1,inter_token_latency,1.906196159058824,p99,ms
16,35B-A3B,sglang_dflash,1,1,b200-latest-20260922/35B-A3B/sglang_dflash/sglang_dflash/c1,interactivity,549.7624257537274,derived,tokens/s/user
16,35B-A3B,sglang_dflash,1,2,b200-repeats-20260922/rep2-block16/35B-A3B/sglang_dflash/sglang_dflash/c1,interactivity,530.084681636761,derived,tokens/s/user
16,35B-A3B,sglang_dflash,1,3,b200-repeats-20260922/rep3-block16/35B-A3B/sglang_dflash/sglang_dflash/c1,interactivity,524.6049811021263,derived,tokens/s/user
16,35B-A3B,sglang_dflash,1,1,b200-latest-20260922/35B-A3B/sglang_dflash/sglang_dflash/c1,interactivity,676.2090851336553,derived_p90,tokens/s/user
16,35B-A3B,sglang_dflash,1,2,b200-repeats-20260922/rep2-block16/35B-A3B/sglang_dflash/sglang_dflash/c1,interactivity,652.8473678473836,derived_p90,tokens/s/user
16,35B-A3B,sglang_dflash,1,3,b200-repeats-20260922/rep3-block16/35B-A3B/sglang_dflash/sglang_dflash/c1,interactivity,692.9435187811287,derived_p90,tokens/s/user
16,35B-A3B,sglang_dflash,1,1,b200-latest-20260922/35B-A3B/sglang_dflash/sglang_dflash/c1,output_token_throughput,802.3783619482311,avg,tokens/s
16,35B-A3B,sglang_dflash,1,2,b200-repeats-20260922/rep2-block16/35B-A3B/sglang_dflash/sglang_dflash/c1,output_token_throughput,779.1693568971215,avg,tokens/s
16,35B-A3B,sglang_dflash,1,3,b200-repeats-20260922/rep3-block16/35B-A3B/sglang_dflash/sglang_dflash/c1,output_token_throughput,791.8044581680208,avg,tokens/s
16,35B-A3B,sglang_dflash,1,1,b200-latest-20260922/35B-A3B/sglang_dflash/sglang_dflash/c1,time_to_first_token,37.295110940000015,p99,ms
16,35B-A3B,sglang_dflash,1,2,b200-repeats-20260922/rep2-block16/35B-A3B/sglang_dflash/sglang_dflash/c1,time_to_first_token,46.17505558000003,p99,ms
16,35B-A3B,sglang_dflash,1,3,b200-repeats-20260922/rep3-block16/35B-A3B/sglang_dflash/sglang_dflash/c1,time_to_first_token,59.50647273000004,p99,ms
16,35B-A3B,sglang_dflash,2,1,b200-latest-20260922/35B-A3B/sglang_dflash/sglang_dflash/c2,acceptance_length,6.797813431705282,avg,tokens
16,35B-A3B,sglang_dflash,2,2,b200-repeats-20260922/rep2-block16/35B-A3B/sglang_dflash/sglang_dflash/c2,acceptance_length,6.983029453106638,avg,tokens
16,35B-A3B,sglang_dflash,2,3,b200-repeats-20260922/rep3-block16/35B-A3B/sglang_dflash/sglang_dflash/c2,acceptance_length,6.618293387204409,avg,tokens
16,35B-A3B,sglang_dflash,2,1,b200-latest-20260922/35B-A3B/sglang_dflash/sglang_dflash/c2,inter_chunk_latency,29.274610719999995,p99,ms
16,35B-A3B,sglang_dflash,2,2,b200-repeats-20260922/rep2-block16/35B-A3B/sglang_dflash/sglang_dflash/c2,inter_chunk_latency,35.48435708,p99,ms
16,35B-A3B,sglang_dflash,2,3,b200-repeats-20260922/rep3-block16/35B-A3B/sglang_dflash/sglang_dflash/c2,inter_chunk_latency,29.89348122,p99,ms
16,35B-A3B,sglang_dflash,2,1,b200-latest-20260922/35B-A3B/sglang_dflash/sglang_dflash/c2,inter_token_latency,1.7129748607843138,p90,ms
16,35B-A3B,sglang_dflash,2,2,b200-repeats-20260922/rep2-block16/35B-A3B/sglang_dflash/sglang_dflash/c2,inter_token_latency,1.7819097776470587,p90,ms
16,35B-A3B,sglang_dflash,2,3,b200-repeats-20260922/rep3-block16/35B-A3B/sglang_dflash/sglang_dflash/c2,inter_token_latency,1.8443705364705885,p90,ms
16,35B-A3B,sglang_dflash,2,1,b200-latest-20260922/35B-A3B/sglang_dflash/sglang_dflash/c2,inter_token_latency,1.939393421372549,p99,ms
16,35B-A3B,sglang_dflash,2,2,b200-repeats-20260922/rep2-block16/35B-A3B/sglang_dflash/sglang_dflash/c2,inter_token_latency,2.1634485434117647,p99,ms
16,35B-A3B,sglang_dflash,2,3,b200-repeats-20260922/rep3-block16/35B-A3B/sglang_dflash/sglang_dflash/c2,inter_token_latency,2.2617836452156856,p99,ms
16,35B-A3B,sglang_dflash,2,1,b200-latest-20260922/35B-A3B/sglang_dflash/sglang_dflash/c2,interactivity,515.6251377259387,derived,tokens/s/user
16,35B-A3B,sglang_dflash,2,2,b200-repeats-20260922/rep2-block16/35B-A3B/sglang_dflash/sglang_dflash/c2,interactivity,462.2249986232615,derived,tokens/s/user
16,35B-A3B,sglang_dflash,2,3,b200-repeats-20260922/rep3-block16/35B-A3B/sglang_dflash/sglang_dflash/c2,interactivity,442.12893753798414,derived,tokens/s/user
16,35B-A3B,sglang_dflash,2,1,b200-latest-20260922/35B-A3B/sglang_dflash/sglang_dflash/c2,interactivity,583.7797289927147,derived_p90,tokens/s/user
16,35B-A3B,sglang_dflash,2,2,b200-repeats-20260922/rep2-block16/35B-A3B/sglang_dflash/sglang_dflash/c2,interactivity,561.1956410725016,derived_p90,tokens/s/user
16,35B-A3B,sglang_dflash,2,3,b200-repeats-20260922/rep3-block16/35B-A3B/sglang_dflash/sglang_dflash/c2,interactivity,542.1904005870822,derived_p90,tokens/s/user
16,35B-A3B,sglang_dflash,2,1,b200-latest-20260922/35B-A3B/sglang_dflash/sglang_dflash/c2,output_token_throughput,1279.9005616455893,avg,tokens/s
16,35B-A3B,sglang_dflash,2,2,b200-repeats-20260922/rep2-block16/35B-A3B/sglang_dflash/sglang_dflash/c2,output_token_throughput,862.9850059672311,avg,tokens/s
16,35B-A3B,sglang_dflash,2,3,b200-repeats-20260922/rep3-block16/35B-A3B/sglang_dflash/sglang_dflash/c2,output_token_throughput,1218.7940698350023,avg,tokens/s
16,35B-A3B,sglang_dflash,2,1,b200-latest-20260922/35B-A3B/sglang_dflash/sglang_dflash/c2,time_to_first_token,67.58842786,p99,ms
16,35B-A3B,sglang_dflash,2,2,b200-repeats-20260922/rep2-block16/35B-A3B/sglang_dflash/sglang_dflash/c2,time_to_first_token,3578.66602726,p99,ms
16,35B-A3B,sglang_dflash,2,3,b200-repeats-20260922/rep3-block16/35B-A3B/sglang_dflash/sglang_dflash/c2,time_to_first_token,72.43161947,p99,ms
16,35B-A3B,sglang_dflash,4,1,b200-latest-20260922/35B-A3B/sglang_dflash/sglang_dflash/c4,acceptance_length,6.341453980128393,avg,tokens
16,35B-A3B,sglang_dflash,4,2,b200-repeats-20260922/rep2-block16/35B-A3B/sglang_dflash/sglang_dflash/c4,acceptance_length,6.545599891726141,avg,tokens
16,35B-A3B,sglang_dflash,4,3,b200-repeats-20260922/rep3-block16/35B-A3B/sglang_dflash/sglang_dflash/c4,acceptance_length,6.446999250703368,avg,tokens
16,35B-A3B,sglang_dflash,4,1,b200-latest-20260922/35B-A3B/sglang_dflash/sglang_dflash/c4,inter_chunk_latency,32.6836395,p99,ms
16,35B-A3B,sglang_dflash,4,2,b200-repeats-20260922/rep2-block16/35B-A3B/sglang_dflash/sglang_dflash/c4,inter_chunk_latency,38.22240658,p99,ms
16,35B-A3B,sglang_dflash,4,3,b200-repeats-20260922/rep3-block16/35B-A3B/sglang_dflash/sglang_dflash/c4,inter_chunk_latency,32.5894148,p99,ms
16,35B-A3B,sglang_dflash,4,1,b200-latest-20260922/35B-A3B/sglang_dflash/sglang_dflash/c4,inter_token_latency,2.3029221639215685,p90,ms
16,35B-A3B,sglang_dflash,4,2,b200-repeats-20260922/rep2-block16/35B-A3B/sglang_dflash/sglang_dflash/c4,inter_token_latency,2.411523891764706,p90,ms
16,35B-A3B,sglang_dflash,4,3,b200-repeats-20260922/rep3-block16/35B-A3B/sglang_dflash/sglang_dflash/c4,inter_token_latency,2.4303794588235292,p90,ms
16,35B-A3B,sglang_dflash,4,1,b200-latest-20260922/35B-A3B/sglang_dflash/sglang_dflash/c4,inter_token_latency,3.0243529052941143,p99,ms
16,35B-A3B,sglang_dflash,4,2,b200-repeats-20260922/rep2-block16/35B-A3B/sglang_dflash/sglang_dflash/c4,inter_token_latency,2.927514911215685,p99,ms
16,35B-A3B,sglang_dflash,4,3,b200-repeats-20260922/rep3-block16/35B-A3B/sglang_dflash/sglang_dflash/c4,inter_token_latency,3.087513095999997,p99,ms
16,35B-A3B,sglang_dflash,4,1,b200-latest-20260922/35B-A3B/sglang_dflash/sglang_dflash/c4,interactivity,330.6492434297284,derived,tokens/s/user
16,35B-A3B,sglang_dflash,4,2,b200-repeats-20260922/rep2-block16/35B-A3B/sglang_dflash/sglang_dflash/c4,interactivity,341.5866461239434,derived,tokens/s/user
16,35B-A3B,sglang_dflash,4,3,b200-repeats-20260922/rep3-block16/35B-A3B/sglang_dflash/sglang_dflash/c4,interactivity,323.8852658780758,derived,tokens/s/user
16,35B-A3B,sglang_dflash,4,1,b200-latest-20260922/35B-A3B/sglang_dflash/sglang_dflash/c4,interactivity,434.23091568893227,derived_p90,tokens/s/user
16,35B-A3B,sglang_dflash,4,2,b200-repeats-20260922/rep2-block16/35B-A3B/sglang_dflash/sglang_dflash/c4,interactivity,414.6755515941497,derived_p90,tokens/s/user
16,35B-A3B,sglang_dflash,4,3,b200-repeats-20260922/rep3-block16/35B-A3B/sglang_dflash/sglang_dflash/c4,interactivity,411.4583820931686,derived_p90,tokens/s/user
16,35B-A3B,sglang_dflash,4,1,b200-latest-20260922/35B-A3B/sglang_dflash/sglang_dflash/c4,output_token_throughput,1913.4600547798552,avg,tokens/s
16,35B-A3B,sglang_dflash,4,2,b200-repeats-20260922/rep2-block16/35B-A3B/sglang_dflash/sglang_dflash/c4,output_token_throughput,1898.4480518107089,avg,tokens/s
16,35B-A3B,sglang_dflash,4,3,b200-repeats-20260922/rep3-block16/35B-A3B/sglang_dflash/sglang_dflash/c4,output_token_throughput,1951.836796202566,avg,tokens/s
16,35B-A3B,sglang_dflash,4,1,b200-latest-20260922/35B-A3B/sglang_dflash/sglang_dflash/c4,time_to_first_token,64.80909041,p99,ms
16,35B-A3B,sglang_dflash,4,2,b200-repeats-20260922/rep2-block16/35B-A3B/sglang_dflash/sglang_dflash/c4,time_to_first_token,85.21924476,p99,ms
16,35B-A3B,sglang_dflash,4,3,b200-repeats-20260922/rep3-block16/35B-A3B/sglang_dflash/sglang_dflash/c4,time_to_first_token,65.7728719,p99,ms
16,35B-A3B,sglang_dflash,8,1,b200-latest-20260922/35B-A3B/sglang_dflash/sglang_dflash/c8,acceptance_length,6.272406768865434,avg,tokens
16,35B-A3B,sglang_dflash,8,2,b200-repeats-20260922/rep2-block16/35B-A3B/sglang_dflash/sglang_dflash/c8,acceptance_length,6.587257792451738,avg,tokens
16,35B-A3B,sglang_dflash,8,3,b200-repeats-20260922/rep3-block16/35B-A3B/sglang_dflash/sglang_dflash/c8,acceptance_length,6.591291043375955,avg,tokens
16,35B-A3B,sglang_dflash,8,1,b200-latest-20260922/35B-A3B/sglang_dflash/sglang_dflash/c8,inter_chunk_latency,38.54727062,p99,ms
16,35B-A3B,sglang_dflash,8,2,b200-repeats-20260922/rep2-block16/35B-A3B/sglang_dflash/sglang_dflash/c8,inter_chunk_latency,43.57540855999992,p99,ms
16,35B-A3B,sglang_dflash,8,3,b200-repeats-20260922/rep3-block16/35B-A3B/sglang_dflash/sglang_dflash/c8,inter_chunk_latency,38.66749679999999,p99,ms
16,35B-A3B,sglang_dflash,8,1,b200-latest-20260922/35B-A3B/sglang_dflash/sglang_dflash/c8,inter_token_latency,3.5049704827450974,p90,ms
16,35B-A3B,sglang_dflash,8,2,b200-repeats-20260922/rep2-block16/35B-A3B/sglang_dflash/sglang_dflash/c8,inter_token_latency,3.494694658823529,p90,ms
16,35B-A3B,sglang_dflash,8,3,b200-repeats-20260922/rep3-block16/35B-A3B/sglang_dflash/sglang_dflash/c8,inter_token_latency,3.2140181466666666,p90,ms
16,35B-A3B,sglang_dflash,8,1,b200-latest-20260922/35B-A3B/sglang_dflash/sglang_dflash/c8,inter_token_latency,4.697599261333332,p99,ms
16,35B-A3B,sglang_dflash,8,2,b200-repeats-20260922/rep2-block16/35B-A3B/sglang_dflash/sglang_dflash/c8,inter_token_latency,4.02778679580392,p99,ms
16,35B-A3B,sglang_dflash,8,3,b200-repeats-20260922/rep3-block16/35B-A3B/sglang_dflash/sglang_dflash/c8,inter_token_latency,4.09874161854902,p99,ms
16,35B-A3B,sglang_dflash,8,1,b200-latest-20260922/35B-A3B/sglang_dflash/sglang_dflash/c8,interactivity,212.8746928736887,derived,tokens/s/user
16,35B-A3B,sglang_dflash,8,2,b200-repeats-20260922/rep2-block16/35B-A3B/sglang_dflash/sglang_dflash/c8,interactivity,248.2753061909292,derived,tokens/s/user
16,35B-A3B,sglang_dflash,8,3,b200-repeats-20260922/rep3-block16/35B-A3B/sglang_dflash/sglang_dflash/c8,interactivity,243.97732110618048,derived,tokens/s/user
16,35B-A3B,sglang_dflash,8,1,b200-latest-20260922/35B-A3B/sglang_dflash/sglang_dflash/c8,interactivity,285.30910742985736,derived_p90,tokens/s/user
16,35B-A3B,sglang_dflash,8,2,b200-repeats-20260922/rep2-block16/35B-A3B/sglang_dflash/sglang_dflash/c8,interactivity,286.1480322680451,derived_p90,tokens/s/user
16,35B-A3B,sglang_dflash,8,3,b200-repeats-20260922/rep3-block16/35B-A3B/sglang_dflash/sglang_dflash/c8,interactivity,311.1370111699971,derived_p90,tokens/s/user
16,35B-A3B,sglang_dflash,8,1,b200-latest-20260922/35B-A3B/sglang_dflash/sglang_dflash/c8,output_token_throughput,2804.2225082933105,avg,tokens/s
16,35B-A3B,sglang_dflash,8,2,b200-repeats-20260922/rep2-block16/35B-A3B/sglang_dflash/sglang_dflash/c8,output_token_throughput,2775.613535024584,avg,tokens/s
16,35B-A3B,sglang_dflash,8,3,b200-repeats-20260922/rep3-block16/35B-A3B/sglang_dflash/sglang_dflash/c8,output_token_throughput,2890.377010406881,avg,tokens/s
16,35B-A3B,sglang_dflash,8,1,b200-latest-20260922/35B-A3B/sglang_dflash/sglang_dflash/c8,time_to_first_token,70.99402483,p99,ms
16,35B-A3B,sglang_dflash,8,2,b200-repeats-20260922/rep2-block16/35B-A3B/sglang_dflash/sglang_dflash/c8,time_to_first_token,89.31260266999996,p99,ms
16,35B-A3B,sglang_dflash,8,3,b200-repeats-20260922/rep3-block16/35B-A3B/sglang_dflash/sglang_dflash/c8,time_to_first_token,79.02574006999998,p99,ms
16,35B-A3B,sglang_dflash,16,1,b200-latest-20260922/35B-A3B/sglang_dflash/sglang_dflash/c16,acceptance_length,6.665316138733973,avg,tokens
16,35B-A3B,sglang_dflash,16,2,b200-repeats-20260922/rep2-block16/35B-A3B/sglang_dflash/sglang_dflash/c16,acceptance_length,6.63589128455306,avg,tokens
16,35B-A3B,sglang_dflash,16,3,b200-repeats-20260922/rep3-block16/35B-A3B/sglang_dflash/sglang_dflash/c16,acceptance_length,6.614257101605404,avg,tokens
16,35B-A3B,sglang_dflash,16,1,b200-latest-20260922/35B-A3B/sglang_dflash/sglang_dflash/c16,inter_chunk_latency,66.74653796999998,p99,ms
16,35B-A3B,sglang_dflash,16,2,b200-repeats-20260922/rep2-block16/35B-A3B/sglang_dflash/sglang_dflash/c16,inter_chunk_latency,78.28777784,p99,ms
16,35B-A3B,sglang_dflash,16,3,b200-repeats-20260922/rep3-block16/35B-A3B/sglang_dflash/sglang_dflash/c16,inter_chunk_latency,67.52687243,p99,ms
16,35B-A3B,sglang_dflash,16,1,b200-latest-20260922/35B-A3B/sglang_dflash/sglang_dflash/c16,inter_token_latency,4.865472029803922,p90,ms
16,35B-A3B,sglang_dflash,16,2,b200-repeats-20260922/rep2-block16/35B-A3B/sglang_dflash/sglang_dflash/c16,inter_token_latency,5.568110509411764,p90,ms
16,35B-A3B,sglang_dflash,16,3,b200-repeats-20260922/rep3-block16/35B-A3B/sglang_dflash/sglang_dflash/c16,inter_token_latency,4.9284562909803915,p90,ms
16,35B-A3B,sglang_dflash,16,1,b200-latest-20260922/35B-A3B/sglang_dflash/sglang_dflash/c16,inter_token_latency,6.365869632196078,p99,ms
16,35B-A3B,sglang_dflash,16,2,b200-repeats-20260922/rep2-block16/35B-A3B/sglang_dflash/sglang_dflash/c16,inter_token_latency,6.691301192392157,p99,ms
16,35B-A3B,sglang_dflash,16,3,b200-repeats-20260922/rep3-block16/35B-A3B/sglang_dflash/sglang_dflash/c16,inter_token_latency,6.322925089411764,p99,ms
16,35B-A3B,sglang_dflash,16,1,b200-latest-20260922/35B-A3B/sglang_dflash/sglang_dflash/c16,interactivity,157.0877284294971,derived,tokens/s/user
16,35B-A3B,sglang_dflash,16,2,b200-repeats-20260922/rep2-block16/35B-A3B/sglang_dflash/sglang_dflash/c16,interactivity,149.44776378277146,derived,tokens/s/user
16,35B-A3B,sglang_dflash,16,3,b200-repeats-20260922/rep3-block16/35B-A3B/sglang_dflash/sglang_dflash/c16,interactivity,158.15464928954776,derived,tokens/s/user
16,35B-A3B,sglang_dflash,16,1,b200-latest-20260922/35B-A3B/sglang_dflash/sglang_dflash/c16,interactivity,205.52990416436532,derived_p90,tokens/s/user
16,35B-A3B,sglang_dflash,16,2,b200-repeats-20260922/rep2-block16/35B-A3B/sglang_dflash/sglang_dflash/c16,interactivity,179.5941367021546,derived_p90,tokens/s/user
16,35B-A3B,sglang_dflash,16,3,b200-repeats-20260922/rep3-block16/35B-A3B/sglang_dflash/sglang_dflash/c16,interactivity,202.90329079921196,derived_p90,tokens/s/user
16,35B-A3B,sglang_dflash,16,1,b200-latest-20260922/35B-A3B/sglang_dflash/sglang_dflash/c16,output_token_throughput,4081.413020718351,avg,tokens/s
16,35B-A3B,sglang_dflash,16,2,b200-repeats-20260922/rep2-block16/35B-A3B/sglang_dflash/sglang_dflash/c16,output_token_throughput,3733.6274913980337,avg,tokens/s
16,35B-A3B,sglang_dflash,16,3,b200-repeats-20260922/rep3-block16/35B-A3B/sglang_dflash/sglang_dflash/c16,output_token_throughput,3958.426164562629,avg,tokens/s
16,35B-A3B,sglang_dflash,16,1,b200-latest-20260922/35B-A3B/sglang_dflash/sglang_dflash/c16,time_to_first_token,89.87640490999999,p99,ms
16,35B-A3B,sglang_dflash,16,2,b200-repeats-20260922/rep2-block16/35B-A3B/sglang_dflash/sglang_dflash/c16,time_to_first_token,109.92585388,p99,ms
16,35B-A3B,sglang_dflash,16,3,b200-repeats-20260922/rep3-block16/35B-A3B/sglang_dflash/sglang_dflash/c16,time_to_first_token,88.02798868999999,p99,ms
16,35B-A3B,sglang_dflash,32,1,b200-latest-20260922/35B-A3B/sglang_dflash/sglang_dflash/c32,acceptance_length,6.5860335126685845,avg,tokens
16,35B-A3B,sglang_dflash,32,2,b200-repeats-20260922/rep2-block16/35B-A3B/sglang_dflash/sglang_dflash/c32,acceptance_length,6.623143745329832,avg,tokens
16,35B-A3B,sglang_dflash,32,3,b200-repeats-20260922/rep3-block16/35B-A3B/sglang_dflash/sglang_dflash/c32,acceptance_length,6.58259721781979,avg,tokens
16,35B-A3B,sglang_dflash,32,1,b200-latest-20260922/35B-A3B/sglang_dflash/sglang_dflash/c32,inter_chunk_latency,42.84092727999999,p99,ms
16,35B-A3B,sglang_dflash,32,2,b200-repeats-20260922/rep2-block16/35B-A3B/sglang_dflash/sglang_dflash/c32,inter_chunk_latency,44.97638247,p99,ms
16,35B-A3B,sglang_dflash,32,3,b200-repeats-20260922/rep3-block16/35B-A3B/sglang_dflash/sglang_dflash/c32,inter_chunk_latency,47.7840742,p99,ms
16,35B-A3B,sglang_dflash,32,1,b200-latest-20260922/35B-A3B/sglang_dflash/sglang_dflash/c32,inter_token_latency,5.609715670588236,p90,ms
16,35B-A3B,sglang_dflash,32,2,b200-repeats-20260922/rep2-block16/35B-A3B/sglang_dflash/sglang_dflash/c32,inter_token_latency,5.671028134901961,p90,ms
16,35B-A3B,sglang_dflash,32,3,b200-repeats-20260922/rep3-block16/35B-A3B/sglang_dflash/sglang_dflash/c32,inter_token_latency,5.642078823921568,p90,ms
16,35B-A3B,sglang_dflash,32,1,b200-latest-20260922/35B-A3B/sglang_dflash/sglang_dflash/c32,inter_token_latency,6.958792908470589,p99,ms
16,35B-A3B,sglang_dflash,32,2,b200-repeats-20260922/rep2-block16/35B-A3B/sglang_dflash/sglang_dflash/c32,inter_token_latency,7.284975643098039,p99,ms
16,35B-A3B,sglang_dflash,32,3,b200-repeats-20260922/rep3-block16/35B-A3B/sglang_dflash/sglang_dflash/c32,inter_token_latency,7.510418620705883,p99,ms
16,35B-A3B,sglang_dflash,32,1,b200-latest-20260922/35B-A3B/sglang_dflash/sglang_dflash/c32,interactivity,143.70308373205793,derived,tokens/s/user
16,35B-A3B,sglang_dflash,32,2,b200-repeats-20260922/rep2-block16/35B-A3B/sglang_dflash/sglang_dflash/c32,interactivity,137.26881859205994,derived,tokens/s/user
16,35B-A3B,sglang_dflash,32,3,b200-repeats-20260922/rep3-block16/35B-A3B/sglang_dflash/sglang_dflash/c32,interactivity,133.14837035089434,derived,tokens/s/user
16,35B-A3B,sglang_dflash,32,1,b200-latest-20260922/35B-A3B/sglang_dflash/sglang_dflash/c32,interactivity,178.26215421986615,derived_p90,tokens/s/user
16,35B-A3B,sglang_dflash,32,2,b200-repeats-20260922/rep2-block16/35B-A3B/sglang_dflash/sglang_dflash/c32,interactivity,176.33486842457495,derived_p90,tokens/s/user
16,35B-A3B,sglang_dflash,32,3,b200-repeats-20260922/rep3-block16/35B-A3B/sglang_dflash/sglang_dflash/c32,interactivity,177.23963652548596,derived_p90,tokens/s/user
16,35B-A3B,sglang_dflash,32,1,b200-latest-20260922/35B-A3B/sglang_dflash/sglang_dflash/c32,output_token_throughput,6710.994620902246,avg,tokens/s
16,35B-A3B,sglang_dflash,32,2,b200-repeats-20260922/rep2-block16/35B-A3B/sglang_dflash/sglang_dflash/c32,output_token_throughput,6671.661955194428,avg,tokens/s
16,35B-A3B,sglang_dflash,32,3,b200-repeats-20260922/rep3-block16/35B-A3B/sglang_dflash/sglang_dflash/c32,output_token_throughput,6637.985730573092,avg,tokens/s
16,35B-A3B,sglang_dflash,32,1,b200-latest-20260922/35B-A3B/sglang_dflash/sglang_dflash/c32,time_to_first_token,285.10850919000006,p99,ms
16,35B-A3B,sglang_dflash,32,2,b200-repeats-20260922/rep2-block16/35B-A3B/sglang_dflash/sglang_dflash/c32,time_to_first_token,287.59951948,p99,ms
16,35B-A3B,sglang_dflash,32,3,b200-repeats-20260922/rep3-block16/35B-A3B/sglang_dflash/sglang_dflash/c32,time_to_first_token,307.89304553000005,p99,ms
16,35B-A3B,vllm_baseline,1,1,b200-latest-20260922/35B-A3B/vllm_baseline/vllm_baseline/c1,inter_chunk_latency,4.68596474,p99,ms
16,35B-A3B,vllm_baseline,1,2,b200-repeats-20260922/rep2-block16/35B-A3B/vllm_baseline/vllm_baseline/c1,inter_chunk_latency,4.958895839999999,p99,ms
16,35B-A3B,vllm_baseline,1,3,b200-repeats-20260922/rep3-block16/35B-A3B/vllm_baseline/vllm_baseline/c1,inter_chunk_latency,5.5695954999999735,p99,ms
16,35B-A3B,vllm_baseline,1,1,b200-latest-20260922/35B-A3B/vllm_baseline/vllm_baseline/c1,inter_token_latency,3.9923701956862745,p90,ms
16,35B-A3B,vllm_baseline,1,2,b200-repeats-20260922/rep2-block16/35B-A3B/vllm_baseline/vllm_baseline/c1,inter_token_latency,4.038386282352941,p90,ms
16,35B-A3B,vllm_baseline,1,3,b200-repeats-20260922/rep3-block16/35B-A3B/vllm_baseline/vllm_baseline/c1,inter_token_latency,4.043009990980392,p90,ms
16,35B-A3B,vllm_baseline,1,1,b200-latest-20260922/35B-A3B/vllm_baseline/vllm_baseline/c1,inter_token_latency,3.9951209000784313,p99,ms
16,35B-A3B,vllm_baseline,1,2,b200-repeats-20260922/rep2-block16/35B-A3B/vllm_baseline/vllm_baseline/c1,inter_token_latency,4.067569065019608,p99,ms
16,35B-A3B,vllm_baseline,1,3,b200-repeats-20260922/rep3-block16/35B-A3B/vllm_baseline/vllm_baseline/c1,inter_token_latency,4.112569937254902,p99,ms
16,35B-A3B,vllm_baseline,1,1,b200-latest-20260922/35B-A3B/vllm_baseline/vllm_baseline/c1,interactivity,250.30531616211368,derived,tokens/s/user
16,35B-A3B,vllm_baseline,1,2,b200-repeats-20260922/rep2-block16/35B-A3B/vllm_baseline/vllm_baseline/c1,interactivity,245.84708557251736,derived,tokens/s/user
16,35B-A3B,vllm_baseline,1,3,b200-repeats-20260922/rep3-block16/35B-A3B/vllm_baseline/vllm_baseline/c1,interactivity,243.15695909295337,derived,tokens/s/user
16,35B-A3B,vllm_baseline,1,1,b200-latest-20260922/35B-A3B/vllm_baseline/vllm_baseline/c1,interactivity,250.47777410033078,derived_p90,tokens/s/user
16,35B-A3B,vllm_baseline,1,2,b200-repeats-20260922/rep2-block16/35B-A3B/vllm_baseline/vllm_baseline/c1,interactivity,247.62366204784058,derived_p90,tokens/s/user
16,35B-A3B,vllm_baseline,1,3,b200-repeats-20260922/rep3-block16/35B-A3B/vllm_baseline/vllm_baseline/c1,interactivity,247.34047213113848,derived_p90,tokens/s/user
16,35B-A3B,vllm_baseline,1,1,b200-latest-20260922/35B-A3B/vllm_baseline/vllm_baseline/c1,output_token_throughput,242.9565069474167,avg,tokens/s
16,35B-A3B,vllm_baseline,1,2,b200-repeats-20260922/rep2-block16/35B-A3B/vllm_baseline/vllm_baseline/c1,output_token_throughput,239.76133565861625,avg,tokens/s
16,35B-A3B,vllm_baseline,1,3,b200-repeats-20260922/rep3-block16/35B-A3B/vllm_baseline/vllm_baseline/c1,output_token_throughput,238.6796479325328,avg,tokens/s
16,35B-A3B,vllm_baseline,1,1,b200-latest-20260922/35B-A3B/vllm_baseline/vllm_baseline/c1,time_to_first_token,46.43565634000002,p99,ms
16,35B-A3B,vllm_baseline,1,2,b200-repeats-20260922/rep2-block16/35B-A3B/vllm_baseline/vllm_baseline/c1,time_to_first_token,47.14546529000002,p99,ms
16,35B-A3B,vllm_baseline,1,3,b200-repeats-20260922/rep3-block16/35B-A3B/vllm_baseline/vllm_baseline/c1,time_to_first_token,58.02675218000014,p99,ms
16,35B-A3B,vllm_baseline,2,1,b200-latest-20260922/35B-A3B/vllm_baseline/vllm_baseline/c2,inter_chunk_latency,5.112351099999999,p99,ms
16,35B-A3B,vllm_baseline,2,2,b200-repeats-20260922/rep2-block16/35B-A3B/vllm_baseline/vllm_baseline/c2,inter_chunk_latency,5.2394020800000005,p99,ms
16,35B-A3B,vllm_baseline,2,3,b200-repeats-20260922/rep3-block16/35B-A3B/vllm_baseline/vllm_baseline/c2,inter_chunk_latency,5.557723980000014,p99,ms
16,35B-A3B,vllm_baseline,2,1,b200-latest-20260922/35B-A3B/vllm_baseline/vllm_baseline/c2,inter_token_latency,4.410622635686274,p90,ms
16,35B-A3B,vllm_baseline,2,2,b200-repeats-20260922/rep2-block16/35B-A3B/vllm_baseline/vllm_baseline/c2,inter_token_latency,4.449563271764705,p90,ms
16,35B-A3B,vllm_baseline,2,3,b200-repeats-20260922/rep3-block16/35B-A3B/vllm_baseline/vllm_baseline/c2,inter_token_latency,4.456229790588235,p90,ms
16,35B-A3B,vllm_baseline,2,1,b200-latest-20260922/35B-A3B/vllm_baseline/vllm_baseline/c2,inter_token_latency,4.412686173450981,p99,ms
16,35B-A3B,vllm_baseline,2,2,b200-repeats-20260922/rep2-block16/35B-A3B/vllm_baseline/vllm_baseline/c2,inter_token_latency,4.453296929882353,p99,ms
16,35B-A3B,vllm_baseline,2,3,b200-repeats-20260922/rep3-block16/35B-A3B/vllm_baseline/vllm_baseline/c2,inter_token_latency,4.481229399529412,p99,ms
16,35B-A3B,vllm_baseline,2,1,b200-latest-20260922/35B-A3B/vllm_baseline/vllm_baseline/c2,interactivity,226.6193335969644,derived,tokens/s/user
16,35B-A3B,vllm_baseline,2,2,b200-repeats-20260922/rep2-block16/35B-A3B/vllm_baseline/vllm_baseline/c2,interactivity,224.55273379366105,derived,tokens/s/user
16,35B-A3B,vllm_baseline,2,3,b200-repeats-20260922/rep3-block16/35B-A3B/vllm_baseline/vllm_baseline/c2,interactivity,223.15304815794812,derived,tokens/s/user
16,35B-A3B,vllm_baseline,2,1,b200-latest-20260922/35B-A3B/vllm_baseline/vllm_baseline/c2,interactivity,226.72535888901868,derived_p90,tokens/s/user
16,35B-A3B,vllm_baseline,2,2,b200-repeats-20260922/rep2-block16/35B-A3B/vllm_baseline/vllm_baseline/c2,interactivity,224.7411574851925,derived_p90,tokens/s/user
16,35B-A3B,vllm_baseline,2,3,b200-repeats-20260922/rep3-block16/35B-A3B/vllm_baseline/vllm_baseline/c2,interactivity,224.40494476116257,derived_p90,tokens/s/user
16,35B-A3B,vllm_baseline,2,1,b200-latest-20260922/35B-A3B/vllm_baseline/vllm_baseline/c2,output_token_throughput,431.5039457487308,avg,tokens/s
16,35B-A3B,vllm_baseline,2,2,b200-repeats-20260922/rep2-block16/35B-A3B/vllm_baseline/vllm_baseline/c2,output_token_throughput,428.5109491171425,avg,tokens/s
16,35B-A3B,vllm_baseline,2,3,b200-repeats-20260922/rep3-block16/35B-A3B/vllm_baseline/vllm_baseline/c2,output_token_throughput,426.60616086601743,avg,tokens/s
16,35B-A3B,vllm_baseline,2,1,b200-latest-20260922/35B-A3B/vllm_baseline/vllm_baseline/c2,time_to_first_token,76.85380063,p99,ms
16,35B-A3B,vllm_baseline,2,2,b200-repeats-20260922/rep2-block16/35B-A3B/vllm_baseline/vllm_baseline/c2,time_to_first_token,70.49997352999999,p99,ms
16,35B-A3B,vllm_baseline,2,3,b200-repeats-20260922/rep3-block16/35B-A3B/vllm_baseline/vllm_baseline/c2,time_to_first_token,91.4118068,p99,ms
16,35B-A3B,vllm_baseline,4,1,b200-latest-20260922/35B-A3B/vllm_baseline/vllm_baseline/c4,inter_chunk_latency,5.547229959999995,p99,ms
16,35B-A3B,vllm_baseline,4,2,b200-repeats-20260922/rep2-block16/35B-A3B/vllm_baseline/vllm_baseline/c4,inter_chunk_latency,5.586559599999993,p99,ms
16,35B-A3B,vllm_baseline,4,3,b200-repeats-20260922/rep3-block16/35B-A3B/vllm_baseline/vllm_baseline/c4,inter_chunk_latency,5.969927280000001,p99,ms
16,35B-A3B,vllm_baseline,4,1,b200-latest-20260922/35B-A3B/vllm_baseline/vllm_baseline/c4,inter_token_latency,4.7318188854901955,p90,ms
16,35B-A3B,vllm_baseline,4,2,b200-repeats-20260922/rep2-block16/35B-A3B/vllm_baseline/vllm_baseline/c4,inter_token_latency,4.76073326627451,p90,ms
16,35B-A3B,vllm_baseline,4,3,b200-repeats-20260922/rep3-block16/35B-A3B/vllm_baseline/vllm_baseline/c4,inter_token_latency,4.75645136745098,p90,ms
16,35B-A3B,vllm_baseline,4,1,b200-latest-20260922/35B-A3B/vllm_baseline/vllm_baseline/c4,inter_token_latency,4.751409601372549,p99,ms
16,35B-A3B,vllm_baseline,4,2,b200-repeats-20260922/rep2-block16/35B-A3B/vllm_baseline/vllm_baseline/c4,inter_token_latency,4.771291976392156,p99,ms
16,35B-A3B,vllm_baseline,4,3,b200-repeats-20260922/rep3-block16/35B-A3B/vllm_baseline/vllm_baseline/c4,inter_token_latency,4.859350371764705,p99,ms
16,35B-A3B,vllm_baseline,4,1,b200-latest-20260922/35B-A3B/vllm_baseline/vllm_baseline/c4,interactivity,210.46385891696812,derived,tokens/s/user
16,35B-A3B,vllm_baseline,4,2,b200-repeats-20260922/rep2-block16/35B-A3B/vllm_baseline/vllm_baseline/c4,interactivity,209.5868383129545,derived,tokens/s/user
16,35B-A3B,vllm_baseline,4,3,b200-repeats-20260922/rep3-block16/35B-A3B/vllm_baseline/vllm_baseline/c4,interactivity,205.78882432732328,derived,tokens/s/user
16,35B-A3B,vllm_baseline,4,1,b200-latest-20260922/35B-A3B/vllm_baseline/vllm_baseline/c4,interactivity,211.33522313511043,derived_p90,tokens/s/user
16,35B-A3B,vllm_baseline,4,2,b200-repeats-20260922/rep2-block16/35B-A3B/vllm_baseline/vllm_baseline/c4,interactivity,210.0516756702367,derived_p90,tokens/s/user
16,35B-A3B,vllm_baseline,4,3,b200-repeats-20260922/rep3-block16/35B-A3B/vllm_baseline/vllm_baseline/c4,interactivity,210.2407704287972,derived_p90,tokens/s/user
16,35B-A3B,vllm_baseline,4,1,b200-latest-20260922/35B-A3B/vllm_baseline/vllm_baseline/c4,output_token_throughput,807.9353291992181,avg,tokens/s
16,35B-A3B,vllm_baseline,4,2,b200-repeats-20260922/rep2-block16/35B-A3B/vllm_baseline/vllm_baseline/c4,output_token_throughput,806.0171514658157,avg,tokens/s
16,35B-A3B,vllm_baseline,4,3,b200-repeats-20260922/rep3-block16/35B-A3B/vllm_baseline/vllm_baseline/c4,output_token_throughput,804.7007090456135,avg,tokens/s
16,35B-A3B,vllm_baseline,4,1,b200-latest-20260922/35B-A3B/vllm_baseline/vllm_baseline/c4,time_to_first_token,88.05004446999997,p99,ms
16,35B-A3B,vllm_baseline,4,2,b200-repeats-20260922/rep2-block16/35B-A3B/vllm_baseline/vllm_baseline/c4,time_to_first_token,69.2025794,p99,ms
16,35B-A3B,vllm_baseline,4,3,b200-repeats-20260922/rep3-block16/35B-A3B/vllm_baseline/vllm_baseline/c4,time_to_first_token,71.78821239,p99,ms
16,35B-A3B,vllm_baseline,8,1,b200-latest-20260922/35B-A3B/vllm_baseline/vllm_baseline/c8,inter_chunk_latency,6.239652419999996,p99,ms
16,35B-A3B,vllm_baseline,8,2,b200-repeats-20260922/rep2-block16/35B-A3B/vllm_baseline/vllm_baseline/c8,inter_chunk_latency,6.391219599999989,p99,ms
16,35B-A3B,vllm_baseline,8,3,b200-repeats-20260922/rep3-block16/35B-A3B/vllm_baseline/vllm_baseline/c8,inter_chunk_latency,6.5021003399999975,p99,ms
16,35B-A3B,vllm_baseline,8,1,b200-latest-20260922/35B-A3B/vllm_baseline/vllm_baseline/c8,inter_token_latency,5.3705603847058825,p90,ms
16,35B-A3B,vllm_baseline,8,2,b200-repeats-20260922/rep2-block16/35B-A3B/vllm_baseline/vllm_baseline/c8,inter_token_latency,5.379291595686274,p90,ms
16,35B-A3B,vllm_baseline,8,3,b200-repeats-20260922/rep3-block16/35B-A3B/vllm_baseline/vllm_baseline/c8,inter_token_latency,5.396928165098038,p90,ms
16,35B-A3B,vllm_baseline,8,1,b200-latest-20260922/35B-A3B/vllm_baseline/vllm_baseline/c8,inter_token_latency,5.376940570862745,p99,ms
16,35B-A3B,vllm_baseline,8,2,b200-repeats-20260922/rep2-block16/35B-A3B/vllm_baseline/vllm_baseline/c8,inter_token_latency,5.402283514431372,p99,ms
16,35B-A3B,vllm_baseline,8,3,b200-repeats-20260922/rep3-block16/35B-A3B/vllm_baseline/vllm_baseline/c8,inter_token_latency,5.408493716313725,p99,ms
16,35B-A3B,vllm_baseline,8,1,b200-latest-20260922/35B-A3B/vllm_baseline/vllm_baseline/c8,interactivity,185.97936629966276,derived,tokens/s/user
16,35B-A3B,vllm_baseline,8,2,b200-repeats-20260922/rep2-block16/35B-A3B/vllm_baseline/vllm_baseline/c8,interactivity,185.1069084635513,derived,tokens/s/user
16,35B-A3B,vllm_baseline,8,3,b200-repeats-20260922/rep3-block16/35B-A3B/vllm_baseline/vllm_baseline/c8,interactivity,184.89436291359357,derived,tokens/s/user
16,35B-A3B,vllm_baseline,8,1,b200-latest-20260922/35B-A3B/vllm_baseline/vllm_baseline/c8,interactivity,186.20030841618865,derived_p90,tokens/s/user
16,35B-A3B,vllm_baseline,8,2,b200-repeats-20260922/rep2-block16/35B-A3B/vllm_baseline/vllm_baseline/c8,interactivity,185.89808382983242,derived_p90,tokens/s/user
16,35B-A3B,vllm_baseline,8,3,b200-repeats-20260922/rep3-block16/35B-A3B/vllm_baseline/vllm_baseline/c8,interactivity,185.29058927762,derived_p90,tokens/s/user
16,35B-A3B,vllm_baseline,8,1,b200-latest-20260922/35B-A3B/vllm_baseline/vllm_baseline/c8,output_token_throughput,1306.6671579274964,avg,tokens/s
16,35B-A3B,vllm_baseline,8,2,b200-repeats-20260922/rep2-block16/35B-A3B/vllm_baseline/vllm_baseline/c8,output_token_throughput,1404.1915719661267,avg,tokens/s
16,35B-A3B,vllm_baseline,8,3,b200-repeats-20260922/rep3-block16/35B-A3B/vllm_baseline/vllm_baseline/c8,output_token_throughput,1402.2289442535357,avg,tokens/s
16,35B-A3B,vllm_baseline,8,1,b200-latest-20260922/35B-A3B/vllm_baseline/vllm_baseline/c8,time_to_first_token,2347.92712858,p99,ms
16,35B-A3B,vllm_baseline,8,2,b200-repeats-20260922/rep2-block16/35B-A3B/vllm_baseline/vllm_baseline/c8,time_to_first_token,171.54059690999998,p99,ms
16,35B-A3B,vllm_baseline,8,3,b200-repeats-20260922/rep3-block16/35B-A3B/vllm_baseline/vllm_baseline/c8,time_to_first_token,141.98334405,p99,ms
16,35B-A3B,vllm_baseline,16,1,b200-latest-20260922/35B-A3B/vllm_baseline/vllm_baseline/c16,inter_chunk_latency,7.961114960000003,p99,ms
16,35B-A3B,vllm_baseline,16,2,b200-repeats-20260922/rep2-block16/35B-A3B/vllm_baseline/vllm_baseline/c16,inter_chunk_latency,7.461149119999999,p99,ms
16,35B-A3B,vllm_baseline,16,3,b200-repeats-20260922/rep3-block16/35B-A3B/vllm_baseline/vllm_baseline/c16,inter_chunk_latency,7.710373329999992,p99,ms
16,35B-A3B,vllm_baseline,16,1,b200-latest-20260922/35B-A3B/vllm_baseline/vllm_baseline/c16,inter_token_latency,6.481166272156862,p90,ms
16,35B-A3B,vllm_baseline,16,2,b200-repeats-20260922/rep2-block16/35B-A3B/vllm_baseline/vllm_baseline/c16,inter_token_latency,6.462028261568627,p90,ms
16,35B-A3B,vllm_baseline,16,3,b200-repeats-20260922/rep3-block16/35B-A3B/vllm_baseline/vllm_baseline/c16,inter_token_latency,6.520013513333334,p90,ms
16,35B-A3B,vllm_baseline,16,1,b200-latest-20260922/35B-A3B/vllm_baseline/vllm_baseline/c16,inter_token_latency,6.496377604,p99,ms
16,35B-A3B,vllm_baseline,16,2,b200-repeats-20260922/rep2-block16/35B-A3B/vllm_baseline/vllm_baseline/c16,inter_token_latency,6.473981551490196,p99,ms
16,35B-A3B,vllm_baseline,16,3,b200-repeats-20260922/rep3-block16/35B-A3B/vllm_baseline/vllm_baseline/c16,inter_token_latency,6.54161833345098,p99,ms
16,35B-A3B,vllm_baseline,16,1,b200-latest-20260922/35B-A3B/vllm_baseline/vllm_baseline/c16,interactivity,153.93193883684845,derived,tokens/s/user
16,35B-A3B,vllm_baseline,16,2,b200-repeats-20260922/rep2-block16/35B-A3B/vllm_baseline/vllm_baseline/c16,interactivity,154.4644500523511,derived,tokens/s/user
16,35B-A3B,vllm_baseline,16,3,b200-repeats-20260922/rep3-block16/35B-A3B/vllm_baseline/vllm_baseline/c16,interactivity,152.86737150139692,derived,tokens/s/user
16,35B-A3B,vllm_baseline,16,1,b200-latest-20260922/35B-A3B/vllm_baseline/vllm_baseline/c16,interactivity,154.2932179191278,derived_p90,tokens/s/user
16,35B-A3B,vllm_baseline,16,2,b200-repeats-20260922/rep2-block16/35B-A3B/vllm_baseline/vllm_baseline/c16,interactivity,154.75017432951535,derived_p90,tokens/s/user
16,35B-A3B,vllm_baseline,16,3,b200-repeats-20260922/rep3-block16/35B-A3B/vllm_baseline/vllm_baseline/c16,interactivity,153.37391524649672,derived_p90,tokens/s/user
16,35B-A3B,vllm_baseline,16,1,b200-latest-20260922/35B-A3B/vllm_baseline/vllm_baseline/c16,output_token_throughput,2313.308236925856,avg,tokens/s
16,35B-A3B,vllm_baseline,16,2,b200-repeats-20260922/rep2-block16/35B-A3B/vllm_baseline/vllm_baseline/c16,output_token_throughput,2313.37623525976,avg,tokens/s
16,35B-A3B,vllm_baseline,16,3,b200-repeats-20260922/rep3-block16/35B-A3B/vllm_baseline/vllm_baseline/c16,output_token_throughput,2309.5612501071646,avg,tokens/s
16,35B-A3B,vllm_baseline,16,1,b200-latest-20260922/35B-A3B/vllm_baseline/vllm_baseline/c16,time_to_first_token,147.67810292,p99,ms
16,35B-A3B,vllm_baseline,16,2,b200-repeats-20260922/rep2-block16/35B-A3B/vllm_baseline/vllm_baseline/c16,time_to_first_token,229.88403523,p99,ms
16,35B-A3B,vllm_baseline,16,3,b200-repeats-20260922/rep3-block16/35B-A3B/vllm_baseline/vllm_baseline/c16,time_to_first_token,140.88801568,p99,ms
16,35B-A3B,vllm_baseline,32,1,b200-latest-20260922/35B-A3B/vllm_baseline/vllm_baseline/c32,inter_chunk_latency,9.818981230000006,p99,ms
16,35B-A3B,vllm_baseline,32,2,b200-repeats-20260922/rep2-block16/35B-A3B/vllm_baseline/vllm_baseline/c32,inter_chunk_latency,9.57431825,p99,ms
16,35B-A3B,vllm_baseline,32,3,b200-repeats-20260922/rep3-block16/35B-A3B/vllm_baseline/vllm_baseline/c32,inter_chunk_latency,9.672327179999987,p99,ms
16,35B-A3B,vllm_baseline,32,1,b200-latest-20260922/35B-A3B/vllm_baseline/vllm_baseline/c32,inter_token_latency,7.720923007843137,p90,ms
16,35B-A3B,vllm_baseline,32,2,b200-repeats-20260922/rep2-block16/35B-A3B/vllm_baseline/vllm_baseline/c32,inter_token_latency,7.613761738431372,p90,ms
16,35B-A3B,vllm_baseline,32,3,b200-repeats-20260922/rep3-block16/35B-A3B/vllm_baseline/vllm_baseline/c32,inter_token_latency,7.674462660784313,p90,ms
16,35B-A3B,vllm_baseline,32,1,b200-latest-20260922/35B-A3B/vllm_baseline/vllm_baseline/c32,inter_token_latency,7.8203472415294115,p99,ms
16,35B-A3B,vllm_baseline,32,2,b200-repeats-20260922/rep2-block16/35B-A3B/vllm_baseline/vllm_baseline/c32,inter_token_latency,7.916579979882353,p99,ms
16,35B-A3B,vllm_baseline,32,3,b200-repeats-20260922/rep3-block16/35B-A3B/vllm_baseline/vllm_baseline/c32,inter_token_latency,8.116467673686273,p99,ms
16,35B-A3B,vllm_baseline,32,1,b200-latest-20260922/35B-A3B/vllm_baseline/vllm_baseline/c32,interactivity,127.8715598061387,derived,tokens/s/user
16,35B-A3B,vllm_baseline,32,2,b200-repeats-20260922/rep2-block16/35B-A3B/vllm_baseline/vllm_baseline/c32,interactivity,126.31717263530518,derived,tokens/s/user
16,35B-A3B,vllm_baseline,32,3,b200-repeats-20260922/rep3-block16/35B-A3B/vllm_baseline/vllm_baseline/c32,interactivity,123.20630601930654,derived,tokens/s/user
16,35B-A3B,vllm_baseline,32,1,b200-latest-20260922/35B-A3B/vllm_baseline/vllm_baseline/c32,interactivity,129.51819348336605,derived_p90,tokens/s/user
16,35B-A3B,vllm_baseline,32,2,b200-repeats-20260922/rep2-block16/35B-A3B/vllm_baseline/vllm_baseline/c32,interactivity,131.34112076982663,derived_p90,tokens/s/user
16,35B-A3B,vllm_baseline,32,3,b200-repeats-20260922/rep3-block16/35B-A3B/vllm_baseline/vllm_baseline/c32,interactivity,130.30228228353934,derived_p90,tokens/s/user
16,35B-A3B,vllm_baseline,32,1,b200-latest-20260922/35B-A3B/vllm_baseline/vllm_baseline/c32,output_token_throughput,3932.942175705483,avg,tokens/s
16,35B-A3B,vllm_baseline,32,2,b200-repeats-20260922/rep2-block16/35B-A3B/vllm_baseline/vllm_baseline/c32,output_token_throughput,3935.286712470021,avg,tokens/s
16,35B-A3B,vllm_baseline,32,3,b200-repeats-20260922/rep3-block16/35B-A3B/vllm_baseline/vllm_baseline/c32,output_token_throughput,3931.631491600504,avg,tokens/s
16,35B-A3B,vllm_baseline,32,1,b200-latest-20260922/35B-A3B/vllm_baseline/vllm_baseline/c32,time_to_first_token,206.577426,p99,ms
16,35B-A3B,vllm_baseline,32,2,b200-repeats-20260922/rep2-block16/35B-A3B/vllm_baseline/vllm_baseline/c32,time_to_first_token,227.86283436,p99,ms
16,35B-A3B,vllm_baseline,32,3,b200-repeats-20260922/rep3-block16/35B-A3B/vllm_baseline/vllm_baseline/c32,time_to_first_token,210.90584515,p99,ms
16,35B-A3B,vllm_dflash,1,1,b200-latest-20260922/35B-A3B/vllm_dflash/vllm_dflash/c1,acceptance_length,6.453485487472092,avg,tokens
16,35B-A3B,vllm_dflash,1,2,b200-repeats-20260922/rep2-block16/35B-A3B/vllm_dflash/vllm_dflash/c1,acceptance_length,6.453485487472092,avg,tokens
16,35B-A3B,vllm_dflash,1,3,b200-repeats-20260922/rep3-block16/35B-A3B/vllm_dflash/vllm_dflash/c1,acceptance_length,6.453485487472092,avg,tokens
16,35B-A3B,vllm_dflash,1,1,b200-latest-20260922/35B-A3B/vllm_dflash/vllm_dflash/c1,inter_chunk_latency,14.265195999999998,p99,ms
16,35B-A3B,vllm_dflash,1,2,b200-repeats-20260922/rep2-block16/35B-A3B/vllm_dflash/vllm_dflash/c1,inter_chunk_latency,13.569797399999992,p99,ms
16,35B-A3B,vllm_dflash,1,3,b200-repeats-20260922/rep3-block16/35B-A3B/vllm_dflash/vllm_dflash/c1,inter_chunk_latency,10.524192699999997,p99,ms
16,35B-A3B,vllm_dflash,1,1,b200-latest-20260922/35B-A3B/vllm_dflash/vllm_dflash/c1,inter_token_latency,1.9626285494117648,p90,ms
16,35B-A3B,vllm_dflash,1,2,b200-repeats-20260922/rep2-block16/35B-A3B/vllm_dflash/vllm_dflash/c1,inter_token_latency,1.9425765384313727,p90,ms
16,35B-A3B,vllm_dflash,1,3,b200-repeats-20260922/rep3-block16/35B-A3B/vllm_dflash/vllm_dflash/c1,inter_token_latency,1.8887784188235295,p90,ms
16,35B-A3B,vllm_dflash,1,1,b200-latest-20260922/35B-A3B/vllm_dflash/vllm_dflash/c1,inter_token_latency,2.3599853936470594,p99,ms
16,35B-A3B,vllm_dflash,1,2,b200-repeats-20260922/rep2-block16/35B-A3B/vllm_dflash/vllm_dflash/c1,inter_token_latency,2.4024960014901966,p99,ms
16,35B-A3B,vllm_dflash,1,3,b200-repeats-20260922/rep3-block16/35B-A3B/vllm_dflash/vllm_dflash/c1,inter_token_latency,2.320158148431373,p99,ms
16,35B-A3B,vllm_dflash,1,1,b200-latest-20260922/35B-A3B/vllm_dflash/vllm_dflash/c1,interactivity,423.7314360893676,derived,tokens/s/user
16,35B-A3B,vllm_dflash,1,2,b200-repeats-20260922/rep2-block16/35B-A3B/vllm_dflash/vllm_dflash/c1,interactivity,416.2337832736162,derived,tokens/s/user
16,35B-A3B,vllm_dflash,1,3,b200-repeats-20260922/rep3-block16/35B-A3B/vllm_dflash/vllm_dflash/c1,interactivity,431.0051022496402,derived,tokens/s/user
16,35B-A3B,vllm_dflash,1,1,b200-latest-20260922/35B-A3B/vllm_dflash/vllm_dflash/c1,interactivity,509.5207650473229,derived_p90,tokens/s/user
16,35B-A3B,vllm_dflash,1,2,b200-repeats-20260922/rep2-block16/35B-A3B/vllm_dflash/vllm_dflash/c1,interactivity,514.7802314175473,derived_p90,tokens/s/user
16,35B-A3B,vllm_dflash,1,3,b200-repeats-20260922/rep3-block16/35B-A3B/vllm_dflash/vllm_dflash/c1,interactivity,529.4427287150357,derived_p90,tokens/s/user
16,35B-A3B,vllm_dflash,1,1,b200-latest-20260922/35B-A3B/vllm_dflash/vllm_dflash/c1,output_token_throughput,596.6679084104305,avg,tokens/s
16,35B-A3B,vllm_dflash,1,2,b200-repeats-20260922/rep2-block16/35B-A3B/vllm_dflash/vllm_dflash/c1,output_token_throughput,595.1438513143341,avg,tokens/s
16,35B-A3B,vllm_dflash,1,3,b200-repeats-20260922/rep3-block16/35B-A3B/vllm_dflash/vllm_dflash/c1,output_token_throughput,615.5622845793182,avg,tokens/s
16,35B-A3B,vllm_dflash,1,1,b200-latest-20260922/35B-A3B/vllm_dflash/vllm_dflash/c1,time_to_first_token,55.21082254000005,p99,ms
16,35B-A3B,vllm_dflash,1,2,b200-repeats-20260922/rep2-block16/35B-A3B/vllm_dflash/vllm_dflash/c1,time_to_first_token,55.01317184000001,p99,ms
16,35B-A3B,vllm_dflash,1,3,b200-repeats-20260922/rep3-block16/35B-A3B/vllm_dflash/vllm_dflash/c1,time_to_first_token,54.8063829,p99,ms
16,35B-A3B,vllm_dflash,2,1,b200-latest-20260922/35B-A3B/vllm_dflash/vllm_dflash/c2,acceptance_length,6.566037735849057,avg,tokens
16,35B-A3B,vllm_dflash,2,2,b200-repeats-20260922/rep2-block16/35B-A3B/vllm_dflash/vllm_dflash/c2,acceptance_length,6.759921925829538,avg,tokens
16,35B-A3B,vllm_dflash,2,3,b200-repeats-20260922/rep3-block16/35B-A3B/vllm_dflash/vllm_dflash/c2,acceptance_length,6.722438391699092,avg,tokens
16,35B-A3B,vllm_dflash,2,1,b200-latest-20260922/35B-A3B/vllm_dflash/vllm_dflash/c2,inter_chunk_latency,55.21359963999999,p99,ms
16,35B-A3B,vllm_dflash,2,2,b200-repeats-20260922/rep2-block16/35B-A3B/vllm_dflash/vllm_dflash/c2,inter_chunk_latency,55.229220559999966,p99,ms
16,35B-A3B,vllm_dflash,2,3,b200-repeats-20260922/rep3-block16/35B-A3B/vllm_dflash/vllm_dflash/c2,inter_chunk_latency,54.05123827999999,p99,ms
16,35B-A3B,vllm_dflash,2,1,b200-latest-20260922/35B-A3B/vllm_dflash/vllm_dflash/c2,inter_token_latency,2.2868165,p90,ms
16,35B-A3B,vllm_dflash,2,2,b200-repeats-20260922/rep2-block16/35B-A3B/vllm_dflash/vllm_dflash/c2,inter_token_latency,2.1826109533333335,p90,ms
16,35B-A3B,vllm_dflash,2,3,b200-repeats-20260922/rep3-block16/35B-A3B/vllm_dflash/vllm_dflash/c2,inter_token_latency,2.0205631709803926,p90,ms
16,35B-A3B,vllm_dflash,2,1,b200-latest-20260922/35B-A3B/vllm_dflash/vllm_dflash/c2,inter_token_latency,2.477631570588235,p99,ms
16,35B-A3B,vllm_dflash,2,2,b200-repeats-20260922/rep2-block16/35B-A3B/vllm_dflash/vllm_dflash/c2,inter_token_latency,2.2979845232156864,p99,ms
16,35B-A3B,vllm_dflash,2,3,b200-repeats-20260922/rep3-block16/35B-A3B/vllm_dflash/vllm_dflash/c2,inter_token_latency,2.5500283798039214,p99,ms
16,35B-A3B,vllm_dflash,2,1,b200-latest-20260922/35B-A3B/vllm_dflash/vllm_dflash/c2,interactivity,403.61125999156593,derived,tokens/s/user
16,35B-A3B,vllm_dflash,2,2,b200-repeats-20260922/rep2-block16/35B-A3B/vllm_dflash/vllm_dflash/c2,interactivity,435.16394035615576,derived,tokens/s/user
16,35B-A3B,vllm_dflash,2,3,b200-repeats-20260922/rep3-block16/35B-A3B/vllm_dflash/vllm_dflash/c2,interactivity,392.15249834862334,derived,tokens/s/user
16,35B-A3B,vllm_dflash,2,1,b200-latest-20260922/35B-A3B/vllm_dflash/vllm_dflash/c2,interactivity,437.28913098186933,derived_p90,tokens/s/user
16,35B-A3B,vllm_dflash,2,2,b200-repeats-20260922/rep2-block16/35B-A3B/vllm_dflash/vllm_dflash/c2,interactivity,458.16685675144123,derived_p90,tokens/s/user
16,35B-A3B,vllm_dflash,2,3,b200-repeats-20260922/rep3-block16/35B-A3B/vllm_dflash/vllm_dflash/c2,interactivity,494.9115248472001,derived_p90,tokens/s/user
16,35B-A3B,vllm_dflash,2,1,b200-latest-20260922/35B-A3B/vllm_dflash/vllm_dflash/c2,output_token_throughput,1011.5770866299785,avg,tokens/s
16,35B-A3B,vllm_dflash,2,2,b200-repeats-20260922/rep2-block16/35B-A3B/vllm_dflash/vllm_dflash/c2,output_token_throughput,1034.7485766655402,avg,tokens/s
16,35B-A3B,vllm_dflash,2,3,b200-repeats-20260922/rep3-block16/35B-A3B/vllm_dflash/vllm_dflash/c2,output_token_throughput,1060.8467614370195,avg,tokens/s
16,35B-A3B,vllm_dflash,2,1,b200-latest-20260922/35B-A3B/vllm_dflash/vllm_dflash/c2,time_to_first_token,107.78070909,p99,ms
16,35B-A3B,vllm_dflash,2,2,b200-repeats-20260922/rep2-block16/35B-A3B/vllm_dflash/vllm_dflash/c2,time_to_first_token,97.28887942,p99,ms
16,35B-A3B,vllm_dflash,2,3,b200-repeats-20260922/rep3-block16/35B-A3B/vllm_dflash/vllm_dflash/c2,time_to_first_token,107.1161375,p99,ms
16,35B-A3B,vllm_dflash,4,1,b200-latest-20260922/35B-A3B/vllm_dflash/vllm_dflash/c4,acceptance_length,6.636044657097289,avg,tokens
16,35B-A3B,vllm_dflash,4,2,b200-repeats-20260922/rep2-block16/35B-A3B/vllm_dflash/vllm_dflash/c4,acceptance_length,6.607244995233556,avg,tokens
16,35B-A3B,vllm_dflash,4,3,b200-repeats-20260922/rep3-block16/35B-A3B/vllm_dflash/vllm_dflash/c4,acceptance_length,6.615091946734306,avg,tokens
16,35B-A3B,vllm_dflash,4,1,b200-latest-20260922/35B-A3B/vllm_dflash/vllm_dflash/c4,inter_chunk_latency,57.714748059999984,p99,ms
16,35B-A3B,vllm_dflash,4,2,b200-repeats-20260922/rep2-block16/35B-A3B/vllm_dflash/vllm_dflash/c4,inter_chunk_latency,63.63937642,p99,ms
16,35B-A3B,vllm_dflash,4,3,b200-repeats-20260922/rep3-block16/35B-A3B/vllm_dflash/vllm_dflash/c4,inter_chunk_latency,55.39781861999998,p99,ms
16,35B-A3B,vllm_dflash,4,1,b200-latest-20260922/35B-A3B/vllm_dflash/vllm_dflash/c4,inter_token_latency,2.8577915250980395,p90,ms
16,35B-A3B,vllm_dflash,4,2,b200-repeats-20260922/rep2-block16/35B-A3B/vllm_dflash/vllm_dflash/c4,inter_token_latency,2.82622476,p90,ms
16,35B-A3B,vllm_dflash,4,3,b200-repeats-20260922/rep3-block16/35B-A3B/vllm_dflash/vllm_dflash/c4,inter_token_latency,2.789939651372549,p90,ms
16,35B-A3B,vllm_dflash,4,1,b200-latest-20260922/35B-A3B/vllm_dflash/vllm_dflash/c4,inter_token_latency,3.8129724588235288,p99,ms
16,35B-A3B,vllm_dflash,4,2,b200-repeats-20260922/rep2-block16/35B-A3B/vllm_dflash/vllm_dflash/c4,inter_token_latency,4.326851520352935,p99,ms
16,35B-A3B,vllm_dflash,4,3,b200-repeats-20260922/rep3-block16/35B-A3B/vllm_dflash/vllm_dflash/c4,inter_token_latency,3.896325773490195,p99,ms
16,35B-A3B,vllm_dflash,4,1,b200-latest-20260922/35B-A3B/vllm_dflash/vllm_dflash/c4,interactivity,262.2625814371983,derived,tokens/s/user
16,35B-A3B,vllm_dflash,4,2,b200-repeats-20260922/rep2-block16/35B-A3B/vllm_dflash/vllm_dflash/c4,interactivity,231.11493317857867,derived,tokens/s/user
16,35B-A3B,vllm_dflash,4,3,b200-repeats-20260922/rep3-block16/35B-A3B/vllm_dflash/vllm_dflash/c4,interactivity,256.65205070987537,derived,tokens/s/user
16,35B-A3B,vllm_dflash,4,1,b200-latest-20260922/35B-A3B/vllm_dflash/vllm_dflash/c4,interactivity,349.920556211914,derived_p90,tokens/s/user
16,35B-A3B,vllm_dflash,4,2,b200-repeats-20260922/rep2-block16/35B-A3B/vllm_dflash/vllm_dflash/c4,interactivity,353.82890071347333,derived_p90,tokens/s/user
16,35B-A3B,vllm_dflash,4,3,b200-repeats-20260922/rep3-block16/35B-A3B/vllm_dflash/vllm_dflash/c4,interactivity,358.43069204311865,derived_p90,tokens/s/user
16,35B-A3B,vllm_dflash,4,1,b200-latest-20260922/35B-A3B/vllm_dflash/vllm_dflash/c4,output_token_throughput,1584.662568245716,avg,tokens/s
16,35B-A3B,vllm_dflash,4,2,b200-repeats-20260922/rep2-block16/35B-A3B/vllm_dflash/vllm_dflash/c4,output_token_throughput,1517.966363818129,avg,tokens/s
16,35B-A3B,vllm_dflash,4,3,b200-repeats-20260922/rep3-block16/35B-A3B/vllm_dflash/vllm_dflash/c4,output_token_throughput,1606.0714670622517,avg,tokens/s
16,35B-A3B,vllm_dflash,4,1,b200-latest-20260922/35B-A3B/vllm_dflash/vllm_dflash/c4,time_to_first_token,232.46898183999969,p99,ms
16,35B-A3B,vllm_dflash,4,2,b200-repeats-20260922/rep2-block16/35B-A3B/vllm_dflash/vllm_dflash/c4,time_to_first_token,136.53304494999998,p99,ms
16,35B-A3B,vllm_dflash,4,3,b200-repeats-20260922/rep3-block16/35B-A3B/vllm_dflash/vllm_dflash/c4,time_to_first_token,119.95353432,p99,ms
16,35B-A3B,vllm_dflash,8,1,b200-latest-20260922/35B-A3B/vllm_dflash/vllm_dflash/c8,acceptance_length,6.47760961148385,avg,tokens
16,35B-A3B,vllm_dflash,8,2,b200-repeats-20260922/rep2-block16/35B-A3B/vllm_dflash/vllm_dflash/c8,acceptance_length,6.561550632911392,avg,tokens
16,35B-A3B,vllm_dflash,8,3,b200-repeats-20260922/rep3-block16/35B-A3B/vllm_dflash/vllm_dflash/c8,acceptance_length,6.474824629773967,avg,tokens
16,35B-A3B,vllm_dflash,8,1,b200-latest-20260922/35B-A3B/vllm_dflash/vllm_dflash/c8,inter_chunk_latency,57.73095852,p99,ms
16,35B-A3B,vllm_dflash,8,2,b200-repeats-20260922/rep2-block16/35B-A3B/vllm_dflash/vllm_dflash/c8,inter_chunk_latency,59.1231679,p99,ms
16,35B-A3B,vllm_dflash,8,3,b200-repeats-20260922/rep3-block16/35B-A3B/vllm_dflash/vllm_dflash/c8,inter_chunk_latency,58.109221679999976,p99,ms
16,35B-A3B,vllm_dflash,8,1,b200-latest-20260922/35B-A3B/vllm_dflash/vllm_dflash/c8,inter_token_latency,4.009356031764706,p90,ms
16,35B-A3B,vllm_dflash,8,2,b200-repeats-20260922/rep2-block16/35B-A3B/vllm_dflash/vllm_dflash/c8,inter_token_latency,3.8726390713725487,p90,ms
16,35B-A3B,vllm_dflash,8,3,b200-repeats-20260922/rep3-block16/35B-A3B/vllm_dflash/vllm_dflash/c8,inter_token_latency,3.982491944705882,p90,ms
16,35B-A3B,vllm_dflash,8,1,b200-latest-20260922/35B-A3B/vllm_dflash/vllm_dflash/c8,inter_token_latency,4.853097452588234,p99,ms
16,35B-A3B,vllm_dflash,8,2,b200-repeats-20260922/rep2-block16/35B-A3B/vllm_dflash/vllm_dflash/c8,inter_token_latency,4.777774374,p99,ms
16,35B-A3B,vllm_dflash,8,3,b200-repeats-20260922/rep3-block16/35B-A3B/vllm_dflash/vllm_dflash/c8,inter_token_latency,5.032515297568627,p99,ms
16,35B-A3B,vllm_dflash,8,1,b200-latest-20260922/35B-A3B/vllm_dflash/vllm_dflash/c8,interactivity,206.0539706382125,derived,tokens/s/user
16,35B-A3B,vllm_dflash,8,2,b200-repeats-20260922/rep2-block16/35B-A3B/vllm_dflash/vllm_dflash/c8,interactivity,209.30247469237236,derived,tokens/s/user
16,35B-A3B,vllm_dflash,8,3,b200-repeats-20260922/rep3-block16/35B-A3B/vllm_dflash/vllm_dflash/c8,interactivity,198.7077914066417,derived,tokens/s/user
16,35B-A3B,vllm_dflash,8,1,b200-latest-20260922/35B-A3B/vllm_dflash/vllm_dflash/c8,interactivity,249.41661256255486,derived_p90,tokens/s/user
16,35B-A3B,vllm_dflash,8,2,b200-repeats-20260922/rep2-block16/35B-A3B/vllm_dflash/vllm_dflash/c8,interactivity,258.2218434432047,derived_p90,tokens/s/user
16,35B-A3B,vllm_dflash,8,3,b200-repeats-20260922/rep3-block16/35B-A3B/vllm_dflash/vllm_dflash/c8,interactivity,251.09906407452954,derived_p90,tokens/s/user
16,35B-A3B,vllm_dflash,8,1,b200-latest-20260922/35B-A3B/vllm_dflash/vllm_dflash/c8,output_token_throughput,2399.3896171664505,avg,tokens/s
16,35B-A3B,vllm_dflash,8,2,b200-repeats-20260922/rep2-block16/35B-A3B/vllm_dflash/vllm_dflash/c8,output_token_throughput,2381.6138758953807,avg,tokens/s
16,35B-A3B,vllm_dflash,8,3,b200-repeats-20260922/rep3-block16/35B-A3B/vllm_dflash/vllm_dflash/c8,output_token_throughput,2415.938153315816,avg,tokens/s
16,35B-A3B,vllm_dflash,8,1,b200-latest-20260922/35B-A3B/vllm_dflash/vllm_dflash/c8,time_to_first_token,163.69597689999998,p99,ms
16,35B-A3B,vllm_dflash,8,2,b200-repeats-20260922/rep2-block16/35B-A3B/vllm_dflash/vllm_dflash/c8,time_to_first_token,160.54425611999997,p99,ms
16,35B-A3B,vllm_dflash,8,3,b200-repeats-20260922/rep3-block16/35B-A3B/vllm_dflash/vllm_dflash/c8,time_to_first_token,164.09472516,p99,ms
16,35B-A3B,vllm_dflash,16,1,b200-latest-20260922/35B-A3B/vllm_dflash/vllm_dflash/c16,acceptance_length,6.601046954314721,avg,tokens
16,35B-A3B,vllm_dflash,16,2,b200-repeats-20260922/rep2-block16/35B-A3B/vllm_dflash/vllm_dflash/c16,acceptance_length,6.47719298245614,avg,tokens
16,35B-A3B,vllm_dflash,16,3,b200-repeats-20260922/rep3-block16/35B-A3B/vllm_dflash/vllm_dflash/c16,acceptance_length,6.438245777157911,avg,tokens
16,35B-A3B,vllm_dflash,16,1,b200-latest-20260922/35B-A3B/vllm_dflash/vllm_dflash/c16,inter_chunk_latency,58.89007635,p99,ms
16,35B-A3B,vllm_dflash,16,2,b200-repeats-20260922/rep2-block16/35B-A3B/vllm_dflash/vllm_dflash/c16,inter_chunk_latency,71.6298264,p99,ms
16,35B-A3B,vllm_dflash,16,3,b200-repeats-20260922/rep3-block16/35B-A3B/vllm_dflash/vllm_dflash/c16,inter_chunk_latency,61.24325914999999,p99,ms
16,35B-A3B,vllm_dflash,16,1,b200-latest-20260922/35B-A3B/vllm_dflash/vllm_dflash/c16,inter_token_latency,5.410823637647058,p90,ms
16,35B-A3B,vllm_dflash,16,2,b200-repeats-20260922/rep2-block16/35B-A3B/vllm_dflash/vllm_dflash/c16,inter_token_latency,5.7971137007843145,p90,ms
16,35B-A3B,vllm_dflash,16,3,b200-repeats-20260922/rep3-block16/35B-A3B/vllm_dflash/vllm_dflash/c16,inter_token_latency,5.6329994984313725,p90,ms
16,35B-A3B,vllm_dflash,16,1,b200-latest-20260922/35B-A3B/vllm_dflash/vllm_dflash/c16,inter_token_latency,6.531640026784314,p99,ms
16,35B-A3B,vllm_dflash,16,2,b200-repeats-20260922/rep2-block16/35B-A3B/vllm_dflash/vllm_dflash/c16,inter_token_latency,7.673377458039217,p99,ms
16,35B-A3B,vllm_dflash,16,3,b200-repeats-20260922/rep3-block16/35B-A3B/vllm_dflash/vllm_dflash/c16,inter_token_latency,7.1493108336862745,p99,ms
16,35B-A3B,vllm_dflash,16,1,b200-latest-20260922/35B-A3B/vllm_dflash/vllm_dflash/c16,interactivity,153.1009051171371,derived,tokens/s/user
16,35B-A3B,vllm_dflash,16,2,b200-repeats-20260922/rep2-block16/35B-A3B/vllm_dflash/vllm_dflash/c16,interactivity,130.32071020464704,derived,tokens/s/user
16,35B-A3B,vllm_dflash,16,3,b200-repeats-20260922/rep3-block16/35B-A3B/vllm_dflash/vllm_dflash/c16,interactivity,139.87362184452505,derived,tokens/s/user
16,35B-A3B,vllm_dflash,16,1,b200-latest-20260922/35B-A3B/vllm_dflash/vllm_dflash/c16,interactivity,184.81474669443455,derived_p90,tokens/s/user
16,35B-A3B,vllm_dflash,16,2,b200-repeats-20260922/rep2-block16/35B-A3B/vllm_dflash/vllm_dflash/c16,interactivity,172.4996354418072,derived_p90,tokens/s/user
16,35B-A3B,vllm_dflash,16,3,b200-repeats-20260922/rep3-block16/35B-A3B/vllm_dflash/vllm_dflash/c16,interactivity,177.52531316192574,derived_p90,tokens/s/user
16,35B-A3B,vllm_dflash,16,1,b200-latest-20260922/35B-A3B/vllm_dflash/vllm_dflash/c16,output_token_throughput,3477.686114382617,avg,tokens/s
16,35B-A3B,vllm_dflash,16,2,b200-repeats-20260922/rep2-block16/35B-A3B/vllm_dflash/vllm_dflash/c16,output_token_throughput,3379.64316766774,avg,tokens/s
16,35B-A3B,vllm_dflash,16,3,b200-repeats-20260922/rep3-block16/35B-A3B/vllm_dflash/vllm_dflash/c16,output_token_throughput,3488.7249831079266,avg,tokens/s
16,35B-A3B,vllm_dflash,16,1,b200-latest-20260922/35B-A3B/vllm_dflash/vllm_dflash/c16,time_to_first_token,846.19914657,p99,ms
16,35B-A3B,vllm_dflash,16,2,b200-repeats-20260922/rep2-block16/35B-A3B/vllm_dflash/vllm_dflash/c16,time_to_first_token,191.53076492,p99,ms
16,35B-A3B,vllm_dflash,16,3,b200-repeats-20260922/rep3-block16/35B-A3B/vllm_dflash/vllm_dflash/c16,time_to_first_token,191.24141902,p99,ms
16,35B-A3B,vllm_dflash,32,1,b200-latest-20260922/35B-A3B/vllm_dflash/vllm_dflash/c32,acceptance_length,6.5508741534099855,avg,tokens
16,35B-A3B,vllm_dflash,32,2,b200-repeats-20260922/rep2-block16/35B-A3B/vllm_dflash/vllm_dflash/c32,acceptance_length,6.608783703291904,avg,tokens
16,35B-A3B,vllm_dflash,32,3,b200-repeats-20260922/rep3-block16/35B-A3B/vllm_dflash/vllm_dflash/c32,acceptance_length,6.510490879198309,avg,tokens
16,35B-A3B,vllm_dflash,32,1,b200-latest-20260922/35B-A3B/vllm_dflash/vllm_dflash/c32,inter_chunk_latency,109.9848794,p99,ms
16,35B-A3B,vllm_dflash,32,2,b200-repeats-20260922/rep2-block16/35B-A3B/vllm_dflash/vllm_dflash/c32,inter_chunk_latency,128.63150482,p99,ms
16,35B-A3B,vllm_dflash,32,3,b200-repeats-20260922/rep3-block16/35B-A3B/vllm_dflash/vllm_dflash/c32,inter_chunk_latency,122.07907945,p99,ms
16,35B-A3B,vllm_dflash,32,1,b200-latest-20260922/35B-A3B/vllm_dflash/vllm_dflash/c32,inter_token_latency,12.301864527450983,p90,ms
16,35B-A3B,vllm_dflash,32,2,b200-repeats-20260922/rep2-block16/35B-A3B/vllm_dflash/vllm_dflash/c32,inter_token_latency,12.96814310117647,p90,ms
16,35B-A3B,vllm_dflash,32,3,b200-repeats-20260922/rep3-block16/35B-A3B/vllm_dflash/vllm_dflash/c32,inter_token_latency,12.50989325764706,p90,ms
16,35B-A3B,vllm_dflash,32,1,b200-latest-20260922/35B-A3B/vllm_dflash/vllm_dflash/c32,inter_token_latency,17.23576858545098,p99,ms
16,35B-A3B,vllm_dflash,32,2,b200-repeats-20260922/rep2-block16/35B-A3B/vllm_dflash/vllm_dflash/c32,inter_token_latency,16.933226078980393,p99,ms
16,35B-A3B,vllm_dflash,32,3,b200-repeats-20260922/rep3-block16/35B-A3B/vllm_dflash/vllm_dflash/c32,inter_token_latency,16.29744821384315,p99,ms
16,35B-A3B,vllm_dflash,32,1,b200-latest-20260922/35B-A3B/vllm_dflash/vllm_dflash/c32,interactivity,58.01888062271374,derived,tokens/s/user
16,35B-A3B,vllm_dflash,32,2,b200-repeats-20260922/rep2-block16/35B-A3B/vllm_dflash/vllm_dflash/c32,interactivity,59.05549216290942,derived,tokens/s/user
16,35B-A3B,vllm_dflash,32,3,b200-repeats-20260922/rep3-block16/35B-A3B/vllm_dflash/vllm_dflash/c32,interactivity,61.35929912945476,derived,tokens/s/user
16,35B-A3B,vllm_dflash,32,1,b200-latest-20260922/35B-A3B/vllm_dflash/vllm_dflash/c32,interactivity,81.28849068111188,derived_p90,tokens/s/user
16,35B-A3B,vllm_dflash,32,2,b200-repeats-20260922/rep2-block16/35B-A3B/vllm_dflash/vllm_dflash/c32,interactivity,77.11204234855181,derived_p90,tokens/s/user
16,35B-A3B,vllm_dflash,32,3,b200-repeats-20260922/rep3-block16/35B-A3B/vllm_dflash/vllm_dflash/c32,interactivity,79.93673322421988,derived_p90,tokens/s/user
16,35B-A3B,vllm_dflash,32,1,b200-latest-20260922/35B-A3B/vllm_dflash/vllm_dflash/c32,output_token_throughput,3185.809987233465,avg,tokens/s
16,35B-A3B,vllm_dflash,32,2,b200-repeats-20260922/rep2-block16/35B-A3B/vllm_dflash/vllm_dflash/c32,output_token_throughput,3027.091110556668,avg,tokens/s
16,35B-A3B,vllm_dflash,32,3,b200-repeats-20260922/rep3-block16/35B-A3B/vllm_dflash/vllm_dflash/c32,output_token_throughput,3163.7554200080467,avg,tokens/s
16,35B-A3B,vllm_dflash,32,1,b200-latest-20260922/35B-A3B/vllm_dflash/vllm_dflash/c32,time_to_first_token,317.79257569,p99,ms
16,35B-A3B,vllm_dflash,32,2,b200-repeats-20260922/rep2-block16/35B-A3B/vllm_dflash/vllm_dflash/c32,time_to_first_token,352.53824298000006,p99,ms
16,35B-A3B,vllm_dflash,32,3,b200-repeats-20260922/rep3-block16/35B-A3B/vllm_dflash/vllm_dflash/c32,time_to_first_token,333.06225836,p99,ms
16,4B,pr2_dflash,1,1,b200-latest-20260922/4B/pr2_dflash/vllm_dflash/c1,acceptance_length,5.801651048639,avg,tokens
16,4B,pr2_dflash,1,2,b200-repeats-20260922/rep2-block16/4B/pr2_dflash/vllm_dflash/c1,acceptance_length,5.742078440062043,avg,tokens
16,4B,pr2_dflash,1,3,b200-repeats-20260922/rep3-block16/4B/pr2_dflash/vllm_dflash/c1,acceptance_length,5.695547269137969,avg,tokens
16,4B,pr2_dflash,1,1,b200-latest-20260922/4B/pr2_dflash/vllm_dflash/c1,inter_chunk_latency,6.679183889999994,p99,ms
16,4B,pr2_dflash,1,2,b200-repeats-20260922/rep2-block16/4B/pr2_dflash/vllm_dflash/c1,inter_chunk_latency,10.01025236,p99,ms
16,4B,pr2_dflash,1,3,b200-repeats-20260922/rep3-block16/4B/pr2_dflash/vllm_dflash/c1,inter_chunk_latency,6.915979950000003,p99,ms
16,4B,pr2_dflash,1,1,b200-latest-20260922/4B/pr2_dflash/vllm_dflash/c1,inter_token_latency,1.3204548835294116,p90,ms
16,4B,pr2_dflash,1,2,b200-repeats-20260922/rep2-block16/4B/pr2_dflash/vllm_dflash/c1,inter_token_latency,1.616975516862745,p90,ms
16,4B,pr2_dflash,1,3,b200-repeats-20260922/rep3-block16/4B/pr2_dflash/vllm_dflash/c1,inter_token_latency,1.3393813615686276,p90,ms
16,4B,pr2_dflash,1,1,b200-latest-20260922/4B/pr2_dflash/vllm_dflash/c1,inter_token_latency,1.590818093607844,p99,ms
16,4B,pr2_dflash,1,2,b200-repeats-20260922/rep2-block16/4B/pr2_dflash/vllm_dflash/c1,inter_token_latency,1.977301501254902,p99,ms
16,4B,pr2_dflash,1,3,b200-repeats-20260922/rep3-block16/4B/pr2_dflash/vllm_dflash/c1,inter_token_latency,1.577564590509804,p99,ms
16,4B,pr2_dflash,1,1,b200-latest-20260922/4B/pr2_dflash/vllm_dflash/c1,interactivity,628.6073838474408,derived,tokens/s/user
16,4B,pr2_dflash,1,2,b200-repeats-20260922/rep2-block16/4B/pr2_dflash/vllm_dflash/c1,interactivity,505.7397667302362,derived,tokens/s/user
16,4B,pr2_dflash,1,3,b200-repeats-20260922/rep3-block16/4B/pr2_dflash/vllm_dflash/c1,interactivity,633.8884670813011,derived,tokens/s/user
16,4B,pr2_dflash,1,1,b200-latest-20260922/4B/pr2_dflash/vllm_dflash/c1,interactivity,757.3147802877781,derived_p90,tokens/s/user
16,4B,pr2_dflash,1,2,b200-repeats-20260922/rep2-block16/4B/pr2_dflash/vllm_dflash/c1,interactivity,618.4385536895446,derived_p90,tokens/s/user
16,4B,pr2_dflash,1,3,b200-repeats-20260922/rep3-block16/4B/pr2_dflash/vllm_dflash/c1,interactivity,746.613346051674,derived_p90,tokens/s/user
16,4B,pr2_dflash,1,1,b200-latest-20260922/4B/pr2_dflash/vllm_dflash/c1,output_token_throughput,902.8497568770554,avg,tokens/s
16,4B,pr2_dflash,1,2,b200-repeats-20260922/rep2-block16/4B/pr2_dflash/vllm_dflash/c1,output_token_throughput,741.9350396925217,avg,tokens/s
16,4B,pr2_dflash,1,3,b200-repeats-20260922/rep3-block16/4B/pr2_dflash/vllm_dflash/c1,output_token_throughput,889.9436026847997,avg,tokens/s
16,4B,pr2_dflash,1,1,b200-latest-20260922/4B/pr2_dflash/vllm_dflash/c1,time_to_first_token,40.75294910000001,p99,ms
16,4B,pr2_dflash,1,2,b200-repeats-20260922/rep2-block16/4B/pr2_dflash/vllm_dflash/c1,time_to_first_token,50.0326206,p99,ms
16,4B,pr2_dflash,1,3,b200-repeats-20260922/rep3-block16/4B/pr2_dflash/vllm_dflash/c1,time_to_first_token,42.81323629999999,p99,ms
16,4B,pr2_dflash,2,1,b200-latest-20260922/4B/pr2_dflash/vllm_dflash/c2,acceptance_length,5.66721222040371,avg,tokens
16,4B,pr2_dflash,2,2,b200-repeats-20260922/rep2-block16/4B/pr2_dflash/vllm_dflash/c2,acceptance_length,5.67574931880109,avg,tokens
16,4B,pr2_dflash,2,3,b200-repeats-20260922/rep3-block16/4B/pr2_dflash/vllm_dflash/c2,acceptance_length,5.3617131062951495,avg,tokens
16,4B,pr2_dflash,2,1,b200-latest-20260922/4B/pr2_dflash/vllm_dflash/c2,inter_chunk_latency,36.77937836,p99,ms
16,4B,pr2_dflash,2,2,b200-repeats-20260922/rep2-block16/4B/pr2_dflash/vllm_dflash/c2,inter_chunk_latency,36.27049868,p99,ms
16,4B,pr2_dflash,2,3,b200-repeats-20260922/rep3-block16/4B/pr2_dflash/vllm_dflash/c2,inter_chunk_latency,36.90585608999999,p99,ms
16,4B,pr2_dflash,2,1,b200-latest-20260922/4B/pr2_dflash/vllm_dflash/c2,inter_token_latency,1.5187008439215686,p90,ms
16,4B,pr2_dflash,2,2,b200-repeats-20260922/rep2-block16/4B/pr2_dflash/vllm_dflash/c2,inter_token_latency,1.4567696121568627,p90,ms
16,4B,pr2_dflash,2,3,b200-repeats-20260922/rep3-block16/4B/pr2_dflash/vllm_dflash/c2,inter_token_latency,1.6970709223529412,p90,ms
16,4B,pr2_dflash,2,1,b200-latest-20260922/4B/pr2_dflash/vllm_dflash/c2,inter_token_latency,1.8816492296470584,p99,ms
16,4B,pr2_dflash,2,2,b200-repeats-20260922/rep2-block16/4B/pr2_dflash/vllm_dflash/c2,inter_token_latency,1.7567221869019607,p99,ms
16,4B,pr2_dflash,2,3,b200-repeats-20260922/rep3-block16/4B/pr2_dflash/vllm_dflash/c2,inter_token_latency,1.9626410456470589,p99,ms
16,4B,pr2_dflash,2,1,b200-latest-20260922/4B/pr2_dflash/vllm_dflash/c2,interactivity,531.4486803619452,derived,tokens/s/user
16,4B,pr2_dflash,2,2,b200-repeats-20260922/rep2-block16/4B/pr2_dflash/vllm_dflash/c2,interactivity,569.2419709023736,derived,tokens/s/user
16,4B,pr2_dflash,2,3,b200-repeats-20260922/rep3-block16/4B/pr2_dflash/vllm_dflash/c2,interactivity,509.5175209027142,derived,tokens/s/user
16,4B,pr2_dflash,2,1,b200-latest-20260922/4B/pr2_dflash/vllm_dflash/c2,interactivity,658.4575257216646,derived_p90,tokens/s/user
16,4B,pr2_dflash,2,2,b200-repeats-20260922/rep2-block16/4B/pr2_dflash/vllm_dflash/c2,interactivity,686.4503430432084,derived_p90,tokens/s/user
16,4B,pr2_dflash,2,3,b200-repeats-20260922/rep3-block16/4B/pr2_dflash/vllm_dflash/c2,interactivity,589.2505650933716,derived_p90,tokens/s/user
16,4B,pr2_dflash,2,1,b200-latest-20260922/4B/pr2_dflash/vllm_dflash/c2,output_token_throughput,1484.930775017138,avg,tokens/s
16,4B,pr2_dflash,2,2,b200-repeats-20260922/rep2-block16/4B/pr2_dflash/vllm_dflash/c2,output_token_throughput,1508.194781055976,avg,tokens/s
16,4B,pr2_dflash,2,3,b200-repeats-20260922/rep3-block16/4B/pr2_dflash/vllm_dflash/c2,output_token_throughput,1425.4715904541451,avg,tokens/s
16,4B,pr2_dflash,2,1,b200-latest-20260922/4B/pr2_dflash/vllm_dflash/c2,time_to_first_token,83.54064607999999,p99,ms
16,4B,pr2_dflash,2,2,b200-repeats-20260922/rep2-block16/4B/pr2_dflash/vllm_dflash/c2,time_to_first_token,83.46825906999999,p99,ms
16,4B,pr2_dflash,2,3,b200-repeats-20260922/rep3-block16/4B/pr2_dflash/vllm_dflash/c2,time_to_first_token,54.78035704,p99,ms
16,4B,pr2_dflash,4,1,b200-latest-20260922/4B/pr2_dflash/vllm_dflash/c4,acceptance_length,5.550933333333333,avg,tokens
16,4B,pr2_dflash,4,2,b200-repeats-20260922/rep2-block16/4B/pr2_dflash/vllm_dflash/c4,acceptance_length,5.4906059804181,avg,tokens
16,4B,pr2_dflash,4,3,b200-repeats-20260922/rep3-block16/4B/pr2_dflash/vllm_dflash/c4,acceptance_length,5.418604651162791,avg,tokens
16,4B,pr2_dflash,4,1,b200-latest-20260922/4B/pr2_dflash/vllm_dflash/c4,inter_chunk_latency,38.37772861999999,p99,ms
16,4B,pr2_dflash,4,2,b200-repeats-20260922/rep2-block16/4B/pr2_dflash/vllm_dflash/c4,inter_chunk_latency,38.43664465999999,p99,ms
16,4B,pr2_dflash,4,3,b200-repeats-20260922/rep3-block16/4B/pr2_dflash/vllm_dflash/c4,inter_chunk_latency,37.12001718,p99,ms
16,4B,pr2_dflash,4,1,b200-latest-20260922/4B/pr2_dflash/vllm_dflash/c4,inter_token_latency,1.9043445858823538,p90,ms
16,4B,pr2_dflash,4,2,b200-repeats-20260922/rep2-block16/4B/pr2_dflash/vllm_dflash/c4,inter_token_latency,2.0330525807843136,p90,ms
16,4B,pr2_dflash,4,3,b200-repeats-20260922/rep3-block16/4B/pr2_dflash/vllm_dflash/c4,inter_token_latency,1.940683078039216,p90,ms
16,4B,pr2_dflash,4,1,b200-latest-20260922/4B/pr2_dflash/vllm_dflash/c4,inter_token_latency,2.259483292392153,p99,ms
16,4B,pr2_dflash,4,2,b200-repeats-20260922/rep2-block16/4B/pr2_dflash/vllm_dflash/c4,inter_token_latency,2.44189903490196,p99,ms
16,4B,pr2_dflash,4,3,b200-repeats-20260922/rep3-block16/4B/pr2_dflash/vllm_dflash/c4,inter_token_latency,2.2496569079607838,p99,ms
16,4B,pr2_dflash,4,1,b200-latest-20260922/4B/pr2_dflash/vllm_dflash/c4,interactivity,442.5790637032253,derived,tokens/s/user
16,4B,pr2_dflash,4,2,b200-repeats-20260922/rep2-block16/4B/pr2_dflash/vllm_dflash/c4,interactivity,409.51734109684406,derived,tokens/s/user
16,4B,pr2_dflash,4,3,b200-repeats-20260922/rep3-block16/4B/pr2_dflash/vllm_dflash/c4,interactivity,444.51222604715167,derived,tokens/s/user
16,4B,pr2_dflash,4,1,b200-latest-20260922/4B/pr2_dflash/vllm_dflash/c4,interactivity,525.1150487224783,derived_p90,tokens/s/user
16,4B,pr2_dflash,4,2,b200-repeats-20260922/rep2-block16/4B/pr2_dflash/vllm_dflash/c4,interactivity,491.8711938154687,derived_p90,tokens/s/user
16,4B,pr2_dflash,4,3,b200-repeats-20260922/rep3-block16/4B/pr2_dflash/vllm_dflash/c4,interactivity,515.282485489778,derived_p90,tokens/s/user
16,4B,pr2_dflash,4,1,b200-latest-20260922/4B/pr2_dflash/vllm_dflash/c4,output_token_throughput,2375.3968753917457,avg,tokens/s
16,4B,pr2_dflash,4,2,b200-repeats-20260922/rep2-block16/4B/pr2_dflash/vllm_dflash/c4,output_token_throughput,2365.556910955069,avg,tokens/s
16,4B,pr2_dflash,4,3,b200-repeats-20260922/rep3-block16/4B/pr2_dflash/vllm_dflash/c4,output_token_throughput,2410.833146264904,avg,tokens/s
16,4B,pr2_dflash,4,1,b200-latest-20260922/4B/pr2_dflash/vllm_dflash/c4,time_to_first_token,139.43856104999998,p99,ms
16,4B,pr2_dflash,4,2,b200-repeats-20260922/rep2-block16/4B/pr2_dflash/vllm_dflash/c4,time_to_first_token,98.7588811599999,p99,ms
16,4B,pr2_dflash,4,3,b200-repeats-20260922/rep3-block16/4B/pr2_dflash/vllm_dflash/c4,time_to_first_token,88.16528754999999,p99,ms
16,4B,pr2_dflash,8,1,b200-latest-20260922/4B/pr2_dflash/vllm_dflash/c8,acceptance_length,5.4663246514075245,avg,tokens
16,4B,pr2_dflash,8,2,b200-repeats-20260922/rep2-block16/4B/pr2_dflash/vllm_dflash/c8,acceptance_length,5.528025562508321,avg,tokens
16,4B,pr2_dflash,8,3,b200-repeats-20260922/rep3-block16/4B/pr2_dflash/vllm_dflash/c8,acceptance_length,5.573521505376344,avg,tokens
16,4B,pr2_dflash,8,1,b200-latest-20260922/4B/pr2_dflash/vllm_dflash/c8,inter_chunk_latency,41.29163407,p99,ms
16,4B,pr2_dflash,8,2,b200-repeats-20260922/rep2-block16/4B/pr2_dflash/vllm_dflash/c8,inter_chunk_latency,38.86110599999999,p99,ms
16,4B,pr2_dflash,8,3,b200-repeats-20260922/rep3-block16/4B/pr2_dflash/vllm_dflash/c8,inter_chunk_latency,38.30380348999999,p99,ms
16,4B,pr2_dflash,8,1,b200-latest-20260922/4B/pr2_dflash/vllm_dflash/c8,inter_token_latency,2.666216495294117,p90,ms
16,4B,pr2_dflash,8,2,b200-repeats-20260922/rep2-block16/4B/pr2_dflash/vllm_dflash/c8,inter_token_latency,2.66568153992126,p90,ms
16,4B,pr2_dflash,8,3,b200-repeats-20260922/rep3-block16/4B/pr2_dflash/vllm_dflash/c8,inter_token_latency,2.7787152713725485,p90,ms
16,4B,pr2_dflash,8,1,b200-latest-20260922/4B/pr2_dflash/vllm_dflash/c8,inter_token_latency,3.287349102666666,p99,ms
16,4B,pr2_dflash,8,2,b200-repeats-20260922/rep2-block16/4B/pr2_dflash/vllm_dflash/c8,inter_token_latency,3.823717603607841,p99,ms
16,4B,pr2_dflash,8,3,b200-repeats-20260922/rep3-block16/4B/pr2_dflash/vllm_dflash/c8,inter_token_latency,3.4676401460392148,p99,ms
16,4B,pr2_dflash,8,1,b200-latest-20260922/4B/pr2_dflash/vllm_dflash/c8,interactivity,304.19647222402074,derived,tokens/s/user
16,4B,pr2_dflash,8,2,b200-repeats-20260922/rep2-block16/4B/pr2_dflash/vllm_dflash/c8,interactivity,261.52558940452536,derived,tokens/s/user
16,4B,pr2_dflash,8,3,b200-repeats-20260922/rep3-block16/4B/pr2_dflash/vllm_dflash/c8,interactivity,288.3805579256006,derived,tokens/s/user
16,4B,pr2_dflash,8,1,b200-latest-20260922/4B/pr2_dflash/vllm_dflash/c8,interactivity,375.0633160379152,derived_p90,tokens/s/user
16,4B,pr2_dflash,8,2,b200-repeats-20260922/rep2-block16/4B/pr2_dflash/vllm_dflash/c8,interactivity,375.1385846448629,derived_p90,tokens/s/user
16,4B,pr2_dflash,8,3,b200-repeats-20260922/rep3-block16/4B/pr2_dflash/vllm_dflash/c8,interactivity,359.87854182197276,derived_p90,tokens/s/user
16,4B,pr2_dflash,8,1,b200-latest-20260922/4B/pr2_dflash/vllm_dflash/c8,output_token_throughput,3623.696268283557,avg,tokens/s
16,4B,pr2_dflash,8,2,b200-repeats-20260922/rep2-block16/4B/pr2_dflash/vllm_dflash/c8,output_token_throughput,3638.402315950969,avg,tokens/s
16,4B,pr2_dflash,8,3,b200-repeats-20260922/rep3-block16/4B/pr2_dflash/vllm_dflash/c8,output_token_throughput,3734.826550105473,avg,tokens/s
16,4B,pr2_dflash,8,1,b200-latest-20260922/4B/pr2_dflash/vllm_dflash/c8,time_to_first_token,118.88465677,p99,ms
16,4B,pr2_dflash,8,2,b200-repeats-20260922/rep2-block16/4B/pr2_dflash/vllm_dflash/c8,time_to_first_token,95.68213038,p99,ms
16,4B,pr2_dflash,8,3,b200-repeats-20260922/rep3-block16/4B/pr2_dflash/vllm_dflash/c8,time_to_first_token,116.08092288,p99,ms
16,4B,pr2_dflash,16,1,b200-latest-20260922/4B/pr2_dflash/vllm_dflash/c16,acceptance_length,5.571917119291893,avg,tokens
16,4B,pr2_dflash,16,2,b200-repeats-20260922/rep2-block16/4B/pr2_dflash/vllm_dflash/c16,acceptance_length,5.549899799599198,avg,tokens
16,4B,pr2_dflash,16,3,b200-repeats-20260922/rep3-block16/4B/pr2_dflash/vllm_dflash/c16,acceptance_length,5.593745787842027,avg,tokens
16,4B,pr2_dflash,16,1,b200-latest-20260922/4B/pr2_dflash/vllm_dflash/c16,inter_chunk_latency,41.94194716,p99,ms
16,4B,pr2_dflash,16,2,b200-repeats-20260922/rep2-block16/4B/pr2_dflash/vllm_dflash/c16,inter_chunk_latency,40.27960304,p99,ms
16,4B,pr2_dflash,16,3,b200-repeats-20260922/rep3-block16/4B/pr2_dflash/vllm_dflash/c16,inter_chunk_latency,38.85954355999999,p99,ms
16,4B,pr2_dflash,16,1,b200-latest-20260922/4B/pr2_dflash/vllm_dflash/c16,inter_token_latency,3.9441582698039217,p90,ms
16,4B,pr2_dflash,16,2,b200-repeats-20260922/rep2-block16/4B/pr2_dflash/vllm_dflash/c16,inter_token_latency,3.8795870066666667,p90,ms
16,4B,pr2_dflash,16,3,b200-repeats-20260922/rep3-block16/4B/pr2_dflash/vllm_dflash/c16,inter_token_latency,3.7036547215686295,p90,ms
16,4B,pr2_dflash,16,1,b200-latest-20260922/4B/pr2_dflash/vllm_dflash/c16,inter_token_latency,5.032193678509803,p99,ms
16,4B,pr2_dflash,16,2,b200-repeats-20260922/rep2-block16/4B/pr2_dflash/vllm_dflash/c16,inter_token_latency,5.268360210862746,p99,ms
16,4B,pr2_dflash,16,3,b200-repeats-20260922/rep3-block16/4B/pr2_dflash/vllm_dflash/c16,inter_token_latency,4.968939496392157,p99,ms
16,4B,pr2_dflash,16,1,b200-latest-20260922/4B/pr2_dflash/vllm_dflash/c16,interactivity,198.72049127809652,derived,tokens/s/user
16,4B,pr2_dflash,16,2,b200-repeats-20260922/rep2-block16/4B/pr2_dflash/vllm_dflash/c16,interactivity,189.8123818371637,derived,tokens/s/user
16,4B,pr2_dflash,16,3,b200-repeats-20260922/rep3-block16/4B/pr2_dflash/vllm_dflash/c16,interactivity,201.25018642832725,derived,tokens/s/user
16,4B,pr2_dflash,16,1,b200-latest-20260922/4B/pr2_dflash/vllm_dflash/c16,interactivity,253.53952138683158,derived_p90,tokens/s/user
16,4B,pr2_dflash,16,2,b200-repeats-20260922/rep2-block16/4B/pr2_dflash/vllm_dflash/c16,interactivity,257.75939508035367,derived_p90,tokens/s/user
16,4B,pr2_dflash,16,3,b200-repeats-20260922/rep3-block16/4B/pr2_dflash/vllm_dflash/c16,interactivity,270.00357084487194,derived_p90,tokens/s/user
16,4B,pr2_dflash,16,1,b200-latest-20260922/4B/pr2_dflash/vllm_dflash/c16,output_token_throughput,5238.019894047898,avg,tokens/s
16,4B,pr2_dflash,16,2,b200-repeats-20260922/rep2-block16/4B/pr2_dflash/vllm_dflash/c16,output_token_throughput,5233.854809081683,avg,tokens/s
16,4B,pr2_dflash,16,3,b200-repeats-20260922/rep3-block16/4B/pr2_dflash/vllm_dflash/c16,output_token_throughput,5583.6564336743495,avg,tokens/s
16,4B,pr2_dflash,16,1,b200-latest-20260922/4B/pr2_dflash/vllm_dflash/c16,time_to_first_token,124.86266545,p99,ms
16,4B,pr2_dflash,16,2,b200-repeats-20260922/rep2-block16/4B/pr2_dflash/vllm_dflash/c16,time_to_first_token,123.5179475,p99,ms
16,4B,pr2_dflash,16,3,b200-repeats-20260922/rep3-block16/4B/pr2_dflash/vllm_dflash/c16,time_to_first_token,119.98290352,p99,ms
16,4B,pr2_dflash,32,1,b200-latest-20260922/4B/pr2_dflash/vllm_dflash/c32,acceptance_length,5.609058362604701,avg,tokens
16,4B,pr2_dflash,32,2,b200-repeats-20260922/rep2-block16/4B/pr2_dflash/vllm_dflash/c32,acceptance_length,5.676168367869457,avg,tokens
16,4B,pr2_dflash,32,3,b200-repeats-20260922/rep3-block16/4B/pr2_dflash/vllm_dflash/c32,acceptance_length,5.620495990797442,avg,tokens
16,4B,pr2_dflash,32,1,b200-latest-20260922/4B/pr2_dflash/vllm_dflash/c32,inter_chunk_latency,50.49362664,p99,ms
16,4B,pr2_dflash,32,2,b200-repeats-20260922/rep2-block16/4B/pr2_dflash/vllm_dflash/c32,inter_chunk_latency,54.71140928,p99,ms
16,4B,pr2_dflash,32,3,b200-repeats-20260922/rep3-block16/4B/pr2_dflash/vllm_dflash/c32,inter_chunk_latency,51.568029,p99,ms
16,4B,pr2_dflash,32,1,b200-latest-20260922/4B/pr2_dflash/vllm_dflash/c32,inter_token_latency,6.321558315294118,p90,ms
16,4B,pr2_dflash,32,2,b200-repeats-20260922/rep2-block16/4B/pr2_dflash/vllm_dflash/c32,inter_token_latency,6.255671310980392,p90,ms
16,4B,pr2_dflash,32,3,b200-repeats-20260922/rep3-block16/4B/pr2_dflash/vllm_dflash/c32,inter_token_latency,6.543972518823529,p90,ms
16,4B,pr2_dflash,32,1,b200-latest-20260922/4B/pr2_dflash/vllm_dflash/c32,inter_token_latency,8.283094086117648,p99,ms
16,4B,pr2_dflash,32,2,b200-repeats-20260922/rep2-block16/4B/pr2_dflash/vllm_dflash/c32,inter_token_latency,8.022888074855798,p99,ms
16,4B,pr2_dflash,32,3,b200-repeats-20260922/rep3-block16/4B/pr2_dflash/vllm_dflash/c32,inter_token_latency,8.558732511725495,p99,ms
16,4B,pr2_dflash,32,1,b200-latest-20260922/4B/pr2_dflash/vllm_dflash/c32,interactivity,120.72783305407413,derived,tokens/s/user
16,4B,pr2_dflash,32,2,b200-repeats-20260922/rep2-block16/4B/pr2_dflash/vllm_dflash/c32,interactivity,124.64339408324275,derived,tokens/s/user
16,4B,pr2_dflash,32,3,b200-repeats-20260922/rep3-block16/4B/pr2_dflash/vllm_dflash/c32,interactivity,116.83973048929808,derived,tokens/s/user
16,4B,pr2_dflash,32,1,b200-latest-20260922/4B/pr2_dflash/vllm_dflash/c32,interactivity,158.18884365594494,derived_p90,tokens/s/user
16,4B,pr2_dflash,32,2,b200-repeats-20260922/rep2-block16/4B/pr2_dflash/vllm_dflash/c32,interactivity,159.85494606226032,derived_p90,tokens/s/user
16,4B,pr2_dflash,32,3,b200-repeats-20260922/rep3-block16/4B/pr2_dflash/vllm_dflash/c32,interactivity,152.81237766869157,derived_p90,tokens/s/user
16,4B,pr2_dflash,32,1,b200-latest-20260922/4B/pr2_dflash/vllm_dflash/c32,output_token_throughput,6676.677708113512,avg,tokens/s
16,4B,pr2_dflash,32,2,b200-repeats-20260922/rep2-block16/4B/pr2_dflash/vllm_dflash/c32,output_token_throughput,6718.129628701297,avg,tokens/s
16,4B,pr2_dflash,32,3,b200-repeats-20260922/rep3-block16/4B/pr2_dflash/vllm_dflash/c32,output_token_throughput,6558.805568367768,avg,tokens/s
16,4B,pr2_dflash,32,1,b200-latest-20260922/4B/pr2_dflash/vllm_dflash/c32,time_to_first_token,169.7475631800001,p99,ms
16,4B,pr2_dflash,32,2,b200-repeats-20260922/rep2-block16/4B/pr2_dflash/vllm_dflash/c32,time_to_first_token,177.40616656000006,p99,ms
16,4B,pr2_dflash,32,3,b200-repeats-20260922/rep3-block16/4B/pr2_dflash/vllm_dflash/c32,time_to_first_token,166.23516962000002,p99,ms
16,4B,sglang_baseline,1,1,b200-latest-20260922/4B/sglang_baseline/sglang_baseline/c1,inter_chunk_latency,2.97279251,p99,ms
16,4B,sglang_baseline,1,2,b200-repeats-20260922/rep2-block16/4B/sglang_baseline/sglang_baseline/c1,inter_chunk_latency,3.665327819999955,p99,ms
16,4B,sglang_baseline,1,3,b200-repeats-20260922/rep3-block16/4B/sglang_baseline/sglang_baseline/c1,inter_chunk_latency,3.01879423,p99,ms
16,4B,sglang_baseline,1,1,b200-latest-20260922/4B/sglang_baseline/sglang_baseline/c1,inter_token_latency,2.318697621568627,p90,ms
16,4B,sglang_baseline,1,2,b200-repeats-20260922/rep2-block16/4B/sglang_baseline/sglang_baseline/c1,inter_token_latency,2.39256280745098,p90,ms
16,4B,sglang_baseline,1,3,b200-repeats-20260922/rep3-block16/4B/sglang_baseline/sglang_baseline/c1,inter_token_latency,2.3824969098039213,p90,ms
16,4B,sglang_baseline,1,1,b200-latest-20260922/4B/sglang_baseline/sglang_baseline/c1,inter_token_latency,2.3658991356470587,p99,ms
16,4B,sglang_baseline,1,2,b200-repeats-20260922/rep2-block16/4B/sglang_baseline/sglang_baseline/c1,inter_token_latency,2.4820651180784314,p99,ms
16,4B,sglang_baseline,1,3,b200-repeats-20260922/rep3-block16/4B/sglang_baseline/sglang_baseline/c1,inter_token_latency,2.400215468862745,p99,ms
16,4B,sglang_baseline,1,1,b200-latest-20260922/4B/sglang_baseline/sglang_baseline/c1,interactivity,422.67228764446304,derived,tokens/s/user
16,4B,sglang_baseline,1,2,b200-repeats-20260922/rep2-block16/4B/sglang_baseline/sglang_baseline/c1,interactivity,402.89031609862894,derived,tokens/s/user
16,4B,sglang_baseline,1,3,b200-repeats-20260922/rep3-block16/4B/sglang_baseline/sglang_baseline/c1,interactivity,416.6292622361166,derived,tokens/s/user
16,4B,sglang_baseline,1,1,b200-latest-20260922/4B/sglang_baseline/sglang_baseline/c1,interactivity,431.2765885029407,derived_p90,tokens/s/user
16,4B,sglang_baseline,1,2,b200-repeats-20260922/rep2-block16/4B/sglang_baseline/sglang_baseline/c1,interactivity,417.9618595113886,derived_p90,tokens/s/user
16,4B,sglang_baseline,1,3,b200-repeats-20260922/rep3-block16/4B/sglang_baseline/sglang_baseline/c1,interactivity,419.7277217380734,derived_p90,tokens/s/user
16,4B,sglang_baseline,1,1,b200-latest-20260922/4B/sglang_baseline/sglang_baseline/c1,output_token_throughput,414.67686798366975,avg,tokens/s
16,4B,sglang_baseline,1,2,b200-repeats-20260922/rep2-block16/4B/sglang_baseline/sglang_baseline/c1,output_token_throughput,401.5398439104578,avg,tokens/s
16,4B,sglang_baseline,1,3,b200-repeats-20260922/rep3-block16/4B/sglang_baseline/sglang_baseline/c1,output_token_throughput,403.2916309788257,avg,tokens/s
16,4B,sglang_baseline,1,1,b200-latest-20260922/4B/sglang_baseline/sglang_baseline/c1,time_to_first_token,28.799998390000027,p99,ms
16,4B,sglang_baseline,1,2,b200-repeats-20260922/rep2-block16/4B/sglang_baseline/sglang_baseline/c1,time_to_first_token,41.37930409000003,p99,ms
16,4B,sglang_baseline,1,3,b200-repeats-20260922/rep3-block16/4B/sglang_baseline/sglang_baseline/c1,time_to_first_token,30.204903730000023,p99,ms
16,4B,sglang_baseline,2,1,b200-latest-20260922/4B/sglang_baseline/sglang_baseline/c2,inter_chunk_latency,3.264687710000004,p99,ms
16,4B,sglang_baseline,2,2,b200-repeats-20260922/rep2-block16/4B/sglang_baseline/sglang_baseline/c2,inter_chunk_latency,3.41609193,p99,ms
16,4B,sglang_baseline,2,3,b200-repeats-20260922/rep3-block16/4B/sglang_baseline/sglang_baseline/c2,inter_chunk_latency,3.405409000000002,p99,ms
16,4B,sglang_baseline,2,1,b200-latest-20260922/4B/sglang_baseline/sglang_baseline/c2,inter_token_latency,2.3202074949019607,p90,ms
16,4B,sglang_baseline,2,2,b200-repeats-20260922/rep2-block16/4B/sglang_baseline/sglang_baseline/c2,inter_token_latency,2.4104442011764706,p90,ms
16,4B,sglang_baseline,2,3,b200-repeats-20260922/rep3-block16/4B/sglang_baseline/sglang_baseline/c2,inter_token_latency,2.396835705098039,p90,ms
16,4B,sglang_baseline,2,1,b200-latest-20260922/4B/sglang_baseline/sglang_baseline/c2,inter_token_latency,2.336312513529412,p99,ms
16,4B,sglang_baseline,2,2,b200-repeats-20260922/rep2-block16/4B/sglang_baseline/sglang_baseline/c2,inter_token_latency,2.455452024509804,p99,ms
16,4B,sglang_baseline,2,3,b200-repeats-20260922/rep3-block16/4B/sglang_baseline/sglang_baseline/c2,inter_token_latency,2.39858306972549,p99,ms
16,4B,sglang_baseline,2,1,b200-latest-20260922/4B/sglang_baseline/sglang_baseline/c2,interactivity,428.0249299736548,derived,tokens/s/user
16,4B,sglang_baseline,2,2,b200-repeats-20260922/rep2-block16/4B/sglang_baseline/sglang_baseline/c2,interactivity,407.2569897592016,derived,tokens/s/user
16,4B,sglang_baseline,2,3,b200-repeats-20260922/rep3-block16/4B/sglang_baseline/sglang_baseline/c2,interactivity,416.91280682409166,derived,tokens/s/user
16,4B,sglang_baseline,2,1,b200-latest-20260922/4B/sglang_baseline/sglang_baseline/c2,interactivity,430.9959355778456,derived_p90,tokens/s/user
16,4B,sglang_baseline,2,2,b200-repeats-20260922/rep2-block16/4B/sglang_baseline/sglang_baseline/c2,interactivity,414.8612938278878,derived_p90,tokens/s/user
16,4B,sglang_baseline,2,3,b200-repeats-20260922/rep3-block16/4B/sglang_baseline/sglang_baseline/c2,interactivity,417.21674867952476,derived_p90,tokens/s/user
16,4B,sglang_baseline,2,1,b200-latest-20260922/4B/sglang_baseline/sglang_baseline/c2,output_token_throughput,809.9104711250523,avg,tokens/s
16,4B,sglang_baseline,2,2,b200-repeats-20260922/rep2-block16/4B/sglang_baseline/sglang_baseline/c2,output_token_throughput,779.7966997393352,avg,tokens/s
16,4B,sglang_baseline,2,3,b200-repeats-20260922/rep3-block16/4B/sglang_baseline/sglang_baseline/c2,output_token_throughput,781.266934046628,avg,tokens/s
16,4B,sglang_baseline,2,1,b200-latest-20260922/4B/sglang_baseline/sglang_baseline/c2,time_to_first_token,55.34836979,p99,ms
16,4B,sglang_baseline,2,2,b200-repeats-20260922/rep2-block16/4B/sglang_baseline/sglang_baseline/c2,time_to_first_token,53.49522705,p99,ms
16,4B,sglang_baseline,2,3,b200-repeats-20260922/rep3-block16/4B/sglang_baseline/sglang_baseline/c2,time_to_first_token,47.31715788,p99,ms
16,4B,sglang_baseline,4,1,b200-latest-20260922/4B/sglang_baseline/sglang_baseline/c4,inter_chunk_latency,3.3680512199999977,p99,ms
16,4B,sglang_baseline,4,2,b200-repeats-20260922/rep2-block16/4B/sglang_baseline/sglang_baseline/c4,inter_chunk_latency,3.692111249999998,p99,ms
16,4B,sglang_baseline,4,3,b200-repeats-20260922/rep3-block16/4B/sglang_baseline/sglang_baseline/c4,inter_chunk_latency,3.5552453199999983,p99,ms
16,4B,sglang_baseline,4,1,b200-latest-20260922/4B/sglang_baseline/sglang_baseline/c4,inter_token_latency,2.395585629411765,p90,ms
16,4B,sglang_baseline,4,2,b200-repeats-20260922/rep2-block16/4B/sglang_baseline/sglang_baseline/c4,inter_token_latency,2.4805162133333334,p90,ms
16,4B,sglang_baseline,4,3,b200-repeats-20260922/rep3-block16/4B/sglang_baseline/sglang_baseline/c4,inter_token_latency,2.4783291466666664,p90,ms
16,4B,sglang_baseline,4,1,b200-latest-20260922/4B/sglang_baseline/sglang_baseline/c4,inter_token_latency,2.405385201294735,p99,ms
16,4B,sglang_baseline,4,2,b200-repeats-20260922/rep2-block16/4B/sglang_baseline/sglang_baseline/c4,inter_token_latency,2.491982140823529,p99,ms
16,4B,sglang_baseline,4,3,b200-repeats-20260922/rep3-block16/4B/sglang_baseline/sglang_baseline/c4,inter_token_latency,2.4826683656862745,p99,ms
16,4B,sglang_baseline,4,1,b200-latest-20260922/4B/sglang_baseline/sglang_baseline/c4,interactivity,415.7338290190423,derived,tokens/s/user
16,4B,sglang_baseline,4,2,b200-repeats-20260922/rep2-block16/4B/sglang_baseline/sglang_baseline/c4,interactivity,401.2869850140774,derived,tokens/s/user
16,4B,sglang_baseline,4,3,b200-repeats-20260922/rep3-block16/4B/sglang_baseline/sglang_baseline/c4,interactivity,402.79242037370295,derived,tokens/s/user
16,4B,sglang_baseline,4,1,b200-latest-20260922/4B/sglang_baseline/sglang_baseline/c4,interactivity,417.43446267272424,derived_p90,tokens/s/user
16,4B,sglang_baseline,4,2,b200-repeats-20260922/rep2-block16/4B/sglang_baseline/sglang_baseline/c4,interactivity,403.1418922499981,derived_p90,tokens/s/user
16,4B,sglang_baseline,4,3,b200-repeats-20260922/rep3-block16/4B/sglang_baseline/sglang_baseline/c4,interactivity,403.49765540424374,derived_p90,tokens/s/user
16,4B,sglang_baseline,4,1,b200-latest-20260922/4B/sglang_baseline/sglang_baseline/c4,output_token_throughput,1573.4583284244843,avg,tokens/s
16,4B,sglang_baseline,4,2,b200-repeats-20260922/rep2-block16/4B/sglang_baseline/sglang_baseline/c4,output_token_throughput,1519.7335503703798,avg,tokens/s
16,4B,sglang_baseline,4,3,b200-repeats-20260922/rep3-block16/4B/sglang_baseline/sglang_baseline/c4,output_token_throughput,1522.6793056914232,avg,tokens/s
16,4B,sglang_baseline,4,1,b200-latest-20260922/4B/sglang_baseline/sglang_baseline/c4,time_to_first_token,51.07841093,p99,ms
16,4B,sglang_baseline,4,2,b200-repeats-20260922/rep2-block16/4B/sglang_baseline/sglang_baseline/c4,time_to_first_token,54.32530833999999,p99,ms
16,4B,sglang_baseline,4,3,b200-repeats-20260922/rep3-block16/4B/sglang_baseline/sglang_baseline/c4,time_to_first_token,49.23862305,p99,ms
16,4B,sglang_baseline,8,1,b200-latest-20260922/4B/sglang_baseline/sglang_baseline/c8,inter_chunk_latency,3.967651590000016,p99,ms
16,4B,sglang_baseline,8,2,b200-repeats-20260922/rep2-block16/4B/sglang_baseline/sglang_baseline/c8,inter_chunk_latency,4.047342120000001,p99,ms
16,4B,sglang_baseline,8,3,b200-repeats-20260922/rep3-block16/4B/sglang_baseline/sglang_baseline/c8,inter_chunk_latency,4.056817020000005,p99,ms
16,4B,sglang_baseline,8,1,b200-latest-20260922/4B/sglang_baseline/sglang_baseline/c8,inter_token_latency,2.5329448417477223,p90,ms
16,4B,sglang_baseline,8,2,b200-repeats-20260922/rep2-block16/4B/sglang_baseline/sglang_baseline/c8,inter_token_latency,2.57955028,p90,ms
16,4B,sglang_baseline,8,3,b200-repeats-20260922/rep3-block16/4B/sglang_baseline/sglang_baseline/c8,inter_token_latency,2.5805321121568627,p90,ms
16,4B,sglang_baseline,8,1,b200-latest-20260922/4B/sglang_baseline/sglang_baseline/c8,inter_token_latency,2.5351029567450984,p99,ms
16,4B,sglang_baseline,8,2,b200-repeats-20260922/rep2-block16/4B/sglang_baseline/sglang_baseline/c8,inter_token_latency,2.581612590463332,p99,ms
16,4B,sglang_baseline,8,3,b200-repeats-20260922/rep3-block16/4B/sglang_baseline/sglang_baseline/c8,inter_token_latency,2.587665940745098,p99,ms
16,4B,sglang_baseline,8,1,b200-latest-20260922/4B/sglang_baseline/sglang_baseline/c8,interactivity,394.4612968634349,derived,tokens/s/user
16,4B,sglang_baseline,8,2,b200-repeats-20260922/rep2-block16/4B/sglang_baseline/sglang_baseline/c8,interactivity,387.354788899804,derived,tokens/s/user
16,4B,sglang_baseline,8,3,b200-repeats-20260922/rep3-block16/4B/sglang_baseline/sglang_baseline/c8,interactivity,386.4486463473171,derived,tokens/s/user
16,4B,sglang_baseline,8,1,b200-latest-20260922/4B/sglang_baseline/sglang_baseline/c8,interactivity,394.7973850508343,derived_p90,tokens/s/user
16,4B,sglang_baseline,8,2,b200-repeats-20260922/rep2-block16/4B/sglang_baseline/sglang_baseline/c8,interactivity,387.66447304915494,derived_p90,tokens/s/user
16,4B,sglang_baseline,8,3,b200-repeats-20260922/rep3-block16/4B/sglang_baseline/sglang_baseline/c8,interactivity,387.51697577759614,derived_p90,tokens/s/user
16,4B,sglang_baseline,8,1,b200-latest-20260922/4B/sglang_baseline/sglang_baseline/c8,output_token_throughput,2978.7268132557906,avg,tokens/s
16,4B,sglang_baseline,8,2,b200-repeats-20260922/rep2-block16/4B/sglang_baseline/sglang_baseline/c8,output_token_throughput,2927.416370575558,avg,tokens/s
16,4B,sglang_baseline,8,3,b200-repeats-20260922/rep3-block16/4B/sglang_baseline/sglang_baseline/c8,output_token_throughput,2921.894610456159,avg,tokens/s
16,4B,sglang_baseline,8,1,b200-latest-20260922/4B/sglang_baseline/sglang_baseline/c8,time_to_first_token,47.9464523,p99,ms
16,4B,sglang_baseline,8,2,b200-repeats-20260922/rep2-block16/4B/sglang_baseline/sglang_baseline/c8,time_to_first_token,51.46692702,p99,ms
16,4B,sglang_baseline,8,3,b200-repeats-20260922/rep3-block16/4B/sglang_baseline/sglang_baseline/c8,time_to_first_token,50.47639072,p99,ms
16,4B,sglang_baseline,16,1,b200-latest-20260922/4B/sglang_baseline/sglang_baseline/c16,inter_chunk_latency,5.172164819999997,p99,ms
16,4B,sglang_baseline,16,2,b200-repeats-20260922/rep2-block16/4B/sglang_baseline/sglang_baseline/c16,inter_chunk_latency,5.1079055599999945,p99,ms
16,4B,sglang_baseline,16,3,b200-repeats-20260922/rep3-block16/4B/sglang_baseline/sglang_baseline/c16,inter_chunk_latency,5.043735559999998,p99,ms
16,4B,sglang_baseline,16,1,b200-latest-20260922/4B/sglang_baseline/sglang_baseline/c16,inter_token_latency,2.6804603745098037,p90,ms
16,4B,sglang_baseline,16,2,b200-repeats-20260922/rep2-block16/4B/sglang_baseline/sglang_baseline/c16,inter_token_latency,2.738736974117647,p90,ms
16,4B,sglang_baseline,16,3,b200-repeats-20260922/rep3-block16/4B/sglang_baseline/sglang_baseline/c16,inter_token_latency,2.7097450870588236,p90,ms
16,4B,sglang_baseline,16,1,b200-latest-20260922/4B/sglang_baseline/sglang_baseline/c16,inter_token_latency,2.692122341490196,p99,ms
16,4B,sglang_baseline,16,2,b200-repeats-20260922/rep2-block16/4B/sglang_baseline/sglang_baseline/c16,inter_token_latency,2.777305287058823,p99,ms
16,4B,sglang_baseline,16,3,b200-repeats-20260922/rep3-block16/4B/sglang_baseline/sglang_baseline/c16,inter_token_latency,2.714639085921568,p99,ms
16,4B,sglang_baseline,16,1,b200-latest-20260922/4B/sglang_baseline/sglang_baseline/c16,interactivity,371.4541440365821,derived,tokens/s/user
16,4B,sglang_baseline,16,2,b200-repeats-20260922/rep2-block16/4B/sglang_baseline/sglang_baseline/c16,interactivity,360.06124521478296,derived,tokens/s/user
16,4B,sglang_baseline,16,3,b200-repeats-20260922/rep3-block16/4B/sglang_baseline/sglang_baseline/c16,interactivity,368.3730943041804,derived,tokens/s/user
16,4B,sglang_baseline,16,1,b200-latest-20260922/4B/sglang_baseline/sglang_baseline/c16,interactivity,373.0702417799695,derived_p90,tokens/s/user
16,4B,sglang_baseline,16,2,b200-repeats-20260922/rep2-block16/4B/sglang_baseline/sglang_baseline/c16,interactivity,365.13181420869205,derived_p90,tokens/s/user
16,4B,sglang_baseline,16,3,b200-repeats-20260922/rep3-block16/4B/sglang_baseline/sglang_baseline/c16,interactivity,369.03840319733064,derived_p90,tokens/s/user
16,4B,sglang_baseline,16,1,b200-latest-20260922/4B/sglang_baseline/sglang_baseline/c16,output_token_throughput,5625.259223141957,avg,tokens/s
16,4B,sglang_baseline,16,2,b200-repeats-20260922/rep2-block16/4B/sglang_baseline/sglang_baseline/c16,output_token_throughput,5557.609622375542,avg,tokens/s
16,4B,sglang_baseline,16,3,b200-repeats-20260922/rep3-block16/4B/sglang_baseline/sglang_baseline/c16,output_token_throughput,5571.925519747674,avg,tokens/s
16,4B,sglang_baseline,16,1,b200-latest-20260922/4B/sglang_baseline/sglang_baseline/c16,time_to_first_token,43.83527309,p99,ms
16,4B,sglang_baseline,16,2,b200-repeats-20260922/rep2-block16/4B/sglang_baseline/sglang_baseline/c16,time_to_first_token,52.97883246,p99,ms
16,4B,sglang_baseline,16,3,b200-repeats-20260922/rep3-block16/4B/sglang_baseline/sglang_baseline/c16,time_to_first_token,52.98800479999999,p99,ms
16,4B,sglang_baseline,32,1,b200-latest-20260922/4B/sglang_baseline/sglang_baseline/c32,inter_chunk_latency,7.718757340000007,p99,ms
16,4B,sglang_baseline,32,2,b200-repeats-20260922/rep2-block16/4B/sglang_baseline/sglang_baseline/c32,inter_chunk_latency,7.852018120000004,p99,ms
16,4B,sglang_baseline,32,3,b200-repeats-20260922/rep3-block16/4B/sglang_baseline/sglang_baseline/c32,inter_chunk_latency,7.850162540000004,p99,ms
16,4B,sglang_baseline,32,1,b200-latest-20260922/4B/sglang_baseline/sglang_baseline/c32,inter_token_latency,2.9316911894117648,p90,ms
16,4B,sglang_baseline,32,2,b200-repeats-20260922/rep2-block16/4B/sglang_baseline/sglang_baseline/c32,inter_token_latency,2.967989869019608,p90,ms
16,4B,sglang_baseline,32,3,b200-repeats-20260922/rep3-block16/4B/sglang_baseline/sglang_baseline/c32,inter_token_latency,2.9835575972549027,p90,ms
16,4B,sglang_baseline,32,1,b200-latest-20260922/4B/sglang_baseline/sglang_baseline/c32,inter_token_latency,2.997173999753126,p99,ms
16,4B,sglang_baseline,32,2,b200-repeats-20260922/rep2-block16/4B/sglang_baseline/sglang_baseline/c32,inter_token_latency,3.026237563803922,p99,ms
16,4B,sglang_baseline,32,3,b200-repeats-20260922/rep3-block16/4B/sglang_baseline/sglang_baseline/c32,inter_token_latency,3.0578517629411763,p99,ms
16,4B,sglang_baseline,32,1,b200-latest-20260922/4B/sglang_baseline/sglang_baseline/c32,interactivity,333.6476294277105,derived,tokens/s/user
16,4B,sglang_baseline,32,2,b200-repeats-20260922/rep2-block16/4B/sglang_baseline/sglang_baseline/c32,interactivity,330.4433240670701,derived,tokens/s/user
16,4B,sglang_baseline,32,3,b200-repeats-20260922/rep3-block16/4B/sglang_baseline/sglang_baseline/c32,interactivity,327.0269710648616,derived,tokens/s/user
16,4B,sglang_baseline,32,1,b200-latest-20260922/4B/sglang_baseline/sglang_baseline/c32,interactivity,341.10004614798703,derived_p90,tokens/s/user
16,4B,sglang_baseline,32,2,b200-repeats-20260922/rep2-block16/4B/sglang_baseline/sglang_baseline/c32,interactivity,336.92837379203115,derived_p90,tokens/s/user
16,4B,sglang_baseline,32,3,b200-repeats-20260922/rep3-block16/4B/sglang_baseline/sglang_baseline/c32,interactivity,335.1703352132619,derived_p90,tokens/s/user
16,4B,sglang_baseline,32,1,b200-latest-20260922/4B/sglang_baseline/sglang_baseline/c32,output_token_throughput,9658.222341213685,avg,tokens/s
16,4B,sglang_baseline,32,2,b200-repeats-20260922/rep2-block16/4B/sglang_baseline/sglang_baseline/c32,output_token_throughput,9658.591820377747,avg,tokens/s
16,4B,sglang_baseline,32,3,b200-repeats-20260922/rep3-block16/4B/sglang_baseline/sglang_baseline/c32,output_token_throughput,9598.445746623858,avg,tokens/s
16,4B,sglang_baseline,32,1,b200-latest-20260922/4B/sglang_baseline/sglang_baseline/c32,time_to_first_token,208.64775387,p99,ms
16,4B,sglang_baseline,32,2,b200-repeats-20260922/rep2-block16/4B/sglang_baseline/sglang_baseline/c32,time_to_first_token,71.3260993,p99,ms
16,4B,sglang_baseline,32,3,b200-repeats-20260922/rep3-block16/4B/sglang_baseline/sglang_baseline/c32,time_to_first_token,123.67353862,p99,ms
16,4B,sglang_dflash,1,1,b200-latest-20260922/4B/sglang_dflash/sglang_dflash/c1,acceptance_length,5.672602739726028,avg,tokens
16,4B,sglang_dflash,1,2,b200-repeats-20260922/rep2-block16/4B/sglang_dflash/sglang_dflash/c1,acceptance_length,5.668055555555555,avg,tokens
16,4B,sglang_dflash,1,3,b200-repeats-20260922/rep3-block16/4B/sglang_dflash/sglang_dflash/c1,acceptance_length,5.457534246575342,avg,tokens
16,4B,sglang_dflash,1,1,b200-latest-20260922/4B/sglang_dflash/sglang_dflash/c1,inter_chunk_latency,7.802829439999936,p99,ms
16,4B,sglang_dflash,1,2,b200-repeats-20260922/rep2-block16/4B/sglang_dflash/sglang_dflash/c1,inter_chunk_latency,9.253588170000016,p99,ms
16,4B,sglang_dflash,1,3,b200-repeats-20260922/rep3-block16/4B/sglang_dflash/sglang_dflash/c1,inter_chunk_latency,7.672441999999999,p99,ms
16,4B,sglang_dflash,1,1,b200-latest-20260922/4B/sglang_dflash/sglang_dflash/c1,inter_token_latency,1.1449579239215686,p90,ms
16,4B,sglang_dflash,1,2,b200-repeats-20260922/rep2-block16/4B/sglang_dflash/sglang_dflash/c1,inter_token_latency,1.1367410362204726,p90,ms
16,4B,sglang_dflash,1,3,b200-repeats-20260922/rep3-block16/4B/sglang_dflash/sglang_dflash/c1,inter_token_latency,1.0728103364705883,p90,ms
16,4B,sglang_dflash,1,1,b200-latest-20260922/4B/sglang_dflash/sglang_dflash/c1,inter_token_latency,1.4120096149019628,p99,ms
16,4B,sglang_dflash,1,2,b200-repeats-20260922/rep2-block16/4B/sglang_dflash/sglang_dflash/c1,inter_token_latency,1.3165832644705888,p99,ms
16,4B,sglang_dflash,1,3,b200-repeats-20260922/rep3-block16/4B/sglang_dflash/sglang_dflash/c1,inter_token_latency,1.5614127462745098,p99,ms
16,4B,sglang_dflash,1,1,b200-latest-20260922/4B/sglang_dflash/sglang_dflash/c1,interactivity,708.2104749473898,derived,tokens/s/user
16,4B,sglang_dflash,1,2,b200-repeats-20260922/rep2-block16/4B/sglang_dflash/sglang_dflash/c1,interactivity,759.5417828754719,derived,tokens/s/user
16,4B,sglang_dflash,1,3,b200-repeats-20260922/rep3-block16/4B/sglang_dflash/sglang_dflash/c1,interactivity,640.4456492275818,derived,tokens/s/user
16,4B,sglang_dflash,1,1,b200-latest-20260922/4B/sglang_dflash/sglang_dflash/c1,interactivity,873.3945406263693,derived_p90,tokens/s/user
16,4B,sglang_dflash,1,2,b200-repeats-20260922/rep2-block16/4B/sglang_dflash/sglang_dflash/c1,interactivity,879.7078385811424,derived_p90,tokens/s/user
16,4B,sglang_dflash,1,3,b200-repeats-20260922/rep3-block16/4B/sglang_dflash/sglang_dflash/c1,interactivity,932.1312127639213,derived_p90,tokens/s/user
16,4B,sglang_dflash,1,1,b200-latest-20260922/4B/sglang_dflash/sglang_dflash/c1,output_token_throughput,1094.583388942178,avg,tokens/s
16,4B,sglang_dflash,1,2,b200-repeats-20260922/rep2-block16/4B/sglang_dflash/sglang_dflash/c1,output_token_throughput,1103.4021024352453,avg,tokens/s
16,4B,sglang_dflash,1,3,b200-repeats-20260922/rep3-block16/4B/sglang_dflash/sglang_dflash/c1,output_token_throughput,1088.0976533202377,avg,tokens/s
16,4B,sglang_dflash,1,1,b200-latest-20260922/4B/sglang_dflash/sglang_dflash/c1,time_to_first_token,30.42387011000003,p99,ms
16,4B,sglang_dflash,1,2,b200-repeats-20260922/rep2-block16/4B/sglang_dflash/sglang_dflash/c1,time_to_first_token,35.52123084000001,p99,ms
16,4B,sglang_dflash,1,3,b200-repeats-20260922/rep3-block16/4B/sglang_dflash/sglang_dflash/c1,time_to_first_token,33.17790650000003,p99,ms
16,4B,sglang_dflash,2,1,b200-latest-20260922/4B/sglang_dflash/sglang_dflash/c2,acceptance_length,5.221864261940662,avg,tokens
16,4B,sglang_dflash,2,2,b200-repeats-20260922/rep2-block16/4B/sglang_dflash/sglang_dflash/c2,acceptance_length,5.466718016575569,avg,tokens
16,4B,sglang_dflash,2,3,b200-repeats-20260922/rep3-block16/4B/sglang_dflash/sglang_dflash/c2,acceptance_length,5.168522046385037,avg,tokens
16,4B,sglang_dflash,2,1,b200-latest-20260922/4B/sglang_dflash/sglang_dflash/c2,inter_chunk_latency,22.79874077,p99,ms
16,4B,sglang_dflash,2,2,b200-repeats-20260922/rep2-block16/4B/sglang_dflash/sglang_dflash/c2,inter_chunk_latency,22.75907264,p99,ms
16,4B,sglang_dflash,2,3,b200-repeats-20260922/rep3-block16/4B/sglang_dflash/sglang_dflash/c2,inter_chunk_latency,22.520301720000003,p99,ms
16,4B,sglang_dflash,2,1,b200-latest-20260922/4B/sglang_dflash/sglang_dflash/c2,inter_token_latency,1.2779025541176472,p90,ms
16,4B,sglang_dflash,2,2,b200-repeats-20260922/rep2-block16/4B/sglang_dflash/sglang_dflash/c2,inter_token_latency,1.4451922784313724,p90,ms
16,4B,sglang_dflash,2,3,b200-repeats-20260922/rep3-block16/4B/sglang_dflash/sglang_dflash/c2,inter_token_latency,1.3545365047058824,p90,ms
16,4B,sglang_dflash,2,1,b200-latest-20260922/4B/sglang_dflash/sglang_dflash/c2,inter_token_latency,1.676620126745098,p99,ms
16,4B,sglang_dflash,2,2,b200-repeats-20260922/rep2-block16/4B/sglang_dflash/sglang_dflash/c2,inter_token_latency,1.6274740680784312,p99,ms
16,4B,sglang_dflash,2,3,b200-repeats-20260922/rep3-block16/4B/sglang_dflash/sglang_dflash/c2,inter_token_latency,1.6471331980392154,p99,ms
16,4B,sglang_dflash,2,1,b200-latest-20260922/4B/sglang_dflash/sglang_dflash/c2,interactivity,596.4380267469098,derived,tokens/s/user
16,4B,sglang_dflash,2,2,b200-repeats-20260922/rep2-block16/4B/sglang_dflash/sglang_dflash/c2,interactivity,614.449114498461,derived,tokens/s/user
16,4B,sglang_dflash,2,3,b200-repeats-20260922/rep3-block16/4B/sglang_dflash/sglang_dflash/c2,interactivity,607.1154422668565,derived,tokens/s/user
16,4B,sglang_dflash,2,1,b200-latest-20260922/4B/sglang_dflash/sglang_dflash/c2,interactivity,782.5322805544196,derived_p90,tokens/s/user
16,4B,sglang_dflash,2,2,b200-repeats-20260922/rep2-block16/4B/sglang_dflash/sglang_dflash/c2,interactivity,691.9494484743657,derived_p90,tokens/s/user
16,4B,sglang_dflash,2,3,b200-repeats-20260922/rep3-block16/4B/sglang_dflash/sglang_dflash/c2,interactivity,738.2599114352664,derived_p90,tokens/s/user
16,4B,sglang_dflash,2,1,b200-latest-20260922/4B/sglang_dflash/sglang_dflash/c2,output_token_throughput,1811.1299195027357,avg,tokens/s
16,4B,sglang_dflash,2,2,b200-repeats-20260922/rep2-block16/4B/sglang_dflash/sglang_dflash/c2,output_token_throughput,1856.4604770484736,avg,tokens/s
16,4B,sglang_dflash,2,3,b200-repeats-20260922/rep3-block16/4B/sglang_dflash/sglang_dflash/c2,output_token_throughput,1790.2552758390275,avg,tokens/s
16,4B,sglang_dflash,2,1,b200-latest-20260922/4B/sglang_dflash/sglang_dflash/c2,time_to_first_token,56.58478019,p99,ms
16,4B,sglang_dflash,2,2,b200-repeats-20260922/rep2-block16/4B/sglang_dflash/sglang_dflash/c2,time_to_first_token,56.56922948999999,p99,ms
16,4B,sglang_dflash,2,3,b200-repeats-20260922/rep3-block16/4B/sglang_dflash/sglang_dflash/c2,time_to_first_token,56.24285486,p99,ms
16,4B,sglang_dflash,4,1,b200-latest-20260922/4B/sglang_dflash/sglang_dflash/c4,acceptance_length,5.302880072795622,avg,tokens
16,4B,sglang_dflash,4,2,b200-repeats-20260922/rep2-block16/4B/sglang_dflash/sglang_dflash/c4,acceptance_length,5.309559736012135,avg,tokens
16,4B,sglang_dflash,4,3,b200-repeats-20260922/rep3-block16/4B/sglang_dflash/sglang_dflash/c4,acceptance_length,5.2870575580656745,avg,tokens
16,4B,sglang_dflash,4,1,b200-latest-20260922/4B/sglang_dflash/sglang_dflash/c4,inter_chunk_latency,23.73579507,p99,ms
16,4B,sglang_dflash,4,2,b200-repeats-20260922/rep2-block16/4B/sglang_dflash/sglang_dflash/c4,inter_chunk_latency,23.5370129,p99,ms
16,4B,sglang_dflash,4,3,b200-repeats-20260922/rep3-block16/4B/sglang_dflash/sglang_dflash/c4,inter_chunk_latency,24.02358369,p99,ms
16,4B,sglang_dflash,4,1,b200-latest-20260922/4B/sglang_dflash/sglang_dflash/c4,inter_token_latency,1.5142598784313728,p90,ms
16,4B,sglang_dflash,4,2,b200-repeats-20260922/rep2-block16/4B/sglang_dflash/sglang_dflash/c4,inter_token_latency,1.568831008235294,p90,ms
16,4B,sglang_dflash,4,3,b200-repeats-20260922/rep3-block16/4B/sglang_dflash/sglang_dflash/c4,inter_token_latency,1.4607495678431373,p90,ms
16,4B,sglang_dflash,4,1,b200-latest-20260922/4B/sglang_dflash/sglang_dflash/c4,inter_token_latency,2.015287829215685,p99,ms
16,4B,sglang_dflash,4,2,b200-repeats-20260922/rep2-block16/4B/sglang_dflash/sglang_dflash/c4,inter_token_latency,1.933772787843137,p99,ms
16,4B,sglang_dflash,4,3,b200-repeats-20260922/rep3-block16/4B/sglang_dflash/sglang_dflash/c4,inter_token_latency,1.955297917647057,p99,ms
16,4B,sglang_dflash,4,1,b200-latest-20260922/4B/sglang_dflash/sglang_dflash/c4,interactivity,496.207035790606,derived,tokens/s/user
16,4B,sglang_dflash,4,2,b200-repeats-20260922/rep2-block16/4B/sglang_dflash/sglang_dflash/c4,interactivity,517.123834964792,derived,tokens/s/user
16,4B,sglang_dflash,4,3,b200-repeats-20260922/rep3-block16/4B/sglang_dflash/sglang_dflash/c4,interactivity,511.4310156906258,derived,tokens/s/user
16,4B,sglang_dflash,4,1,b200-latest-20260922/4B/sglang_dflash/sglang_dflash/c4,interactivity,660.3886256538102,derived_p90,tokens/s/user
16,4B,sglang_dflash,4,2,b200-repeats-20260922/rep2-block16/4B/sglang_dflash/sglang_dflash/c4,interactivity,637.417283793271,derived_p90,tokens/s/user
16,4B,sglang_dflash,4,3,b200-repeats-20260922/rep3-block16/4B/sglang_dflash/sglang_dflash/c4,interactivity,684.5800416539196,derived_p90,tokens/s/user
16,4B,sglang_dflash,4,1,b200-latest-20260922/4B/sglang_dflash/sglang_dflash/c4,output_token_throughput,3106.551367665921,avg,tokens/s
16,4B,sglang_dflash,4,2,b200-repeats-20260922/rep2-block16/4B/sglang_dflash/sglang_dflash/c4,output_token_throughput,3077.2998857289317,avg,tokens/s
16,4B,sglang_dflash,4,3,b200-repeats-20260922/rep3-block16/4B/sglang_dflash/sglang_dflash/c4,output_token_throughput,3108.6522134218126,avg,tokens/s
16,4B,sglang_dflash,4,1,b200-latest-20260922/4B/sglang_dflash/sglang_dflash/c4,time_to_first_token,57.68085793,p99,ms
16,4B,sglang_dflash,4,2,b200-repeats-20260922/rep2-block16/4B/sglang_dflash/sglang_dflash/c4,time_to_first_token,66.87682532,p99,ms
16,4B,sglang_dflash,4,3,b200-repeats-20260922/rep3-block16/4B/sglang_dflash/sglang_dflash/c4,time_to_first_token,58.67152635999998,p99,ms
16,4B,sglang_dflash,8,1,b200-latest-20260922/4B/sglang_dflash/sglang_dflash/c8,acceptance_length,5.091251498438052,avg,tokens
16,4B,sglang_dflash,8,2,b200-repeats-20260922/rep2-block16/4B/sglang_dflash/sglang_dflash/c8,acceptance_length,5.08569241328655,avg,tokens
16,4B,sglang_dflash,8,3,b200-repeats-20260922/rep3-block16/4B/sglang_dflash/sglang_dflash/c8,acceptance_length,5.477284232555523,avg,tokens
16,4B,sglang_dflash,8,1,b200-latest-20260922/4B/sglang_dflash/sglang_dflash/c8,inter_chunk_latency,28.767731220000005,p99,ms
16,4B,sglang_dflash,8,2,b200-repeats-20260922/rep2-block16/4B/sglang_dflash/sglang_dflash/c8,inter_chunk_latency,34.69954383999998,p99,ms
16,4B,sglang_dflash,8,3,b200-repeats-20260922/rep3-block16/4B/sglang_dflash/sglang_dflash/c8,inter_chunk_latency,28.51712841,p99,ms
16,4B,sglang_dflash,8,1,b200-latest-20260922/4B/sglang_dflash/sglang_dflash/c8,inter_token_latency,2.3882483831372543,p90,ms
16,4B,sglang_dflash,8,2,b200-repeats-20260922/rep2-block16/4B/sglang_dflash/sglang_dflash/c8,inter_token_latency,2.3645665478431366,p90,ms
16,4B,sglang_dflash,8,3,b200-repeats-20260922/rep3-block16/4B/sglang_dflash/sglang_dflash/c8,inter_token_latency,2.238151325882353,p90,ms
16,4B,sglang_dflash,8,1,b200-latest-20260922/4B/sglang_dflash/sglang_dflash/c8,inter_token_latency,3.095324697019607,p99,ms
16,4B,sglang_dflash,8,2,b200-repeats-20260922/rep2-block16/4B/sglang_dflash/sglang_dflash/c8,inter_token_latency,2.7743233373333327,p99,ms
16,4B,sglang_dflash,8,3,b200-repeats-20260922/rep3-block16/4B/sglang_dflash/sglang_dflash/c8,inter_token_latency,2.740554980352941,p99,ms
16,4B,sglang_dflash,8,1,b200-latest-20260922/4B/sglang_dflash/sglang_dflash/c8,interactivity,323.06788394861104,derived,tokens/s/user
16,4B,sglang_dflash,8,2,b200-repeats-20260922/rep2-block16/4B/sglang_dflash/sglang_dflash/c8,interactivity,360.44825292829626,derived,tokens/s/user
16,4B,sglang_dflash,8,3,b200-repeats-20260922/rep3-block16/4B/sglang_dflash/sglang_dflash/c8,interactivity,364.8895961471335,derived,tokens/s/user
16,4B,sglang_dflash,8,1,b200-latest-20260922/4B/sglang_dflash/sglang_dflash/c8,interactivity,418.7169169926867,derived_p90,tokens/s/user
16,4B,sglang_dflash,8,2,b200-repeats-20260922/rep2-block16/4B/sglang_dflash/sglang_dflash/c8,interactivity,422.91049110550944,derived_p90,tokens/s/user
16,4B,sglang_dflash,8,3,b200-repeats-20260922/rep3-block16/4B/sglang_dflash/sglang_dflash/c8,interactivity,446.79731367393896,derived_p90,tokens/s/user
16,4B,sglang_dflash,8,1,b200-latest-20260922/4B/sglang_dflash/sglang_dflash/c8,output_token_throughput,4269.918720391525,avg,tokens/s
16,4B,sglang_dflash,8,2,b200-repeats-20260922/rep2-block16/4B/sglang_dflash/sglang_dflash/c8,output_token_throughput,4114.66984640133,avg,tokens/s
16,4B,sglang_dflash,8,3,b200-repeats-20260922/rep3-block16/4B/sglang_dflash/sglang_dflash/c8,output_token_throughput,4489.2130512681615,avg,tokens/s
16,4B,sglang_dflash,8,1,b200-latest-20260922/4B/sglang_dflash/sglang_dflash/c8,time_to_first_token,62.68362475,p99,ms
16,4B,sglang_dflash,8,2,b200-repeats-20260922/rep2-block16/4B/sglang_dflash/sglang_dflash/c8,time_to_first_token,80.96751266,p99,ms
16,4B,sglang_dflash,8,3,b200-repeats-20260922/rep3-block16/4B/sglang_dflash/sglang_dflash/c8,time_to_first_token,69.22333764,p99,ms
16,4B,sglang_dflash,16,1,b200-latest-20260922/4B/sglang_dflash/sglang_dflash/c16,acceptance_length,5.58283162717101,avg,tokens
16,4B,sglang_dflash,16,2,b200-repeats-20260922/rep2-block16/4B/sglang_dflash/sglang_dflash/c16,acceptance_length,5.608086839884177,avg,tokens
16,4B,sglang_dflash,16,3,b200-repeats-20260922/rep3-block16/4B/sglang_dflash/sglang_dflash/c16,acceptance_length,5.576035259014091,avg,tokens
16,4B,sglang_dflash,16,1,b200-latest-20260922/4B/sglang_dflash/sglang_dflash/c16,inter_chunk_latency,50.69136192,p99,ms
16,4B,sglang_dflash,16,2,b200-repeats-20260922/rep2-block16/4B/sglang_dflash/sglang_dflash/c16,inter_chunk_latency,43.50576496999996,p99,ms
16,4B,sglang_dflash,16,3,b200-repeats-20260922/rep3-block16/4B/sglang_dflash/sglang_dflash/c16,inter_chunk_latency,47.62421591,p99,ms
16,4B,sglang_dflash,16,1,b200-latest-20260922/4B/sglang_dflash/sglang_dflash/c16,inter_token_latency,3.573238538039216,p90,ms
16,4B,sglang_dflash,16,2,b200-repeats-20260922/rep2-block16/4B/sglang_dflash/sglang_dflash/c16,inter_token_latency,3.8220116415686274,p90,ms
16,4B,sglang_dflash,16,3,b200-repeats-20260922/rep3-block16/4B/sglang_dflash/sglang_dflash/c16,inter_token_latency,3.5628339462745093,p90,ms
16,4B,sglang_dflash,16,1,b200-latest-20260922/4B/sglang_dflash/sglang_dflash/c16,inter_token_latency,4.688619841411764,p99,ms
16,4B,sglang_dflash,16,2,b200-repeats-20260922/rep2-block16/4B/sglang_dflash/sglang_dflash/c16,inter_token_latency,5.178719313529412,p99,ms
16,4B,sglang_dflash,16,3,b200-repeats-20260922/rep3-block16/4B/sglang_dflash/sglang_dflash/c16,inter_token_latency,5.05500391364706,p99,ms
16,4B,sglang_dflash,16,1,b200-latest-20260922/4B/sglang_dflash/sglang_dflash/c16,interactivity,213.2823802790749,derived,tokens/s/user
16,4B,sglang_dflash,16,2,b200-repeats-20260922/rep2-block16/4B/sglang_dflash/sglang_dflash/c16,interactivity,193.09793395975305,derived,tokens/s/user
16,4B,sglang_dflash,16,3,b200-repeats-20260922/rep3-block16/4B/sglang_dflash/sglang_dflash/c16,interactivity,197.82378353858184,derived,tokens/s/user
16,4B,sglang_dflash,16,1,b200-latest-20260922/4B/sglang_dflash/sglang_dflash/c16,interactivity,279.85817049559233,derived_p90,tokens/s/user
16,4B,sglang_dflash,16,2,b200-repeats-20260922/rep2-block16/4B/sglang_dflash/sglang_dflash/c16,interactivity,261.64232184012417,derived_p90,tokens/s/user
16,4B,sglang_dflash,16,3,b200-repeats-20260922/rep3-block16/4B/sglang_dflash/sglang_dflash/c16,interactivity,280.6754440648725,derived_p90,tokens/s/user
16,4B,sglang_dflash,16,1,b200-latest-20260922/4B/sglang_dflash/sglang_dflash/c16,output_token_throughput,5808.047872682408,avg,tokens/s
16,4B,sglang_dflash,16,2,b200-repeats-20260922/rep2-block16/4B/sglang_dflash/sglang_dflash/c16,output_token_throughput,5612.407792157279,avg,tokens/s
16,4B,sglang_dflash,16,3,b200-repeats-20260922/rep3-block16/4B/sglang_dflash/sglang_dflash/c16,output_token_throughput,5877.008290648202,avg,tokens/s
16,4B,sglang_dflash,16,1,b200-latest-20260922/4B/sglang_dflash/sglang_dflash/c16,time_to_first_token,82.60982861,p99,ms
16,4B,sglang_dflash,16,2,b200-repeats-20260922/rep2-block16/4B/sglang_dflash/sglang_dflash/c16,time_to_first_token,72.92173017,p99,ms
16,4B,sglang_dflash,16,3,b200-repeats-20260922/rep3-block16/4B/sglang_dflash/sglang_dflash/c16,time_to_first_token,65.5880576,p99,ms
16,4B,sglang_dflash,32,1,b200-latest-20260922/4B/sglang_dflash/sglang_dflash/c32,acceptance_length,5.529099383873291,avg,tokens
16,4B,sglang_dflash,32,2,b200-repeats-20260922/rep2-block16/4B/sglang_dflash/sglang_dflash/c32,acceptance_length,5.552600078084659,avg,tokens
16,4B,sglang_dflash,32,3,b200-repeats-20260922/rep3-block16/4B/sglang_dflash/sglang_dflash/c32,acceptance_length,5.546679357670265,avg,tokens
16,4B,sglang_dflash,32,1,b200-latest-20260922/4B/sglang_dflash/sglang_dflash/c32,inter_chunk_latency,30.367345429999997,p99,ms
16,4B,sglang_dflash,32,2,b200-repeats-20260922/rep2-block16/4B/sglang_dflash/sglang_dflash/c32,inter_chunk_latency,37.16287483999999,p99,ms
16,4B,sglang_dflash,32,3,b200-repeats-20260922/rep3-block16/4B/sglang_dflash/sglang_dflash/c32,inter_chunk_latency,31.768789840000004,p99,ms
16,4B,sglang_dflash,32,1,b200-latest-20260922/4B/sglang_dflash/sglang_dflash/c32,inter_token_latency,4.343756481960784,p90,ms
16,4B,sglang_dflash,32,2,b200-repeats-20260922/rep2-block16/4B/sglang_dflash/sglang_dflash/c32,inter_token_latency,4.430081867058823,p90,ms
16,4B,sglang_dflash,32,3,b200-repeats-20260922/rep3-block16/4B/sglang_dflash/sglang_dflash/c32,inter_token_latency,4.300937927058823,p90,ms
16,4B,sglang_dflash,32,1,b200-latest-20260922/4B/sglang_dflash/sglang_dflash/c32,inter_token_latency,5.605644027333334,p99,ms
16,4B,sglang_dflash,32,2,b200-repeats-20260922/rep2-block16/4B/sglang_dflash/sglang_dflash/c32,inter_token_latency,5.782518282274509,p99,ms
16,4B,sglang_dflash,32,3,b200-repeats-20260922/rep3-block16/4B/sglang_dflash/sglang_dflash/c32,inter_token_latency,5.511051126901962,p99,ms
16,4B,sglang_dflash,32,1,b200-latest-20260922/4B/sglang_dflash/sglang_dflash/c32,interactivity,178.39163441773363,derived,tokens/s/user
16,4B,sglang_dflash,32,2,b200-repeats-20260922/rep2-block16/4B/sglang_dflash/sglang_dflash/c32,interactivity,172.9350347348418,derived,tokens/s/user
16,4B,sglang_dflash,32,3,b200-repeats-20260922/rep3-block16/4B/sglang_dflash/sglang_dflash/c32,interactivity,181.45358788608263,derived,tokens/s/user
16,4B,sglang_dflash,32,1,b200-latest-20260922/4B/sglang_dflash/sglang_dflash/c32,interactivity,230.21548379908194,derived_p90,tokens/s/user
16,4B,sglang_dflash,32,2,b200-repeats-20260922/rep2-block16/4B/sglang_dflash/sglang_dflash/c32,interactivity,225.72946279746975,derived_p90,tokens/s/user
16,4B,sglang_dflash,32,3,b200-repeats-20260922/rep3-block16/4B/sglang_dflash/sglang_dflash/c32,interactivity,232.5074244175027,derived_p90,tokens/s/user
16,4B,sglang_dflash,32,1,b200-latest-20260922/4B/sglang_dflash/sglang_dflash/c32,output_token_throughput,9546.28792306848,avg,tokens/s
16,4B,sglang_dflash,32,2,b200-repeats-20260922/rep2-block16/4B/sglang_dflash/sglang_dflash/c32,output_token_throughput,9170.236137494689,avg,tokens/s
16,4B,sglang_dflash,32,3,b200-repeats-20260922/rep3-block16/4B/sglang_dflash/sglang_dflash/c32,output_token_throughput,9611.103908118315,avg,tokens/s
16,4B,sglang_dflash,32,1,b200-latest-20260922/4B/sglang_dflash/sglang_dflash/c32,time_to_first_token,205.79921485000008,p99,ms
16,4B,sglang_dflash,32,2,b200-repeats-20260922/rep2-block16/4B/sglang_dflash/sglang_dflash/c32,time_to_first_token,228.1218601700001,p99,ms
16,4B,sglang_dflash,32,3,b200-repeats-20260922/rep3-block16/4B/sglang_dflash/sglang_dflash/c32,time_to_first_token,191.37530595,p99,ms
16,4B,vllm_baseline,1,1,b200-latest-20260922/4B/vllm_baseline/vllm_baseline/c1,inter_chunk_latency,3.120504929999996,p99,ms
16,4B,vllm_baseline,1,2,b200-repeats-20260922/rep2-block16/4B/vllm_baseline/vllm_baseline/c1,inter_chunk_latency,3.3420157999999964,p99,ms
16,4B,vllm_baseline,1,3,b200-repeats-20260922/rep3-block16/4B/vllm_baseline/vllm_baseline/c1,inter_chunk_latency,3.767110299999998,p99,ms
16,4B,vllm_baseline,1,1,b200-latest-20260922/4B/vllm_baseline/vllm_baseline/c1,inter_token_latency,2.460536405490196,p90,ms
16,4B,vllm_baseline,1,2,b200-repeats-20260922/rep2-block16/4B/vllm_baseline/vllm_baseline/c1,inter_token_latency,2.409948533333333,p90,ms
16,4B,vllm_baseline,1,3,b200-repeats-20260922/rep3-block16/4B/vllm_baseline/vllm_baseline/c1,inter_token_latency,2.537002949019608,p90,ms
16,4B,vllm_baseline,1,1,b200-latest-20260922/4B/vllm_baseline/vllm_baseline/c1,inter_token_latency,2.4765951661176464,p99,ms
16,4B,vllm_baseline,1,2,b200-repeats-20260922/rep2-block16/4B/vllm_baseline/vllm_baseline/c1,inter_token_latency,2.4208012099607847,p99,ms
16,4B,vllm_baseline,1,3,b200-repeats-20260922/rep3-block16/4B/vllm_baseline/vllm_baseline/c1,inter_token_latency,2.634519895686274,p99,ms
16,4B,vllm_baseline,1,1,b200-latest-20260922/4B/vllm_baseline/vllm_baseline/c1,interactivity,403.7801630565311,derived,tokens/s/user
16,4B,vllm_baseline,1,2,b200-repeats-20260922/rep2-block16/4B/vllm_baseline/vllm_baseline/c1,interactivity,413.0863764795455,derived,tokens/s/user
16,4B,vllm_baseline,1,3,b200-repeats-20260922/rep3-block16/4B/vllm_baseline/vllm_baseline/c1,interactivity,379.5758011307434,derived,tokens/s/user
16,4B,vllm_baseline,1,1,b200-latest-20260922/4B/vllm_baseline/vllm_baseline/c1,interactivity,406.4154457413024,derived_p90,tokens/s/user
16,4B,vllm_baseline,1,2,b200-repeats-20260922/rep2-block16/4B/vllm_baseline/vllm_baseline/c1,interactivity,414.9466207134493,derived_p90,tokens/s/user
16,4B,vllm_baseline,1,3,b200-repeats-20260922/rep3-block16/4B/vllm_baseline/vllm_baseline/c1,interactivity,394.16588001462003,derived_p90,tokens/s/user
16,4B,vllm_baseline,1,1,b200-latest-20260922/4B/vllm_baseline/vllm_baseline/c1,output_token_throughput,389.9830764675363,avg,tokens/s
16,4B,vllm_baseline,1,2,b200-repeats-20260922/rep2-block16/4B/vllm_baseline/vllm_baseline/c1,output_token_throughput,397.00318798795433,avg,tokens/s
16,4B,vllm_baseline,1,3,b200-repeats-20260922/rep3-block16/4B/vllm_baseline/vllm_baseline/c1,output_token_throughput,376.42991109731474,avg,tokens/s
16,4B,vllm_baseline,1,1,b200-latest-20260922/4B/vllm_baseline/vllm_baseline/c1,time_to_first_token,29.016023570000037,p99,ms
16,4B,vllm_baseline,1,2,b200-repeats-20260922/rep2-block16/4B/vllm_baseline/vllm_baseline/c1,time_to_first_token,32.585634330000055,p99,ms
16,4B,vllm_baseline,1,3,b200-repeats-20260922/rep3-block16/4B/vllm_baseline/vllm_baseline/c1,time_to_first_token,50.27359009,p99,ms
16,4B,vllm_baseline,2,1,b200-latest-20260922/4B/vllm_baseline/vllm_baseline/c2,inter_chunk_latency,3.27607142,p99,ms
16,4B,vllm_baseline,2,2,b200-repeats-20260922/rep2-block16/4B/vllm_baseline/vllm_baseline/c2,inter_chunk_latency,3.3437991399999847,p99,ms
16,4B,vllm_baseline,2,3,b200-repeats-20260922/rep3-block16/4B/vllm_baseline/vllm_baseline/c2,inter_chunk_latency,3.57424523,p99,ms
16,4B,vllm_baseline,2,1,b200-latest-20260922/4B/vllm_baseline/vllm_baseline/c2,inter_token_latency,2.5956885811764705,p90,ms
16,4B,vllm_baseline,2,2,b200-repeats-20260922/rep2-block16/4B/vllm_baseline/vllm_baseline/c2,inter_token_latency,2.5306476749019606,p90,ms
16,4B,vllm_baseline,2,3,b200-repeats-20260922/rep3-block16/4B/vllm_baseline/vllm_baseline/c2,inter_token_latency,2.6484487494117643,p90,ms
16,4B,vllm_baseline,2,1,b200-latest-20260922/4B/vllm_baseline/vllm_baseline/c2,inter_token_latency,2.619234237490196,p99,ms
16,4B,vllm_baseline,2,2,b200-repeats-20260922/rep2-block16/4B/vllm_baseline/vllm_baseline/c2,inter_token_latency,2.538831934184345,p99,ms
16,4B,vllm_baseline,2,3,b200-repeats-20260922/rep3-block16/4B/vllm_baseline/vllm_baseline/c2,inter_token_latency,2.6512006005098034,p99,ms
16,4B,vllm_baseline,2,1,b200-latest-20260922/4B/vllm_baseline/vllm_baseline/c2,interactivity,381.7909775638168,derived,tokens/s/user
16,4B,vllm_baseline,2,2,b200-repeats-20260922/rep2-block16/4B/vllm_baseline/vllm_baseline/c2,interactivity,393.8819212628471,derived,tokens/s/user
16,4B,vllm_baseline,2,3,b200-repeats-20260922/rep3-block16/4B/vllm_baseline/vllm_baseline/c2,interactivity,377.18760315900215,derived,tokens/s/user
16,4B,vllm_baseline,2,1,b200-latest-20260922/4B/vllm_baseline/vllm_baseline/c2,interactivity,385.2542278191014,derived_p90,tokens/s/user
16,4B,vllm_baseline,2,2,b200-repeats-20260922/rep2-block16/4B/vllm_baseline/vllm_baseline/c2,interactivity,395.15575791827314,derived_p90,tokens/s/user
16,4B,vllm_baseline,2,3,b200-repeats-20260922/rep3-block16/4B/vllm_baseline/vllm_baseline/c2,interactivity,377.57951715022074,derived_p90,tokens/s/user
16,4B,vllm_baseline,2,1,b200-latest-20260922/4B/vllm_baseline/vllm_baseline/c2,output_token_throughput,716.9075934817713,avg,tokens/s
16,4B,vllm_baseline,2,2,b200-repeats-20260922/rep2-block16/4B/vllm_baseline/vllm_baseline/c2,output_token_throughput,730.532189799259,avg,tokens/s
16,4B,vllm_baseline,2,3,b200-repeats-20260922/rep3-block16/4B/vllm_baseline/vllm_baseline/c2,output_token_throughput,703.3645410192884,avg,tokens/s
16,4B,vllm_baseline,2,1,b200-latest-20260922/4B/vllm_baseline/vllm_baseline/c2,time_to_first_token,57.81895685,p99,ms
16,4B,vllm_baseline,2,2,b200-repeats-20260922/rep2-block16/4B/vllm_baseline/vllm_baseline/c2,time_to_first_token,67.69922801,p99,ms
16,4B,vllm_baseline,2,3,b200-repeats-20260922/rep3-block16/4B/vllm_baseline/vllm_baseline/c2,time_to_first_token,57.12665404999999,p99,ms
16,4B,vllm_baseline,4,1,b200-latest-20260922/4B/vllm_baseline/vllm_baseline/c4,inter_chunk_latency,3.3444467499999986,p99,ms
16,4B,vllm_baseline,4,2,b200-repeats-20260922/rep2-block16/4B/vllm_baseline/vllm_baseline/c4,inter_chunk_latency,3.685906889999996,p99,ms
16,4B,vllm_baseline,4,3,b200-repeats-20260922/rep3-block16/4B/vllm_baseline/vllm_baseline/c4,inter_chunk_latency,3.8320621600000018,p99,ms
16,4B,vllm_baseline,4,1,b200-latest-20260922/4B/vllm_baseline/vllm_baseline/c4,inter_token_latency,2.6160799741176466,p90,ms
16,4B,vllm_baseline,4,2,b200-repeats-20260922/rep2-block16/4B/vllm_baseline/vllm_baseline/c4,inter_token_latency,2.5774952272857803,p90,ms
16,4B,vllm_baseline,4,3,b200-repeats-20260922/rep3-block16/4B/vllm_baseline/vllm_baseline/c4,inter_token_latency,2.695189741568627,p90,ms
16,4B,vllm_baseline,4,1,b200-latest-20260922/4B/vllm_baseline/vllm_baseline/c4,inter_token_latency,2.6230829706870464,p99,ms
16,4B,vllm_baseline,4,2,b200-repeats-20260922/rep2-block16/4B/vllm_baseline/vllm_baseline/c4,inter_token_latency,2.5963034234509803,p99,ms
16,4B,vllm_baseline,4,3,b200-repeats-20260922/rep3-block16/4B/vllm_baseline/vllm_baseline/c4,inter_token_latency,2.8760171854117647,p99,ms
16,4B,vllm_baseline,4,1,b200-latest-20260922/4B/vllm_baseline/vllm_baseline/c4,interactivity,381.2307926112138,derived,tokens/s/user
16,4B,vllm_baseline,4,2,b200-repeats-20260922/rep2-block16/4B/vllm_baseline/vllm_baseline/c4,interactivity,385.1629940351156,derived,tokens/s/user
16,4B,vllm_baseline,4,3,b200-repeats-20260922/rep3-block16/4B/vllm_baseline/vllm_baseline/c4,interactivity,347.703068351738,derived,tokens/s/user
16,4B,vllm_baseline,4,1,b200-latest-20260922/4B/vllm_baseline/vllm_baseline/c4,interactivity,382.2513110812986,derived_p90,tokens/s/user
16,4B,vllm_baseline,4,2,b200-repeats-20260922/rep2-block16/4B/vllm_baseline/vllm_baseline/c4,interactivity,387.97356030530676,derived_p90,tokens/s/user
16,4B,vllm_baseline,4,3,b200-repeats-20260922/rep3-block16/4B/vllm_baseline/vllm_baseline/c4,interactivity,371.03139143665265,derived_p90,tokens/s/user
16,4B,vllm_baseline,4,1,b200-latest-20260922/4B/vllm_baseline/vllm_baseline/c4,output_token_throughput,1428.1974418511406,avg,tokens/s
16,4B,vllm_baseline,4,2,b200-repeats-20260922/rep2-block16/4B/vllm_baseline/vllm_baseline/c4,output_token_throughput,1440.4603459566702,avg,tokens/s
16,4B,vllm_baseline,4,3,b200-repeats-20260922/rep3-block16/4B/vllm_baseline/vllm_baseline/c4,output_token_throughput,1379.3126177202553,avg,tokens/s
16,4B,vllm_baseline,4,1,b200-latest-20260922/4B/vllm_baseline/vllm_baseline/c4,time_to_first_token,59.71047390999999,p99,ms
16,4B,vllm_baseline,4,2,b200-repeats-20260922/rep2-block16/4B/vllm_baseline/vllm_baseline/c4,time_to_first_token,62.46312335,p99,ms
16,4B,vllm_baseline,4,3,b200-repeats-20260922/rep3-block16/4B/vllm_baseline/vllm_baseline/c4,time_to_first_token,58.06749119,p99,ms
16,4B,vllm_baseline,8,1,b200-latest-20260922/4B/vllm_baseline/vllm_baseline/c8,inter_chunk_latency,3.931657399999998,p99,ms
16,4B,vllm_baseline,8,2,b200-repeats-20260922/rep2-block16/4B/vllm_baseline/vllm_baseline/c8,inter_chunk_latency,3.697624650000005,p99,ms
16,4B,vllm_baseline,8,3,b200-repeats-20260922/rep3-block16/4B/vllm_baseline/vllm_baseline/c8,inter_chunk_latency,3.8341593,p99,ms
16,4B,vllm_baseline,8,1,b200-latest-20260922/4B/vllm_baseline/vllm_baseline/c8,inter_token_latency,2.7155723337254902,p90,ms
16,4B,vllm_baseline,8,2,b200-repeats-20260922/rep2-block16/4B/vllm_baseline/vllm_baseline/c8,inter_token_latency,2.657389070588235,p90,ms
16,4B,vllm_baseline,8,3,b200-repeats-20260922/rep3-block16/4B/vllm_baseline/vllm_baseline/c8,inter_token_latency,2.765129549411764,p90,ms
16,4B,vllm_baseline,8,1,b200-latest-20260922/4B/vllm_baseline/vllm_baseline/c8,inter_token_latency,2.7386127069803923,p99,ms
16,4B,vllm_baseline,8,2,b200-repeats-20260922/rep2-block16/4B/vllm_baseline/vllm_baseline/c8,inter_token_latency,2.6635344234117646,p99,ms
16,4B,vllm_baseline,8,3,b200-repeats-20260922/rep3-block16/4B/vllm_baseline/vllm_baseline/c8,inter_token_latency,2.7802365705882357,p99,ms
16,4B,vllm_baseline,8,1,b200-latest-20260922/4B/vllm_baseline/vllm_baseline/c8,interactivity,365.14838240950286,derived,tokens/s/user
16,4B,vllm_baseline,8,2,b200-repeats-20260922/rep2-block16/4B/vllm_baseline/vllm_baseline/c8,interactivity,375.4409896903392,derived,tokens/s/user
16,4B,vllm_baseline,8,3,b200-repeats-20260922/rep3-block16/4B/vllm_baseline/vllm_baseline/c8,interactivity,359.68162226872033,derived,tokens/s/user
16,4B,vllm_baseline,8,1,b200-latest-20260922/4B/vllm_baseline/vllm_baseline/c8,interactivity,368.24649727820037,derived_p90,tokens/s/user
16,4B,vllm_baseline,8,2,b200-repeats-20260922/rep2-block16/4B/vllm_baseline/vllm_baseline/c8,interactivity,376.30921684292235,derived_p90,tokens/s/user
16,4B,vllm_baseline,8,3,b200-repeats-20260922/rep3-block16/4B/vllm_baseline/vllm_baseline/c8,interactivity,361.64670845629405,derived_p90,tokens/s/user
16,4B,vllm_baseline,8,1,b200-latest-20260922/4B/vllm_baseline/vllm_baseline/c8,output_token_throughput,2744.435667288546,avg,tokens/s
16,4B,vllm_baseline,8,2,b200-repeats-20260922/rep2-block16/4B/vllm_baseline/vllm_baseline/c8,output_token_throughput,2772.511149800577,avg,tokens/s
16,4B,vllm_baseline,8,3,b200-repeats-20260922/rep3-block16/4B/vllm_baseline/vllm_baseline/c8,output_token_throughput,2629.275595979232,avg,tokens/s
16,4B,vllm_baseline,8,1,b200-latest-20260922/4B/vllm_baseline/vllm_baseline/c8,time_to_first_token,74.68404208,p99,ms
16,4B,vllm_baseline,8,2,b200-repeats-20260922/rep2-block16/4B/vllm_baseline/vllm_baseline/c8,time_to_first_token,69.03343412,p99,ms
16,4B,vllm_baseline,8,3,b200-repeats-20260922/rep3-block16/4B/vllm_baseline/vllm_baseline/c8,time_to_first_token,95.87662741,p99,ms
16,4B,vllm_baseline,16,1,b200-latest-20260922/4B/vllm_baseline/vllm_baseline/c16,inter_chunk_latency,4.124214990000001,p99,ms
16,4B,vllm_baseline,16,2,b200-repeats-20260922/rep2-block16/4B/vllm_baseline/vllm_baseline/c16,inter_chunk_latency,4.23645676,p99,ms
16,4B,vllm_baseline,16,3,b200-repeats-20260922/rep3-block16/4B/vllm_baseline/vllm_baseline/c16,inter_chunk_latency,6.670840379999911,p99,ms
16,4B,vllm_baseline,16,1,b200-latest-20260922/4B/vllm_baseline/vllm_baseline/c16,inter_token_latency,2.849749965490196,p90,ms
16,4B,vllm_baseline,16,2,b200-repeats-20260922/rep2-block16/4B/vllm_baseline/vllm_baseline/c16,inter_token_latency,2.844620645882353,p90,ms
16,4B,vllm_baseline,16,3,b200-repeats-20260922/rep3-block16/4B/vllm_baseline/vllm_baseline/c16,inter_token_latency,2.9479933952941177,p90,ms
16,4B,vllm_baseline,16,1,b200-latest-20260922/4B/vllm_baseline/vllm_baseline/c16,inter_token_latency,2.872792521686274,p99,ms
16,4B,vllm_baseline,16,2,b200-repeats-20260922/rep2-block16/4B/vllm_baseline/vllm_baseline/c16,inter_token_latency,2.855073044666667,p99,ms
16,4B,vllm_baseline,16,3,b200-repeats-20260922/rep3-block16/4B/vllm_baseline/vllm_baseline/c16,inter_token_latency,3.517202014627451,p99,ms
16,4B,vllm_baseline,16,1,b200-latest-20260922/4B/vllm_baseline/vllm_baseline/c16,interactivity,348.0933594929504,derived,tokens/s/user
16,4B,vllm_baseline,16,2,b200-repeats-20260922/rep2-block16/4B/vllm_baseline/vllm_baseline/c16,interactivity,350.2537358432983,derived,tokens/s/user
16,4B,vllm_baseline,16,3,b200-repeats-20260922/rep3-block16/4B/vllm_baseline/vllm_baseline/c16,interactivity,284.31690754217937,derived,tokens/s/user
16,4B,vllm_baseline,16,1,b200-latest-20260922/4B/vllm_baseline/vllm_baseline/c16,interactivity,350.90797863313117,derived_p90,tokens/s/user
16,4B,vllm_baseline,16,2,b200-repeats-20260922/rep2-block16/4B/vllm_baseline/vllm_baseline/c16,interactivity,351.54072352231594,derived_p90,tokens/s/user
16,4B,vllm_baseline,16,3,b200-repeats-20260922/rep3-block16/4B/vllm_baseline/vllm_baseline/c16,interactivity,339.21378575552444,derived_p90,tokens/s/user
16,4B,vllm_baseline,16,1,b200-latest-20260922/4B/vllm_baseline/vllm_baseline/c16,output_token_throughput,5148.070128555642,avg,tokens/s
16,4B,vllm_baseline,16,2,b200-repeats-20260922/rep2-block16/4B/vllm_baseline/vllm_baseline/c16,output_token_throughput,5138.252876986979,avg,tokens/s
16,4B,vllm_baseline,16,3,b200-repeats-20260922/rep3-block16/4B/vllm_baseline/vllm_baseline/c16,output_token_throughput,4824.319737994006,avg,tokens/s
16,4B,vllm_baseline,16,1,b200-latest-20260922/4B/vllm_baseline/vllm_baseline/c16,time_to_first_token,81.19165789,p99,ms
16,4B,vllm_baseline,16,2,b200-repeats-20260922/rep2-block16/4B/vllm_baseline/vllm_baseline/c16,time_to_first_token,80.04172091,p99,ms
16,4B,vllm_baseline,16,3,b200-repeats-20260922/rep3-block16/4B/vllm_baseline/vllm_baseline/c16,time_to_first_token,115.76900343,p99,ms
16,4B,vllm_baseline,32,1,b200-latest-20260922/4B/vllm_baseline/vllm_baseline/c32,inter_chunk_latency,4.888457440000004,p99,ms
16,4B,vllm_baseline,32,2,b200-repeats-20260922/rep2-block16/4B/vllm_baseline/vllm_baseline/c32,inter_chunk_latency,5.21147457,p99,ms
16,4B,vllm_baseline,32,3,b200-repeats-20260922/rep3-block16/4B/vllm_baseline/vllm_baseline/c32,inter_chunk_latency,6.62835716,p99,ms
16,4B,vllm_baseline,32,1,b200-latest-20260922/4B/vllm_baseline/vllm_baseline/c32,inter_token_latency,3.1287200670588233,p90,ms
16,4B,vllm_baseline,32,2,b200-repeats-20260922/rep2-block16/4B/vllm_baseline/vllm_baseline/c32,inter_token_latency,3.113288373921568,p90,ms
16,4B,vllm_baseline,32,3,b200-repeats-20260922/rep3-block16/4B/vllm_baseline/vllm_baseline/c32,inter_token_latency,3.361206627843137,p90,ms
16,4B,vllm_baseline,32,1,b200-latest-20260922/4B/vllm_baseline/vllm_baseline/c32,inter_token_latency,3.1826309832156863,p99,ms
16,4B,vllm_baseline,32,2,b200-repeats-20260922/rep2-block16/4B/vllm_baseline/vllm_baseline/c32,inter_token_latency,3.190692838823529,p99,ms
16,4B,vllm_baseline,32,3,b200-repeats-20260922/rep3-block16/4B/vllm_baseline/vllm_baseline/c32,inter_token_latency,3.5128619721568626,p99,ms
16,4B,vllm_baseline,32,1,b200-latest-20260922/4B/vllm_baseline/vllm_baseline/c32,interactivity,314.2054499166642,derived,tokens/s/user
16,4B,vllm_baseline,32,2,b200-repeats-20260922/rep2-block16/4B/vllm_baseline/vllm_baseline/c32,interactivity,313.4115537015213,derived,tokens/s/user
16,4B,vllm_baseline,32,3,b200-repeats-20260922/rep3-block16/4B/vllm_baseline/vllm_baseline/c32,interactivity,284.668173109577,derived,tokens/s/user
16,4B,vllm_baseline,32,1,b200-latest-20260922/4B/vllm_baseline/vllm_baseline/c32,interactivity,319.61951806703416,derived_p90,tokens/s/user
16,4B,vllm_baseline,32,2,b200-repeats-20260922/rep2-block16/4B/vllm_baseline/vllm_baseline/c32,interactivity,321.203781948531,derived_p90,tokens/s/user
16,4B,vllm_baseline,32,3,b200-repeats-20260922/rep3-block16/4B/vllm_baseline/vllm_baseline/c32,interactivity,297.51220639526497,derived_p90,tokens/s/user
16,4B,vllm_baseline,32,1,b200-latest-20260922/4B/vllm_baseline/vllm_baseline/c32,output_token_throughput,9120.767337791838,avg,tokens/s
16,4B,vllm_baseline,32,2,b200-repeats-20260922/rep2-block16/4B/vllm_baseline/vllm_baseline/c32,output_token_throughput,9081.218042288256,avg,tokens/s
16,4B,vllm_baseline,32,3,b200-repeats-20260922/rep3-block16/4B/vllm_baseline/vllm_baseline/c32,output_token_throughput,8379.496323397325,avg,tokens/s
16,4B,vllm_baseline,32,1,b200-latest-20260922/4B/vllm_baseline/vllm_baseline/c32,time_to_first_token,116.2621183,p99,ms
16,4B,vllm_baseline,32,2,b200-repeats-20260922/rep2-block16/4B/vllm_baseline/vllm_baseline/c32,time_to_first_token,122.53233262999998,p99,ms
16,4B,vllm_baseline,32,3,b200-repeats-20260922/rep3-block16/4B/vllm_baseline/vllm_baseline/c32,time_to_first_token,187.52209502,p99,ms
16,4B,vllm_dflash,1,1,b200-latest-20260922/4B/vllm_dflash/vllm_dflash/c1,acceptance_length,5.515402591884428,avg,tokens
16,4B,vllm_dflash,1,2,b200-repeats-20260922/rep2-block16/4B/vllm_dflash/vllm_dflash/c1,acceptance_length,5.776640711902114,avg,tokens
16,4B,vllm_dflash,1,3,b200-repeats-20260922/rep3-block16/4B/vllm_dflash/vllm_dflash/c1,acceptance_length,5.612081984897519,avg,tokens
16,4B,vllm_dflash,1,1,b200-latest-20260922/4B/vllm_dflash/vllm_dflash/c1,inter_chunk_latency,10.310060439999994,p99,ms
16,4B,vllm_dflash,1,2,b200-repeats-20260922/rep2-block16/4B/vllm_dflash/vllm_dflash/c1,inter_chunk_latency,9.802057900000008,p99,ms
16,4B,vllm_dflash,1,3,b200-repeats-20260922/rep3-block16/4B/vllm_dflash/vllm_dflash/c1,inter_chunk_latency,8.973951999999997,p99,ms
16,4B,vllm_dflash,1,1,b200-latest-20260922/4B/vllm_dflash/vllm_dflash/c1,inter_token_latency,2.0476677945098043,p90,ms
16,4B,vllm_dflash,1,2,b200-repeats-20260922/rep2-block16/4B/vllm_dflash/vllm_dflash/c1,inter_token_latency,1.875899022745098,p90,ms
16,4B,vllm_dflash,1,3,b200-repeats-20260922/rep3-block16/4B/vllm_dflash/vllm_dflash/c1,inter_token_latency,1.9159726529411771,p90,ms
16,4B,vllm_dflash,1,1,b200-latest-20260922/4B/vllm_dflash/vllm_dflash/c1,inter_token_latency,2.3811647806666665,p99,ms
16,4B,vllm_dflash,1,2,b200-repeats-20260922/rep2-block16/4B/vllm_dflash/vllm_dflash/c1,inter_token_latency,2.3855486377647064,p99,ms
16,4B,vllm_dflash,1,3,b200-repeats-20260922/rep3-block16/4B/vllm_dflash/vllm_dflash/c1,inter_token_latency,2.456407807647059,p99,ms
16,4B,vllm_dflash,1,1,b200-latest-20260922/4B/vllm_dflash/vllm_dflash/c1,interactivity,419.9625360324811,derived,tokens/s/user
16,4B,vllm_dflash,1,2,b200-repeats-20260922/rep2-block16/4B/vllm_dflash/vllm_dflash/c1,interactivity,419.1907824344401,derived,tokens/s/user
16,4B,vllm_dflash,1,3,b200-repeats-20260922/rep3-block16/4B/vllm_dflash/vllm_dflash/c1,interactivity,407.0985269167821,derived,tokens/s/user
16,4B,vllm_dflash,1,1,b200-latest-20260922/4B/vllm_dflash/vllm_dflash/c1,interactivity,488.36046681067825,derived_p90,tokens/s/user
16,4B,vllm_dflash,1,2,b200-repeats-20260922/rep2-block16/4B/vllm_dflash/vllm_dflash/c1,interactivity,533.0777338625878,derived_p90,tokens/s/user
16,4B,vllm_dflash,1,3,b200-repeats-20260922/rep3-block16/4B/vllm_dflash/vllm_dflash/c1,interactivity,521.9281175359768,derived_p90,tokens/s/user
16,4B,vllm_dflash,1,1,b200-latest-20260922/4B/vllm_dflash/vllm_dflash/c1,output_token_throughput,607.6096572912027,avg,tokens/s
16,4B,vllm_dflash,1,2,b200-repeats-20260922/rep2-block16/4B/vllm_dflash/vllm_dflash/c1,output_token_throughput,672.5766313831572,avg,tokens/s
16,4B,vllm_dflash,1,3,b200-repeats-20260922/rep3-block16/4B/vllm_dflash/vllm_dflash/c1,output_token_throughput,649.9360835339498,avg,tokens/s
16,4B,vllm_dflash,1,1,b200-latest-20260922/4B/vllm_dflash/vllm_dflash/c1,time_to_first_token,62.81562842,p99,ms
16,4B,vllm_dflash,1,2,b200-repeats-20260922/rep2-block16/4B/vllm_dflash/vllm_dflash/c1,time_to_first_token,51.64914059000002,p99,ms
16,4B,vllm_dflash,1,3,b200-repeats-20260922/rep3-block16/4B/vllm_dflash/vllm_dflash/c1,time_to_first_token,44.35123300000003,p99,ms
16,4B,vllm_dflash,2,1,b200-latest-20260922/4B/vllm_dflash/vllm_dflash/c2,acceptance_length,5.663581927054981,avg,tokens
16,4B,vllm_dflash,2,2,b200-repeats-20260922/rep2-block16/4B/vllm_dflash/vllm_dflash/c2,acceptance_length,5.579258463191833,avg,tokens
16,4B,vllm_dflash,2,3,b200-repeats-20260922/rep3-block16/4B/vllm_dflash/vllm_dflash/c2,acceptance_length,5.673960612691466,avg,tokens
16,4B,vllm_dflash,2,1,b200-latest-20260922/4B/vllm_dflash/vllm_dflash/c2,inter_chunk_latency,48.29748487999998,p99,ms
16,4B,vllm_dflash,2,2,b200-repeats-20260922/rep2-block16/4B/vllm_dflash/vllm_dflash/c2,inter_chunk_latency,44.820016,p99,ms
16,4B,vllm_dflash,2,3,b200-repeats-20260922/rep3-block16/4B/vllm_dflash/vllm_dflash/c2,inter_chunk_latency,44.83100863,p99,ms
16,4B,vllm_dflash,2,1,b200-latest-20260922/4B/vllm_dflash/vllm_dflash/c2,inter_token_latency,2.3786250756862746,p90,ms
16,4B,vllm_dflash,2,2,b200-repeats-20260922/rep2-block16/4B/vllm_dflash/vllm_dflash/c2,inter_token_latency,2.035624035294118,p90,ms
16,4B,vllm_dflash,2,3,b200-repeats-20260922/rep3-block16/4B/vllm_dflash/vllm_dflash/c2,inter_token_latency,2.0007140580392155,p90,ms
16,4B,vllm_dflash,2,1,b200-latest-20260922/4B/vllm_dflash/vllm_dflash/c2,inter_token_latency,2.793980422470588,p99,ms
16,4B,vllm_dflash,2,2,b200-repeats-20260922/rep2-block16/4B/vllm_dflash/vllm_dflash/c2,inter_token_latency,2.5035191911372547,p99,ms
16,4B,vllm_dflash,2,3,b200-repeats-20260922/rep3-block16/4B/vllm_dflash/vllm_dflash/c2,inter_token_latency,2.4854325151372545,p99,ms
16,4B,vllm_dflash,2,1,b200-latest-20260922/4B/vllm_dflash/vllm_dflash/c2,interactivity,357.91231461663074,derived,tokens/s/user
16,4B,vllm_dflash,2,2,b200-repeats-20260922/rep2-block16/4B/vllm_dflash/vllm_dflash/c2,interactivity,399.4377209250541,derived,tokens/s/user
16,4B,vllm_dflash,2,3,b200-repeats-20260922/rep3-block16/4B/vllm_dflash/vllm_dflash/c2,interactivity,402.34445872483343,derived,tokens/s/user
16,4B,vllm_dflash,2,1,b200-latest-20260922/4B/vllm_dflash/vllm_dflash/c2,interactivity,420.4109383280939,derived_p90,tokens/s/user
16,4B,vllm_dflash,2,2,b200-repeats-20260922/rep2-block16/4B/vllm_dflash/vllm_dflash/c2,interactivity,491.2498490201382,derived_p90,tokens/s/user
16,4B,vllm_dflash,2,3,b200-repeats-20260922/rep3-block16/4B/vllm_dflash/vllm_dflash/c2,interactivity,499.8215492023095,derived_p90,tokens/s/user
16,4B,vllm_dflash,2,1,b200-latest-20260922/4B/vllm_dflash/vllm_dflash/c2,output_token_throughput,1048.0159468243437,avg,tokens/s
16,4B,vllm_dflash,2,2,b200-repeats-20260922/rep2-block16/4B/vllm_dflash/vllm_dflash/c2,output_token_throughput,1095.3693715082384,avg,tokens/s
16,4B,vllm_dflash,2,3,b200-repeats-20260922/rep3-block16/4B/vllm_dflash/vllm_dflash/c2,output_token_throughput,1135.123327501041,avg,tokens/s
16,4B,vllm_dflash,2,1,b200-latest-20260922/4B/vllm_dflash/vllm_dflash/c2,time_to_first_token,103.84489711999998,p99,ms
16,4B,vllm_dflash,2,2,b200-repeats-20260922/rep2-block16/4B/vllm_dflash/vllm_dflash/c2,time_to_first_token,92.79349834,p99,ms
16,4B,vllm_dflash,2,3,b200-repeats-20260922/rep3-block16/4B/vllm_dflash/vllm_dflash/c2,time_to_first_token,92.87913217,p99,ms
16,4B,vllm_dflash,4,1,b200-latest-20260922/4B/vllm_dflash/vllm_dflash/c4,acceptance_length,5.484664198836595,avg,tokens
16,4B,vllm_dflash,4,2,b200-repeats-20260922/rep2-block16/4B/vllm_dflash/vllm_dflash/c4,acceptance_length,5.667577164709096,avg,tokens
16,4B,vllm_dflash,4,3,b200-repeats-20260922/rep3-block16/4B/vllm_dflash/vllm_dflash/c4,acceptance_length,5.484408033826639,avg,tokens
16,4B,vllm_dflash,4,1,b200-latest-20260922/4B/vllm_dflash/vllm_dflash/c4,inter_chunk_latency,48.56017314,p99,ms
16,4B,vllm_dflash,4,2,b200-repeats-20260922/rep2-block16/4B/vllm_dflash/vllm_dflash/c4,inter_chunk_latency,45.20904839999999,p99,ms
16,4B,vllm_dflash,4,3,b200-repeats-20260922/rep3-block16/4B/vllm_dflash/vllm_dflash/c4,inter_chunk_latency,46.26691866,p99,ms
16,4B,vllm_dflash,4,1,b200-latest-20260922/4B/vllm_dflash/vllm_dflash/c4,inter_token_latency,2.855124498431373,p90,ms
16,4B,vllm_dflash,4,2,b200-repeats-20260922/rep2-block16/4B/vllm_dflash/vllm_dflash/c4,inter_token_latency,2.551756724705883,p90,ms
16,4B,vllm_dflash,4,3,b200-repeats-20260922/rep3-block16/4B/vllm_dflash/vllm_dflash/c4,inter_token_latency,2.811289188627451,p90,ms
16,4B,vllm_dflash,4,1,b200-latest-20260922/4B/vllm_dflash/vllm_dflash/c4,inter_token_latency,3.7530292972941135,p99,ms
16,4B,vllm_dflash,4,2,b200-repeats-20260922/rep2-block16/4B/vllm_dflash/vllm_dflash/c4,inter_token_latency,3.2187161702352927,p99,ms
16,4B,vllm_dflash,4,3,b200-repeats-20260922/rep3-block16/4B/vllm_dflash/vllm_dflash/c4,inter_token_latency,3.149862521058823,p99,ms
16,4B,vllm_dflash,4,1,b200-latest-20260922/4B/vllm_dflash/vllm_dflash/c4,interactivity,266.45142384606146,derived,tokens/s/user
16,4B,vllm_dflash,4,2,b200-repeats-20260922/rep2-block16/4B/vllm_dflash/vllm_dflash/c4,interactivity,310.6828769953017,derived,tokens/s/user
16,4B,vllm_dflash,4,3,b200-repeats-20260922/rep3-block16/4B/vllm_dflash/vllm_dflash/c4,interactivity,317.4741733375243,derived,tokens/s/user
16,4B,vllm_dflash,4,1,b200-latest-20260922/4B/vllm_dflash/vllm_dflash/c4,interactivity,350.2474237286001,derived_p90,tokens/s/user
16,4B,vllm_dflash,4,2,b200-repeats-20260922/rep2-block16/4B/vllm_dflash/vllm_dflash/c4,interactivity,391.88688730320115,derived_p90,tokens/s/user
16,4B,vllm_dflash,4,3,b200-repeats-20260922/rep3-block16/4B/vllm_dflash/vllm_dflash/c4,interactivity,355.70869195716847,derived_p90,tokens/s/user
16,4B,vllm_dflash,4,1,b200-latest-20260922/4B/vllm_dflash/vllm_dflash/c4,output_token_throughput,1744.149979611241,avg,tokens/s
16,4B,vllm_dflash,4,2,b200-repeats-20260922/rep2-block16/4B/vllm_dflash/vllm_dflash/c4,output_token_throughput,1902.3830496010155,avg,tokens/s
16,4B,vllm_dflash,4,3,b200-repeats-20260922/rep3-block16/4B/vllm_dflash/vllm_dflash/c4,output_token_throughput,1858.984411046437,avg,tokens/s
16,4B,vllm_dflash,4,1,b200-latest-20260922/4B/vllm_dflash/vllm_dflash/c4,time_to_first_token,108.87736991999996,p99,ms
16,4B,vllm_dflash,4,2,b200-repeats-20260922/rep2-block16/4B/vllm_dflash/vllm_dflash/c4,time_to_first_token,105.67785424,p99,ms
16,4B,vllm_dflash,4,3,b200-repeats-20260922/rep3-block16/4B/vllm_dflash/vllm_dflash/c4,time_to_first_token,103.09277883,p99,ms
16,4B,vllm_dflash,8,1,b200-latest-20260922/4B/vllm_dflash/vllm_dflash/c8,acceptance_length,5.336209116662374,avg,tokens
16,4B,vllm_dflash,8,2,b200-repeats-20260922/rep2-block16/4B/vllm_dflash/vllm_dflash/c8,acceptance_length,5.6679415380412514,avg,tokens
16,4B,vllm_dflash,8,3,b200-repeats-20260922/rep3-block16/4B/vllm_dflash/vllm_dflash/c8,acceptance_length,5.489150568933581,avg,tokens
16,4B,vllm_dflash,8,1,b200-latest-20260922/4B/vllm_dflash/vllm_dflash/c8,inter_chunk_latency,49.9545472,p99,ms
16,4B,vllm_dflash,8,2,b200-repeats-20260922/rep2-block16/4B/vllm_dflash/vllm_dflash/c8,inter_chunk_latency,47.7119538,p99,ms
16,4B,vllm_dflash,8,3,b200-repeats-20260922/rep3-block16/4B/vllm_dflash/vllm_dflash/c8,inter_chunk_latency,46.37160275,p99,ms
16,4B,vllm_dflash,8,1,b200-latest-20260922/4B/vllm_dflash/vllm_dflash/c8,inter_token_latency,3.676220751764706,p90,ms
16,4B,vllm_dflash,8,2,b200-repeats-20260922/rep2-block16/4B/vllm_dflash/vllm_dflash/c8,inter_token_latency,3.204029458431372,p90,ms
16,4B,vllm_dflash,8,3,b200-repeats-20260922/rep3-block16/4B/vllm_dflash/vllm_dflash/c8,inter_token_latency,3.371850348235294,p90,ms
16,4B,vllm_dflash,8,1,b200-latest-20260922/4B/vllm_dflash/vllm_dflash/c8,inter_token_latency,5.319647096156863,p99,ms
16,4B,vllm_dflash,8,2,b200-repeats-20260922/rep2-block16/4B/vllm_dflash/vllm_dflash/c8,inter_token_latency,3.8672033736862734,p99,ms
16,4B,vllm_dflash,8,3,b200-repeats-20260922/rep3-block16/4B/vllm_dflash/vllm_dflash/c8,inter_token_latency,4.2152800852941175,p99,ms
16,4B,vllm_dflash,8,1,b200-latest-20260922/4B/vllm_dflash/vllm_dflash/c8,interactivity,187.98239468224165,derived,tokens/s/user
16,4B,vllm_dflash,8,2,b200-repeats-20260922/rep2-block16/4B/vllm_dflash/vllm_dflash/c8,interactivity,258.5847971700504,derived,tokens/s/user
16,4B,vllm_dflash,8,3,b200-repeats-20260922/rep3-block16/4B/vllm_dflash/vllm_dflash/c8,interactivity,237.2321600855678,derived,tokens/s/user
16,4B,vllm_dflash,8,1,b200-latest-20260922/4B/vllm_dflash/vllm_dflash/c8,interactivity,272.0184851576085,derived_p90,tokens/s/user
16,4B,vllm_dflash,8,2,b200-repeats-20260922/rep2-block16/4B/vllm_dflash/vllm_dflash/c8,interactivity,312.1069930766428,derived_p90,tokens/s/user
16,4B,vllm_dflash,8,3,b200-repeats-20260922/rep3-block16/4B/vllm_dflash/vllm_dflash/c8,interactivity,296.5730672250517,derived_p90,tokens/s/user
16,4B,vllm_dflash,8,1,b200-latest-20260922/4B/vllm_dflash/vllm_dflash/c8,output_token_throughput,2664.712924305733,avg,tokens/s
16,4B,vllm_dflash,8,2,b200-repeats-20260922/rep2-block16/4B/vllm_dflash/vllm_dflash/c8,output_token_throughput,2957.143047630136,avg,tokens/s
16,4B,vllm_dflash,8,3,b200-repeats-20260922/rep3-block16/4B/vllm_dflash/vllm_dflash/c8,output_token_throughput,2915.2035410269896,avg,tokens/s
16,4B,vllm_dflash,8,1,b200-latest-20260922/4B/vllm_dflash/vllm_dflash/c8,time_to_first_token,128.95678506999994,p99,ms
16,4B,vllm_dflash,8,2,b200-repeats-20260922/rep2-block16/4B/vllm_dflash/vllm_dflash/c8,time_to_first_token,153.6665332699999,p99,ms
16,4B,vllm_dflash,8,3,b200-repeats-20260922/rep3-block16/4B/vllm_dflash/vllm_dflash/c8,time_to_first_token,112.90235014999996,p99,ms
16,4B,vllm_dflash,16,1,b200-latest-20260922/4B/vllm_dflash/vllm_dflash/c16,acceptance_length,5.628468688513467,avg,tokens
16,4B,vllm_dflash,16,2,b200-repeats-20260922/rep2-block16/4B/vllm_dflash/vllm_dflash/c16,acceptance_length,5.622148514181276,avg,tokens
16,4B,vllm_dflash,16,3,b200-repeats-20260922/rep3-block16/4B/vllm_dflash/vllm_dflash/c16,acceptance_length,5.605686115613182,avg,tokens
16,4B,vllm_dflash,16,1,b200-latest-20260922/4B/vllm_dflash/vllm_dflash/c16,inter_chunk_latency,49.73593129999996,p99,ms
16,4B,vllm_dflash,16,2,b200-repeats-20260922/rep2-block16/4B/vllm_dflash/vllm_dflash/c16,inter_chunk_latency,51.29984392000004,p99,ms
16,4B,vllm_dflash,16,3,b200-repeats-20260922/rep3-block16/4B/vllm_dflash/vllm_dflash/c16,inter_chunk_latency,51.74270982,p99,ms
16,4B,vllm_dflash,16,1,b200-latest-20260922/4B/vllm_dflash/vllm_dflash/c16,inter_token_latency,5.117405562745097,p90,ms
16,4B,vllm_dflash,16,2,b200-repeats-20260922/rep2-block16/4B/vllm_dflash/vllm_dflash/c16,inter_token_latency,4.731879441960785,p90,ms
16,4B,vllm_dflash,16,3,b200-repeats-20260922/rep3-block16/4B/vllm_dflash/vllm_dflash/c16,inter_token_latency,4.789397424313727,p90,ms
16,4B,vllm_dflash,16,1,b200-latest-20260922/4B/vllm_dflash/vllm_dflash/c16,inter_token_latency,6.7078566523534,p99,ms
16,4B,vllm_dflash,16,2,b200-repeats-20260922/rep2-block16/4B/vllm_dflash/vllm_dflash/c16,inter_token_latency,6.223467624039215,p99,ms
16,4B,vllm_dflash,16,3,b200-repeats-20260922/rep3-block16/4B/vllm_dflash/vllm_dflash/c16,inter_token_latency,6.640541298705882,p99,ms
16,4B,vllm_dflash,16,1,b200-latest-20260922/4B/vllm_dflash/vllm_dflash/c16,interactivity,149.07891623610615,derived,tokens/s/user
16,4B,vllm_dflash,16,2,b200-repeats-20260922/rep2-block16/4B/vllm_dflash/vllm_dflash/c16,interactivity,160.68212456626716,derived,tokens/s/user
16,4B,vllm_dflash,16,3,b200-repeats-20260922/rep3-block16/4B/vllm_dflash/vllm_dflash/c16,interactivity,150.5901333969388,derived,tokens/s/user
16,4B,vllm_dflash,16,1,b200-latest-20260922/4B/vllm_dflash/vllm_dflash/c16,interactivity,195.41152010308448,derived_p90,tokens/s/user
16,4B,vllm_dflash,16,2,b200-repeats-20260922/rep2-block16/4B/vllm_dflash/vllm_dflash/c16,interactivity,211.33251856172026,derived_p90,tokens/s/user
16,4B,vllm_dflash,16,3,b200-repeats-20260922/rep3-block16/4B/vllm_dflash/vllm_dflash/c16,interactivity,208.79453330045794,derived_p90,tokens/s/user
16,4B,vllm_dflash,16,1,b200-latest-20260922/4B/vllm_dflash/vllm_dflash/c16,output_token_throughput,4098.171166624326,avg,tokens/s
16,4B,vllm_dflash,16,2,b200-repeats-20260922/rep2-block16/4B/vllm_dflash/vllm_dflash/c16,output_token_throughput,4389.255762633876,avg,tokens/s
16,4B,vllm_dflash,16,3,b200-repeats-20260922/rep3-block16/4B/vllm_dflash/vllm_dflash/c16,output_token_throughput,4281.72257303063,avg,tokens/s
16,4B,vllm_dflash,16,1,b200-latest-20260922/4B/vllm_dflash/vllm_dflash/c16,time_to_first_token,144.69790321,p99,ms
16,4B,vllm_dflash,16,2,b200-repeats-20260922/rep2-block16/4B/vllm_dflash/vllm_dflash/c16,time_to_first_token,144.49659711,p99,ms
16,4B,vllm_dflash,16,3,b200-repeats-20260922/rep3-block16/4B/vllm_dflash/vllm_dflash/c16,time_to_first_token,143.95868618,p99,ms
16,4B,vllm_dflash,32,1,b200-latest-20260922/4B/vllm_dflash/vllm_dflash/c32,acceptance_length,5.608455262625582,avg,tokens
16,4B,vllm_dflash,32,2,b200-repeats-20260922/rep2-block16/4B/vllm_dflash/vllm_dflash/c32,acceptance_length,5.615103655855795,avg,tokens
16,4B,vllm_dflash,32,3,b200-repeats-20260922/rep3-block16/4B/vllm_dflash/vllm_dflash/c32,acceptance_length,5.58065817338398,avg,tokens
16,4B,vllm_dflash,32,1,b200-latest-20260922/4B/vllm_dflash/vllm_dflash/c32,inter_chunk_latency,60.11886769,p99,ms
16,4B,vllm_dflash,32,2,b200-repeats-20260922/rep2-block16/4B/vllm_dflash/vllm_dflash/c32,inter_chunk_latency,58.95914956,p99,ms
16,4B,vllm_dflash,32,3,b200-repeats-20260922/rep3-block16/4B/vllm_dflash/vllm_dflash/c32,inter_chunk_latency,55.91943548,p99,ms
16,4B,vllm_dflash,32,1,b200-latest-20260922/4B/vllm_dflash/vllm_dflash/c32,inter_token_latency,7.393811467450981,p90,ms
16,4B,vllm_dflash,32,2,b200-repeats-20260922/rep2-block16/4B/vllm_dflash/vllm_dflash/c32,inter_token_latency,7.120693354509804,p90,ms
16,4B,vllm_dflash,32,3,b200-repeats-20260922/rep3-block16/4B/vllm_dflash/vllm_dflash/c32,inter_token_latency,7.367464226274509,p90,ms
16,4B,vllm_dflash,32,1,b200-latest-20260922/4B/vllm_dflash/vllm_dflash/c32,inter_token_latency,9.711615964470589,p99,ms
16,4B,vllm_dflash,32,2,b200-repeats-20260922/rep2-block16/4B/vllm_dflash/vllm_dflash/c32,inter_token_latency,9.349251528980393,p99,ms
16,4B,vllm_dflash,32,3,b200-repeats-20260922/rep3-block16/4B/vllm_dflash/vllm_dflash/c32,inter_token_latency,9.558300607137255,p99,ms
16,4B,vllm_dflash,32,1,b200-latest-20260922/4B/vllm_dflash/vllm_dflash/c32,interactivity,102.96947528181148,derived,tokens/s/user
16,4B,vllm_dflash,32,2,b200-repeats-20260922/rep2-block16/4B/vllm_dflash/vllm_dflash/c32,interactivity,106.96043388074914,derived,tokens/s/user
16,4B,vllm_dflash,32,3,b200-repeats-20260922/rep3-block16/4B/vllm_dflash/vllm_dflash/c32,interactivity,104.62110798788775,derived,tokens/s/user
16,4B,vllm_dflash,32,1,b200-latest-20260922/4B/vllm_dflash/vllm_dflash/c32,interactivity,135.24824164129657,derived_p90,tokens/s/user
16,4B,vllm_dflash,32,2,b200-repeats-20260922/rep2-block16/4B/vllm_dflash/vllm_dflash/c32,interactivity,140.4357623919674,derived_p90,tokens/s/user
16,4B,vllm_dflash,32,3,b200-repeats-20260922/rep3-block16/4B/vllm_dflash/vllm_dflash/c32,interactivity,135.7319111823727,derived_p90,tokens/s/user
16,4B,vllm_dflash,32,1,b200-latest-20260922/4B/vllm_dflash/vllm_dflash/c32,output_token_throughput,5554.173709717122,avg,tokens/s
16,4B,vllm_dflash,32,2,b200-repeats-20260922/rep2-block16/4B/vllm_dflash/vllm_dflash/c32,output_token_throughput,5766.924147886432,avg,tokens/s
16,4B,vllm_dflash,32,3,b200-repeats-20260922/rep3-block16/4B/vllm_dflash/vllm_dflash/c32,output_token_throughput,5706.1099090874,avg,tokens/s
16,4B,vllm_dflash,32,1,b200-latest-20260922/4B/vllm_dflash/vllm_dflash/c32,time_to_first_token,189.89499807,p99,ms
16,4B,vllm_dflash,32,2,b200-repeats-20260922/rep2-block16/4B/vllm_dflash/vllm_dflash/c32,time_to_first_token,185.0706321600001,p99,ms
16,4B,vllm_dflash,32,3,b200-repeats-20260922/rep3-block16/4B/vllm_dflash/vllm_dflash/c32,time_to_first_token,189.0068665400001,p99,ms
