block,model,variant,concurrency,metric,statistic,unit,mean,std,n,minimum,maximum,original,rerun_mean,rerun_std,rerun_n,change_pct,cv_pct
8,27B,pr2_dflash,1,acceptance_length,avg,tokens,5.654847887940467,0.0,3,5.654847887940468,5.654847887940468,5.654847887940468,5.654847887940468,0.0,2,0.0,0.0
8,27B,pr2_dflash,1,inter_chunk_latency,p99,ms,12.869714253333326,0.6422773405381409,3,12.185067039999998,13.458946399999986,13.458946399999986,12.575098179999994,0.5515873279358344,2,-6.566994129644444,4.9906107307066865
8,27B,pr2_dflash,1,inter_token_latency,p90,ms,2.265009585620916,0.053543894108291294,3,2.2200237823529423,2.3242333560784316,2.3242333560784316,2.235397700392158,0.021742003397871107,2,-3.8221487293411016,2.363958830382305
8,27B,pr2_dflash,1,inter_token_latency,p99,ms,2.8379128846143797,0.07757956920173263,3,2.773466085568628,2.924020856392158,2.924020856392158,2.794858898725491,0.0302540065037485,2,-4.4172721061242814,2.7336839556396133
8,27B,pr2_dflash,1,interactivity,derived,tokens/s/user,352.54546185204435,9.538786217222592,3,341.9948246312659,360.5596640259532,341.9948246312659,357.8207804624336,3.873366281290121,2,4.627542492267556,2.7056896909442596
8,27B,pr2_dflash,1,interactivity,derived_p90,tokens/s/user,441.66236673223943,10.351736199776422,3,430.24939702580144,450.4456249293543,430.24939702580144,447.3688515854584,4.351214591285633,2,3.9789607325423804,2.3438121469045665
8,27B,pr2_dflash,1,output_token_throughput,avg,tokens/s,446.9546670709853,5.416341392024791,3,441.3564216274722,452.1686376224404,441.3564216274722,449.7537897927419,3.415110551826835,2,1.9026273899686252,1.2118323828050706
8,27B,pr2_dflash,1,time_to_first_token,p99,ms,72.66163469666672,4.779423641190731,3,67.24032289000002,76.26667534000015,74.47790586,71.75349911500008,6.382595026774901,2,-3.6580066444418247,6.57764398109527
8,27B,pr2_dflash,2,acceptance_length,avg,tokens,5.683638101495428,0.03708323952146201,3,5.641921397379913,5.712860310421286,5.641921397379913,5.704496453553185,0.01182827981661616,2,1.1091089677770283,0.6524560300858178
8,27B,pr2_dflash,2,inter_chunk_latency,p99,ms,61.83500138666667,1.8287666389506474,3,60.31152425999999,63.86309318000001,63.86309318000001,60.82095548999999,0.7204445545624109,2,-4.763530136922222,2.957494296013681
8,27B,pr2_dflash,2,inter_token_latency,p90,ms,2.4748012499346403,0.060717344179345205,3,2.4209361384313723,2.540599062745098,2.540599062745098,2.441902343529412,0.02965069160114289,2,-3.884781375501456,2.453423044818195
8,27B,pr2_dflash,2,inter_token_latency,p99,ms,2.5840460205359475,0.17378635420253866,3,2.4649556834117643,2.783465474117647,2.783465474117647,2.4843362937450975,0.027408321980468376,2,-10.746645976177337,6.725358326493515
8,27B,pr2_dflash,2,interactivity,derived,tokens/s/user,388.1191219207463,25.18548467158253,3,359.2643807866875,405.6868067566603,359.2643807866875,402.5464924877757,4.441075029170344,2,12.047426356688229,6.4891120403816105
8,27B,pr2_dflash,2,interactivity,derived_p90,tokens/s/user,404.2339700436085,9.851347840631806,3,393.60795438517863,413.0633535207346,393.60795438517863,409.5469778728235,4.972906131674303,2,4.049466813378277,2.437041063018293
8,27B,pr2_dflash,2,output_token_throughput,avg,tokens/s,794.9287844184286,16.544588710887858,3,776.8065584444413,809.2255549499187,776.8065584444413,803.9898974054222,7.404337907367912,2,3.499370424396986,2.0812667795130744
8,27B,pr2_dflash,2,time_to_first_token,p99,ms,120.48922972999999,6.934500111173075,3,112.63471505,125.76453794,112.63471505,124.41648706999999,1.9064318231228623,2,10.460160541774277,5.755286283024922
8,27B,pr2_dflash,4,acceptance_length,avg,tokens,5.684424369937463,0.03745221791936112,3,5.645275805570726,5.719911259012757,5.645275805570726,5.70399865212083,0.022503824479274865,2,1.0402121804599096,0.6588568249307739
8,27B,pr2_dflash,4,inter_chunk_latency,p99,ms,62.96666919,1.5410835673391312,3,61.2039326,64.05900749999999,63.63706746999999,62.63147005,2.0188428225854977,2,-1.5802070396692236,2.4474592465562357
8,27B,pr2_dflash,4,inter_token_latency,p90,ms,3.0366717203921567,0.09939588924029909,3,2.9227457847058824,3.105684737254902,3.105684737254902,3.0021652119607842,0.11231603113978557,2,-3.333227099722247,3.2731851972284667
8,27B,pr2_dflash,4,inter_token_latency,p99,ms,3.357689163908495,0.0880310142865767,3,3.2560788039215662,3.41093576435294,3.41093576435294,3.3310658636862733,0.10604771692173014,2,-2.341583254113788,2.6217737851619596
8,27B,pr2_dflash,4,interactivity,derived,tokens/s/user,297.9625073226439,7.93156450953212,3,293.1746796438724,307.11787405010494,293.1746796438724,300.3564211620296,9.562138375662798,2,2.449645899462083,2.661933738174499
8,27B,pr2_dflash,4,interactivity,derived_p90,tokens/s/user,329.54752465822634,10.981308359121071,3,321.99018400170735,342.1440226627957,321.99018400170735,333.3261949864858,12.470291490506218,2,3.5206076296780298,3.332238156092898
8,27B,pr2_dflash,4,output_token_throughput,avg,tokens/s,1339.5538871330575,14.319836792241656,3,1328.5439796851426,1355.742668787476,1328.5439796851426,1345.0588408570152,15.10921435731827,2,1.2430797492896328,1.0690004284104824
8,27B,pr2_dflash,4,time_to_first_token,p99,ms,164.35348297333334,19.605831520406355,3,145.71114153,184.79832029999997,162.55098709,165.25473091499998,27.63880916571784,2,1.6633204592618078,11.929063604686393
8,27B,pr2_dflash,8,acceptance_length,avg,tokens,5.633322879341524,0.010105357123934108,3,5.62450538954837,5.644350321082115,5.631112927394088,5.634427855315242,0.014032485659694002,2,0.05886807748123335,0.17938537059525547
8,27B,pr2_dflash,8,inter_chunk_latency,p99,ms,64.25803322000002,0.612351775335853,3,63.842638600000015,64.96127082,63.842638600000015,64.46573053000003,0.7007997988202528,2,0.9759808549016036,0.9529575442176176
8,27B,pr2_dflash,8,inter_token_latency,p90,ms,4.052548212679738,0.0691090630079567,3,3.9772174827450977,4.113017599999999,4.067409555294117,4.045117541372548,0.09602518379686943,2,-0.5480641577525369,1.7053236477662654
8,27B,pr2_dflash,8,inter_token_latency,p99,ms,4.852375413071894,0.19477081841957194,3,4.658013255254901,5.047552335843136,4.658013255254901,4.949556491980392,0.13858705144688938,2,6.258961079524372,4.013927238500047
8,27B,pr2_dflash,8,interactivity,derived,tokens/s/user,206.3062900822421,8.285572175121382,3,198.1158259417951,214.68380298657544,214.68380298657544,202.11753363007546,5.659269285418784,2,-5.853384923168036,4.016151020804269
8,27B,pr2_dflash,8,interactivity,derived_p90,tokens/s/user,246.80642815138506,4.2314850561439705,3,243.13049377663742,251.43206383317877,245.856726844339,247.28127880490808,5.87009648147557,2,0.5794236256431606,1.714495480461506
8,27B,pr2_dflash,8,output_token_throughput,avg,tokens/s,2115.314554856277,42.38884734090299,3,2083.6308010711364,2163.4661700401475,2083.6308010711364,2131.1564317488474,45.69287008828248,2,2.280904594675759,2.0039027880552287
8,27B,pr2_dflash,8,time_to_first_token,p99,ms,187.67102630666668,4.1945136641885234,3,183.07267851,191.2875244,188.65287601,187.180101455,5.808773235221434,2,-0.7806796197063703,2.2350352884703764
8,27B,pr2_dflash,16,acceptance_length,avg,tokens,5.740202327374571,0.048297428090573406,3,5.6867295640796085,5.780655095184771,5.780655095184771,5.71997594346947,0.04701748063294398,2,-1.0496933429888444,0.8413889500069848
8,27B,pr2_dflash,16,inter_chunk_latency,p99,ms,69.10921795666665,2.5254828506809863,3,66.33925664,71.28385002999998,71.28385002999998,68.02190191999999,2.379619775639058,2,-4.575998783212743,3.6543357389234705
8,27B,pr2_dflash,16,inter_token_latency,p90,ms,5.480559228104575,0.10427430814160452,3,5.360198694901961,5.543592190588235,5.543592190588235,5.4490427468627445,0.12564446321912046,2,-1.7055627556084363,1.9026216815043395
8,27B,pr2_dflash,16,inter_token_latency,p99,ms,6.5911937397908495,0.06038885478861633,3,6.522940964941176,6.637688749882353,6.522940964941176,6.625320127215686,0.01749187392307582,2,1.569524587525284,0.9162051241803215
8,27B,pr2_dflash,16,interactivity,derived,tokens/s/user,151.72611327521437,1.3961577413424675,3,150.65484955402948,153.30508207489473,153.30508207489473,150.9366288753742,0.39849613784198196,2,-1.5449280398698417,0.9201828948257521
8,27B,pr2_dflash,16,interactivity,derived_p90,tokens/s/user,182.50766403503474,3.5108709166977135,3,180.38844951433722,186.5602484010698,180.38844951433722,183.56727129538348,4.232708814733768,2,1.7622091600679735,1.9236841013009491
8,27B,pr2_dflash,16,output_token_throughput,avg,tokens/s,3127.6436020430724,63.60727783508461,3,3088.410004856663,3201.0324141047217,3088.410004856663,3147.260400636277,76.04511072318257,2,1.9055240621248304,2.0337124662648387
8,27B,pr2_dflash,16,time_to_first_token,p99,ms,223.66526627666667,36.39584389758464,3,201.701946,265.67702269000006,265.67702269000006,202.65938806999998,1.3540275605805587,2,-23.71964047998647,16.272461300524043
8,27B,pr2_dflash,32,acceptance_length,avg,tokens,5.722062477375566,0.011812657764405978,3,5.714928368745242,5.735697662301574,5.714928368745242,5.725629531690728,0.014238486857600706,2,0.18724929264224421,0.20644055899620087
8,27B,pr2_dflash,32,inter_chunk_latency,p99,ms,77.87152894,7.685546903516622,3,71.01243072,86.17777876999999,86.17777876999999,73.718404025,3.8268241473505484,2,-14.457758047179237,9.869521002263015
8,27B,pr2_dflash,32,inter_token_latency,p90,ms,8.04660642862745,0.3162691186994693,3,7.682042205882352,8.247485611372548,8.210291468627451,7.96476390862745,0.39982886639933246,2,-2.990485306620261,3.9304658616615957
8,27B,pr2_dflash,32,inter_token_latency,p99,ms,9.860057126928107,0.4899712807215456,3,9.389555760666669,10.367416619529417,9.823199000588236,9.878486190098043,0.6914520443587504,2,0.5628226559035943,4.969253975044623
8,27B,pr2_dflash,32,interactivity,derived,tokens/s/user,101.58572899818914,5.026054610566835,3,96.45604461542231,106.50131118972118,101.7998311894239,101.47867790257175,7.1030761135132865,2,-0.31547526464417164,4.947599096972006
8,27B,pr2_dflash,32,interactivity,derived_p90,tokens/s/user,124.40704966302265,5.001627723906214,3,121.24907482361522,130.17371855029282,121.79835561515993,125.71139668695402,6.310676098807712,2,3.2127207728139817,4.020373232428517
8,27B,pr2_dflash,32,output_token_throughput,avg,tokens/s,4308.518080406172,160.04648976685237,3,4202.754355664239,4492.64553235342,4230.154353200859,4347.699944008829,204.98401684306788,2,2.77875417758755,3.7146528523274642
8,27B,pr2_dflash,32,time_to_first_token,p99,ms,254.03022610000002,12.606046414119852,3,239.48870046,261.8670545,261.8670545,250.11181190000002,15.023348273048814,2,-4.489011656103525,4.962419869341623
8,27B,sglang_baseline,1,inter_chunk_latency,p99,ms,10.918626199999999,0.3552024880171816,3,10.66342958,11.324297919999998,10.768151099999995,10.99386375,0.4673044846854947,2,2.096113324412796,3.2531793058103005
8,27B,sglang_baseline,1,inter_token_latency,p90,ms,7.3165546428758175,0.12519343213041886,3,7.175664511372548,7.415033145490196,7.175664511372548,7.386999708627451,0.03964526661122394,2,2.9451655232761054,1.7110981635641935
8,27B,sglang_baseline,1,inter_token_latency,p99,ms,7.328304937477124,0.1288385072281416,3,7.18224047717647,7.42579613372549,7.18224047717647,7.401337167627451,0.034590201577470794,2,3.050534038051511,1.7580942431756414
8,27B,sglang_baseline,1,interactivity,derived,tokens/s/user,136.4855707219381,2.4202963286284893,3,134.66569536676792,139.23231938247864,139.23231938247864,135.11219639166785,0.6314478050269589,2,-2.959171411554662,1.7732983170502001
8,27B,sglang_baseline,1,interactivity,derived_p90,tokens/s/user,136.7032434784427,2.3574058187461873,3,134.86116385173509,139.3599155054034,139.3599155054034,135.37490746496235,0.7265431854085526,2,-2.8595080773327064,1.724469558118375
8,27B,sglang_baseline,1,output_token_throughput,avg,tokens/s,134.66265182541463,2.2688605386114014,3,132.93445776140646,137.231957672055,137.231957672055,133.37799890209442,0.6272618966313493,2,-2.8083537066274533,1.6848476603244817
8,27B,sglang_baseline,1,time_to_first_token,p99,ms,43.182289103333346,3.272741088912248,3,40.45387519,46.81092808000002,42.28206404000001,43.63240163500001,4.495115206880554,2,3.1936416200555984,7.578896711753099
8,27B,sglang_baseline,2,inter_chunk_latency,p99,ms,11.680006930000005,1.5731267999915706,3,10.754783400000006,13.496390830000012,10.78884656,12.125587115000009,1.9386092051044268,2,12.39002285894044,13.468543378608851
8,27B,sglang_baseline,2,inter_token_latency,p90,ms,7.439825178169934,0.08339740508600141,3,7.348611845098039,7.512175499607843,7.348611845098039,7.485431844705882,0.037821239469778736,2,1.861848230548624,1.1209592038628482
8,27B,sglang_baseline,2,inter_token_latency,p99,ms,7.451050732104576,0.09245312733126251,3,7.35284879945098,7.536412780470588,7.35284879945098,7.500151698431372,0.05128091400618172,2,2.003344594701728,1.2408065742044518
8,27B,sglang_baseline,2,interactivity,derived,tokens/s/user,134.2230716290661,1.6697935781970634,3,132.68912268066586,136.00170862682063,136.00170862682063,133.33375313018882,0.9116451244340708,2,-1.9617073370397864,1.2440436341761294
8,27B,sglang_baseline,2,interactivity,derived_p90,tokens/s/user,134.4230622223392,1.5123501704663016,3,133.1172308277679,136.0801224883118,136.0801224883118,133.59453208935292,0.6750059174712822,2,-1.8265639047851057,1.1250674887653098
8,27B,sglang_baseline,2,output_token_throughput,avg,tokens/s,262.2564178823293,2.7048714741004285,3,259.7442378052224,265.1196927691633,265.1196927691633,260.8247804389123,1.5281180472866023,2,-1.6199899318646738,1.031384282581815
8,27B,sglang_baseline,2,time_to_first_token,p99,ms,87.70936936333332,32.7449521180039,3,68.04385678,125.50965326,68.04385678,97.54212565499999,39.552056845034926,2,43.351847280459225,37.33347116242389
8,27B,sglang_baseline,4,inter_chunk_latency,p99,ms,11.778090069999921,1.5960179101944127,3,10.39744175999982,13.525594839999954,10.39744175999982,12.468414224999972,1.4950791636109027,2,19.918096324111435,13.55073616103212
8,27B,sglang_baseline,4,inter_token_latency,p90,ms,7.629623519477124,0.05228326799612174,3,7.571883469411764,7.673761323529412,7.571883469411764,7.658493544509804,0.021591900156844507,2,1.1438379294652412,0.6852666827223061
8,27B,sglang_baseline,4,inter_token_latency,p99,ms,7.632612326888889,0.049580104680579634,3,7.578269251882353,7.67538224345098,7.578269251882353,7.659783864392157,0.02205943921602427,2,1.0756362673384423,0.6495823783151431
8,27B,sglang_baseline,4,interactivity,derived,tokens/s/user,131.0204356439114,0.8529319196907468,3,130.28667084994365,131.95625105978013,131.95625105978013,130.55252793597705,0.3759786967214344,2,-1.0637791787273088,0.6509915155593387
8,27B,sglang_baseline,4,interactivity,derived_p90,tokens/s/user,131.07217977462852,0.9004516988985155,3,130.31419115600895,132.0675369661608,132.0675369661608,130.5745011788624,0.3681339647409934,2,-1.1305092997084931,0.6869891844682778
8,27B,sglang_baseline,4,output_token_throughput,avg,tokens/s,509.11654974812944,4.815874185348671,3,504.33908057791297,513.9699314509467,513.9699314509467,506.6898588967208,3.324502580590732,2,-1.4164393885210513,0.9459276442164735
8,27B,sglang_baseline,4,time_to_first_token,p99,ms,73.05871072,9.806929776510515,3,64.96358784,83.96394018999999,64.96358784,77.10627215999999,9.698207134278384,2,18.69152354994066,13.423354559452752
8,27B,sglang_baseline,8,inter_chunk_latency,p99,ms,11.806571913333338,0.4568593311709589,3,11.28197057,12.116992450000016,11.28197057,12.068872585000008,0.06805176570257292,2,6.974863213102744,3.8695341418707727
8,27B,sglang_baseline,8,inter_token_latency,p90,ms,7.896291323398692,0.1021719898840746,3,7.786162008627451,7.987999752941176,7.786162008627451,7.951355980784314,0.05182211956074476,2,2.1216354344260946,1.2939237636954117
8,27B,sglang_baseline,8,inter_token_latency,p99,ms,7.914407169320261,0.11636605248319631,3,7.794791900745097,8.027226111960784,7.794791900745097,7.974214803607843,0.07496931123187144,2,2.3018305703016217,1.4703066192283176
8,27B,sglang_baseline,8,interactivity,derived,tokens/s/user,126.37008874357467,1.8606123321019967,3,124.57603486588884,128.2907886103298,128.2907886103298,125.4097388101971,1.1790354250446822,2,-2.245718364771765,1.4723518441753094
8,27B,sglang_baseline,8,interactivity,derived_p90,tokens/s/user,126.65591625595967,1.6445073068800506,3,125.18778554440999,128.4329813445894,128.4329813445894,125.76738371164481,0.8196755888300724,2,-2.07547750199204,1.2984054401032923
8,27B,sglang_baseline,8,output_token_throughput,avg,tokens/s,984.9960322390862,12.694894772761119,3,973.425517707405,998.575694446652,998.575694446652,978.2062011353031,6.760907341145807,2,-2.039854707522848,1.2888269959730876
8,27B,sglang_baseline,8,time_to_first_token,p99,ms,87.65900310666666,16.964482321075376,3,74.98805684,106.9319799,81.05697258,90.96001837,22.587764613427332,2,12.217389170593673,19.35281228379061
8,27B,sglang_baseline,16,inter_chunk_latency,p99,ms,12.83738277666665,1.0895114774850607,3,12.193214349999998,14.095319829999962,12.193214349999998,13.159466989999977,1.3234957787133568,2,7.924511226196729,8.487021820875881
8,27B,sglang_baseline,16,inter_token_latency,p90,ms,8.316050052156863,0.06582335730980093,3,8.275039721568628,8.391974789411764,8.275039721568628,8.336555217450979,0.07837511028785331,2,0.7433861099423122,0.7915218991825198
8,27B,sglang_baseline,16,inter_token_latency,p99,ms,10.857581299856207,4.3556637911975775,3,8.33789419290196,15.88706538317647,8.33789419290196,12.117424853333333,5.3310767625754645,2,45.32955891487425,40.11633595831571
8,27B,sglang_baseline,16,interactivity,derived,tokens/s/user,100.89030411054786,32.862291757382536,3,62.944286806986085,119.93435954743812,119.93435954743812,91.36827639210274,40.19759156802358,2,-23.818097885482537,32.57229923836344
8,27B,sglang_baseline,16,interactivity,derived_p90,tokens/s/user,120.25439654923203,0.9475520264922208,3,119.16146379058594,120.84534136960475,120.84534136960475,119.95892413904565,1.1277792402464988,2,-0.7335137792759405,0.7879562441646729
8,27B,sglang_baseline,16,output_token_throughput,avg,tokens/s,1837.626968186667,58.136494021451966,3,1770.49961742839,1871.730108335502,1871.730108335502,1820.5753981122496,70.81784818953497,2,-2.733017436405061,3.1636722266227886
8,27B,sglang_baseline,16,time_to_first_token,p99,ms,138.64595138333334,84.87827477961734,3,88.20025715,236.64067136,88.20025715,163.8687985,102.91496955790257,2,85.79174686680604,61.21943982694656
8,27B,sglang_baseline,32,inter_chunk_latency,p99,ms,14.035971993333343,0.2965782267360207,3,13.69363388,14.215021830000008,14.19926027000002,13.954327855000004,0.3686769550739584,2,-1.7249660217687812,2.1129867377684017
8,27B,sglang_baseline,32,inter_token_latency,p90,ms,8.774313932679739,0.03200590857160614,3,8.7463594027451,8.809226487843137,8.7463594027451,8.788291197647059,0.029606971327510605,2,0.47941998460294677,0.36476821797315495
8,27B,sglang_baseline,32,inter_token_latency,p99,ms,9.019448779058822,0.09633550252305613,3,8.95368336890196,9.130027765686274,8.95368336890196,9.052331484137255,0.10987913511258078,2,1.1017601491015494,1.0680863640661278
8,27B,sglang_baseline,32,interactivity,derived,tokens/s/user,110.87990439652985,1.17742389000195,3,109.52869209865248,111.68587929669393,111.68587929669393,110.4769169464478,1.3409924399313002,2,-1.0824666089027324,1.0618911482744742
8,27B,sglang_baseline,32,interactivity,derived_p90,tokens/s/user,113.97003436711316,0.4152578259350954,3,113.51734472714656,114.33328473629197,114.33328473629197,113.78840918252374,0.3833430290716776,2,-0.4765677423026804,0.36435702440651446
8,27B,sglang_baseline,32,output_token_throughput,avg,tokens/s,3332.1537166992334,13.066447966135378,3,3318.815077452939,3344.929802221335,3344.929802221335,3325.7656739381828,9.829627816014316,2,-0.5729306567338388,0.39213220868690135
8,27B,sglang_baseline,32,time_to_first_token,p99,ms,598.0717084700102,800.4550364632873,3,135.587268,1522.3574858800307,135.587268,829.3139287050153,980.1115978722002,2,511.645872756294,133.83930808414516
8,27B,sglang_dflash,1,acceptance_length,avg,tokens,5.708649477762382,0.03797073641239506,3,5.66483870967742,5.732051282051282,5.66483870967742,5.730554861804862,0.0021162578074962945,2,1.16007101870661,0.6651439462224338
8,27B,sglang_dflash,1,inter_chunk_latency,p99,ms,14.447513859999992,1.7934406609631537,3,13.37686623999998,16.51799716000004,13.447678179999956,14.94743170000001,2.22111497412678,2,11.15250900509026,12.413489811063968
8,27B,sglang_dflash,1,inter_token_latency,p90,ms,2.08238861751634,0.01288164356610082,3,2.06751485137255,2.0899481850980393,2.0897028160784314,2.0787315182352946,0.015862762401914424,2,-0.5250171344328147,0.6185994034804476
8,27B,sglang_dflash,1,inter_token_latency,p99,ms,2.4200371183398697,0.09547586716880954,3,2.3428644453333334,2.526806481450981,2.526806481450981,2.3666524367843143,0.03364130013159239,2,-6.33819985196099,3.945223254852611
8,27B,sglang_dflash,1,interactivity,derived,tokens/s/user,413.63911806333834,16.058741151524682,3,395.7564646683053,426.8279379081721,395.7564646683053,422.5804447608549,6.006862415022808,2,6.777900675616655,3.8823071731493473
8,27B,sglang_dflash,1,interactivity,derived_p90,tokens/s/user,480.23005632091184,2.9813437895550154,3,478.4807619300333,483.67246278116716,478.536944251535,481.0766123556002,3.671086877728732,2,0.5307151588969772,0.6208157424371507
8,27B,sglang_dflash,1,output_token_throughput,avg,tokens/s,506.4141852400012,3.8276104100755672,3,503.4399680748295,510.7325701499909,505.0700174951832,507.0862691124102,5.156648379841733,2,0.39920239716986217,0.7558260652318765
8,27B,sglang_dflash,1,time_to_first_token,p99,ms,50.487940496666674,4.209610908905177,3,46.48178167,54.875100990000014,46.48178167,52.49101991000001,3.3715997971330975,2,12.92815813873689,8.337854282614488
8,27B,sglang_dflash,2,acceptance_length,avg,tokens,5.687742228891732,0.11706612673015152,3,5.557697959216091,5.784715012721343,5.557697959216091,5.752764363729554,0.04518504113081106,2,3.509841771627653,2.0582178660540684
8,27B,sglang_dflash,2,inter_chunk_latency,p99,ms,39.551129653333334,3.321913215323222,3,37.3438014,43.371572,37.3438014,40.65479378,3.8421046046838385,2,8.866243542094242,8.399034981907915
8,27B,sglang_dflash,2,inter_token_latency,p90,ms,2.28245608745098,0.04139231523443267,3,2.2445502850980388,2.3266218101960785,2.3266218101960785,2.260373226078431,0.02237701773109979,2,-2.847415245027052,1.813498864754025
8,27B,sglang_dflash,2,inter_token_latency,p99,ms,2.6199199561830064,0.14264371545814214,3,2.470407225490196,2.7545235192941173,2.470407225490196,2.6946763215294114,0.08463671874887174,2,9.078223773196514,5.4445829584031085
8,27B,sglang_dflash,2,interactivity,derived,tokens/s/user,382.4540034161834,21.029072721095183,3,363.0391946176822,404.79156216909655,404.79156216909655,371.28522403972687,11.661646644383149,2,-8.277429981451256,5.498457993185527
8,27B,sglang_dflash,2,interactivity,derived_p90,tokens/s/user,438.22023462557587,7.9164135290987145,3,429.80771331964945,445.5235450233281,429.80771331964945,442.42649527853905,4.379889752424742,2,2.9359133323661357,1.806492011000509
8,27B,sglang_dflash,2,output_token_throughput,avg,tokens/s,896.3956152227802,10.403830890712461,3,886.5650238787102,907.2908191359144,907.2908191359144,890.9480132662131,6.19848303554395,2,-1.8012753490954325,1.1606293821647944
8,27B,sglang_dflash,2,time_to_first_token,p99,ms,82.34350704666667,7.611486967309226,3,77.23612044,91.09160794,78.70279276000001,84.16386419,9.79730916789545,2,6.938853423732039,9.24357880821806
8,27B,sglang_dflash,4,acceptance_length,avg,tokens,5.642828035089415,0.04513283240090961,3,5.5933926424238845,5.681831354423373,5.681831354423373,5.623326375422435,0.042332691179005184,2,-1.0296852432163717,0.7998264721209859
8,27B,sglang_dflash,4,inter_chunk_latency,p99,ms,42.22272716,4.351172575848547,3,39.52110088,47.24213872,39.52110088,43.573540300000005,5.188181640464508,2,10.253862695537364,10.305285490821307
8,27B,sglang_dflash,4,inter_token_latency,p90,ms,2.6817047227450987,0.07075144659600947,3,2.6164790901960795,2.7569201192156862,2.7569201192156862,2.6440970245098048,0.039057657271199565,2,-4.0923599461408555,2.638301152096473
8,27B,sglang_dflash,4,inter_token_latency,p99,ms,3.2358548549803916,0.28676166591327557,3,3.062148923019607,3.5668429063921563,3.062148923019607,3.3227078209607837,0.3452591488681614,2,8.509021098955483,8.862006448525122
8,27B,sglang_dflash,4,interactivity,derived,tokens/s/user,310.5846252254235,26.189802887608362,3,280.3599783460873,326.5680491508861,326.5680491508861,302.59291326269226,31.442118090421072,2,-7.3415436539281504,8.432420912207004
8,27B,sglang_dflash,4,interactivity,derived_p90,tokens/s/user,373.06934381909485,9.792062575701957,3,362.7236034261628,382.1930027061901,362.7236034261628,378.2422140155609,5.587258948358111,2,4.278356975618514,2.6247298894787314
8,27B,sglang_dflash,4,output_token_throughput,avg,tokens/s,1552.343739665852,23.89924178950957,3,1525.0217063756077,1569.3668435761315,1569.3668435761315,1543.8321877107119,26.602037818870343,2,-1.6270673724209428,1.5395586157131653
8,27B,sglang_dflash,4,time_to_first_token,p99,ms,94.43017981333328,13.892160925339606,3,83.20658872999998,109.96746716,83.20658872999998,100.04197535499992,14.036765123854106,2,20.233237393771407,14.711568857330578
8,27B,sglang_dflash,8,acceptance_length,avg,tokens,5.6616275575967885,0.029316282957028227,3,5.643299024280291,5.695439199293083,5.643299024280291,5.670791824255037,0.034856652055700155,2,0.48717602693846285,0.5178066317289196
8,27B,sglang_dflash,8,inter_chunk_latency,p99,ms,44.64464396333333,0.5681101880014826,3,44.06657391,45.202240800000006,44.66511718,44.63440735500001,0.8030377590880416,2,-0.06875572468831859,1.2725158889565158
8,27B,sglang_dflash,8,inter_token_latency,p90,ms,3.520154930065359,0.04637744157646342,3,3.4913515262745096,3.5736544584313723,3.4913515262745096,3.534556631960784,0.05529267645401584,2,1.2374894180986917,1.3174829658875928
8,27B,sglang_dflash,8,inter_token_latency,p99,ms,4.185599774784313,0.23763520772554686,3,3.9727521715294105,4.441998291921568,4.441998291921568,4.057400516215686,0.11971083708776264,2,-8.658215299301897,5.677446973242739
8,27B,sglang_dflash,8,interactivity,derived,tokens/s/user,239.42166248430146,13.408261009412557,3,225.12390466665605,251.7146695347535,225.12390466665605,246.57054139312416,7.274895784477335,2,9.526592370643371,5.600270614732581
8,27B,sglang_dflash,8,interactivity,derived_p90,tokens/s/user,284.11103621510637,3.715110425603126,3,279.8255991540218,286.42203240619045,286.42203240619045,282.95553811956427,4.426402134470169,2,-1.2102750118434202,1.3076262277929742
8,27B,sglang_dflash,8,output_token_throughput,avg,tokens/s,2440.8799383895152,27.603462984982478,3,2409.226098830329,2459.943677539149,2459.943677539149,2431.3480688146983,31.285189978305812,2,-1.162449733526294,1.1308816362018672
8,27B,sglang_dflash,8,time_to_first_token,p99,ms,96.85654885333334,0.22078776679786882,3,96.6698391,97.10024281,96.79956465,96.885040955,0.3043413819888484,2,0.08830236510779521,0.22795336960869877
8,27B,sglang_dflash,16,acceptance_length,avg,tokens,5.7334420800723445,0.02862155594981612,3,5.704579420532073,5.761816279998414,5.733930539686546,5.733197850265244,0.040472571462471345,2,-0.01277813563019814,0.49920371654744217
8,27B,sglang_dflash,16,inter_chunk_latency,p99,ms,77.35576479000001,0.6805829725242453,3,76.58077348,77.85610784,76.58077348,77.74326044500002,0.15959031648745772,2,1.5179880173234572,0.8798089895069152
8,27B,sglang_dflash,16,inter_token_latency,p90,ms,4.94474548261438,0.10860422948529115,3,4.85749122627451,5.066378378039216,4.85749122627451,4.988372610784314,0.11031681399520171,2,2.694423487619657,2.196356311303409
8,27B,sglang_dflash,16,inter_token_latency,p99,ms,6.015717914169936,0.24244681640913782,3,5.762009116588235,6.245063011607844,5.762009116588235,6.142572312960785,0.14494373604376445,2,6.604696186213022,4.030222491617465
8,27B,sglang_dflash,16,interactivity,derived,tokens/s/user,166.41257980904118,6.752469575366285,3,160.12648681707083,173.55057580889664,173.55057580889664,162.84358180911346,3.8425525880027074,2,-6.169379703800626,4.0576677455002255
8,27B,sglang_dflash,16,interactivity,derived_p90,tokens/s/user,202.2993371893277,4.4023909235915,3,197.3796517714926,205.86758748856406,205.86758748856406,200.51521203970952,4.434351856950599,2,-2.5999116782537968,2.176176642373966
8,27B,sglang_dflash,16,output_token_throughput,avg,tokens/s,3541.9716511849215,13.506233844382464,3,3529.519016829591,3556.329221394468,3556.329221394468,3534.792866080148,7.458349136049806,2,-0.6055782233196916,0.3813196483338348
8,27B,sglang_dflash,16,time_to_first_token,p99,ms,109.90075638,13.540940806121478,3,100.50712086,125.42239684999998,100.50712086,114.59757413999999,15.30861108676627,2,14.019358190179476,12.321062431364386
8,27B,sglang_dflash,32,acceptance_length,avg,tokens,5.698756370434896,0.028787673973108892,3,5.6760746988389466,5.731142075037216,5.689052337428522,5.703608386938081,0.03893851513194651,2,0.255860706602995,0.5051571273069178
8,27B,sglang_dflash,32,inter_chunk_latency,p99,ms,54.83151498,1.7539278099754285,3,53.59461556,56.83878528,53.59461556,55.44996469,1.9640889140810085,2,3.4618200179510783,3.1987586164912285
8,27B,sglang_dflash,32,inter_token_latency,p90,ms,5.8006531415686275,0.08817068252782305,3,5.699243808235294,5.859179546666667,5.843536069803921,5.779211677450981,0.11309164519890136,2,-1.1007785625784416,1.5200130119136843
8,27B,sglang_dflash,32,inter_token_latency,p99,ms,7.256076754679739,0.2406985655042408,3,7.068536014117647,7.527490454156863,7.068536014117647,7.349847124960785,0.2512256054142012,2,3.9797648378856465,3.317199826324942
8,27B,sglang_dflash,32,interactivity,derived,tokens/s/user,137.9151894737603,4.507197809486852,3,132.84639895461785,141.47201032897732,141.47201032897732,136.13677904615184,4.653300150809785,2,-3.771227446629899,3.2680938384559806
8,27B,sglang_dflash,32,interactivity,derived_p90,tokens/s/user,172.42116448129198,2.6432226365831877,3,170.67235984753324,175.4618741796973,171.12925941664545,173.06711701361527,3.3866980628633656,2,1.13239407660366,1.5330035871959224
8,27B,sglang_dflash,32,output_token_throughput,avg,tokens/s,5715.885363949593,24.606112378807424,3,5687.51022619636,5731.337620341899,5731.337620341899,5708.159235753439,29.202109365192314,2,-0.40441492237683896,0.43048645681383924
8,27B,sglang_dflash,32,time_to_first_token,p99,ms,410.20763391666713,38.62663351219063,3,376.9384624100001,452.56941320000055,401.1150261400007,414.7539378050003,53.479158171195365,2,3.4002494985663434,9.416361451731918
8,27B,vllm_baseline,1,inter_chunk_latency,p99,ms,9.160327486666661,0.4165794076486761,3,8.886752869999995,9.63976052999999,8.886752869999995,9.297114794999995,0.4845742455262888,2,4.61768129487774,4.547647540494915
8,27B,vllm_baseline,1,inter_token_latency,p90,ms,8.186914666928104,0.14658366768725822,3,8.100861977647059,8.356166890980392,8.100861977647059,8.229941011568627,0.17851035058658826,2,1.5933987553144346,1.7904628746088957
8,27B,vllm_baseline,1,inter_token_latency,p99,ms,8.201496442732028,0.160953938661547,3,8.106125534745098,8.387328423294118,8.106125534745098,8.24918189672549,0.19536869146808838,2,1.764793320399649,1.9624947689172088
8,27B,vllm_baseline,1,interactivity,derived,tokens/s/user,121.95993218371513,2.366670839969593,3,119.22747620359075,123.36349785279332,123.36349785279332,121.25814934917602,2.871805503233526,2,-1.7066219264709526,1.9405314496276889
8,27B,vllm_baseline,1,interactivity,derived_p90,tokens/s/user,122.17198015373485,2.165072904456574,3,119.67209523775733,123.44365362097624,123.44365362097624,121.53614342011414,2.636162220405913,2,-1.5452476858137665,1.7721517664951971
8,27B,vllm_baseline,1,output_token_throughput,avg,tokens/s,120.1587644995514,2.1561884893548315,3,117.67047655593392,121.47684177821324,121.47684177821324,119.49972586022045,2.586949175083571,2,-1.6275661179951606,1.7944496170005824
8,27B,vllm_baseline,1,time_to_first_token,p99,ms,56.71910079333336,9.269914381729073,3,47.61188029000005,66.14356453,47.61188029000005,61.27271104500002,6.88842705881923,2,28.692063140109102,16.343549619211593
8,27B,vllm_baseline,2,inter_chunk_latency,p99,ms,9.333819633333338,0.1522865406564683,3,9.172977260000003,9.47579152,9.35269012000001,9.324384390000002,0.2141220166859831,2,-0.3026480043370472,1.631556497113101
8,27B,vllm_baseline,2,inter_token_latency,p90,ms,8.49690833620915,0.12291750613085516,3,8.425407642745098,8.638839902745097,8.425407642745098,8.532658682941175,0.1501629211160252,2,1.2729477877361672,1.4466144774923408
8,27B,vllm_baseline,2,inter_token_latency,p99,ms,8.504541910052287,0.11917720893660137,3,8.433320589607842,8.64212732090196,8.43817781964706,8.5377239552549,0.14764865565546795,2,1.1797112805096654,1.4013360178251935
8,27B,vllm_baseline,2,interactivity,derived,tokens/s/user,117.59950093825205,1.634763238958051,3,115.71225033694972,118.57725428252704,118.5089981952794,117.14475230973838,2.025863718043933,2,-1.1511749371917013,1.3901106942761738
8,27B,vllm_baseline,2,interactivity,derived_p90,tokens/s/user,117.70615110841993,1.6886517806041252,3,115.75628339659794,118.688619281356,118.688619281356,117.21491702195189,2.062819455508993,2,-1.2416542279514053,1.4346334194962307
8,27B,vllm_baseline,2,output_token_throughput,avg,tokens/s,228.38430360177276,3.3118530779237187,3,224.56106969578707,230.37030257439335,230.37030257439335,227.39130411546245,4.0025559010000755,2,-1.2931347598368892,1.4501228962295514
8,27B,vllm_baseline,2,time_to_first_token,p99,ms,102.96587123,17.970211624073603,3,91.46558926,123.67382428,91.46558926,108.716012215,21.153540685750915,2,18.860014016816717,17.452590270355355
8,27B,vllm_baseline,4,inter_chunk_latency,p99,ms,9.312815036666663,0.2630597542946133,3,9.042606309999998,9.56808956,9.327749239999989,9.305347935,0.37157276947494694,2,-0.24015766744591716,2.8247071724165833
8,27B,vllm_baseline,4,inter_token_latency,p90,ms,8.631503304183006,0.12431955162025382,3,8.55727823137255,8.775026976470588,8.56220470470588,8.666152603921569,0.15397161425368414,2,1.2140319322026638,1.440300110410732
8,27B,vllm_baseline,4,inter_token_latency,p99,ms,8.647526886588237,0.11763898371399162,3,8.564341145254902,8.782119917568627,8.596119596941177,8.673230531411765,0.15399284670151608,2,0.8970435276171251,1.3603771952006554
8,27B,vllm_baseline,4,interactivity,derived,tokens/s/user,115.65416571593066,1.5620864331427602,3,113.86772321333262,116.7632142437545,116.33155969070482,115.31546872854356,2.0474213424761354,2,-0.8734439432109165,1.350652977757456
8,27B,vllm_baseline,4,interactivity,derived_p90,tokens/s/user,115.87056653838503,1.655145335480566,3,113.95976362026079,116.85958700440717,116.79234899048713,115.40967531233397,2.050484779173228,2,-1.1838735072155937,1.4284432923112167
8,27B,vllm_baseline,4,output_token_throughput,avg,tokens/s,450.01562650994765,5.956814766037387,3,443.1427756944576,453.6899245892936,453.21417924609176,448.41635014187557,7.457960505722696,2,-1.0586229036781747,1.323690648752552
8,27B,vllm_baseline,4,time_to_first_token,p99,ms,102.66780186666665,14.186137310708775,3,87.16067614999997,114.99228157,114.99228157,96.50556201499998,13.215664329111629,2,-16.076487310799624,13.817513429509406
8,27B,vllm_baseline,8,inter_chunk_latency,p99,ms,9.596824196666667,0.14666211934271856,3,9.447387080000004,9.74054412,9.602541389999995,9.5939656,0.2072933309365732,2,-0.08930750362529105,1.528235969912419
8,27B,vllm_baseline,8,inter_token_latency,p90,ms,8.811916085359476,0.08600469351746334,3,8.758899756078431,8.911148103921567,8.76570039607843,8.835023929999998,0.10765583918433022,2,0.7908499126046298,0.9760044544722288
8,27B,vllm_baseline,8,inter_token_latency,p99,ms,8.824020265045752,0.08004002247115279,3,8.76317404090196,8.914690434745097,8.794196319490196,8.838932237823528,0.10713826954741429,2,0.508698199449853,0.9070697943454664
8,27B,vllm_baseline,8,interactivity,derived,tokens/s/user,113.33321849595693,1.0235555900343087,3,112.17439431239136,114.11390385863815,113.71135731684129,113.14414908551475,1.3714403523271534,2,-0.4988140540316377,0.903138200448109
8,27B,vllm_baseline,8,interactivity,derived_p90,tokens/s/user,113.48986379535495,1.1015035662674066,3,112.21898551544955,114.16959068472362,114.08101518589167,113.19428810008658,1.3792861426112282,2,-0.7772783967255115,0.9705744014757468
8,27B,vllm_baseline,8,output_token_throughput,avg,tokens/s,879.2682857218091,7.787185244787252,3,870.3037254571008,884.3569885466335,883.1441431616927,877.3303570018671,9.937157628407197,2,-0.658305465177178,0.885643821259241
8,27B,vllm_baseline,8,time_to_first_token,p99,ms,102.76829882666668,7.908840954253861,3,97.40020776,111.85058349,111.85058349,98.227156495,1.1694821164242772,2,-12.180023179063703,7.695798261284099
8,27B,vllm_baseline,16,inter_chunk_latency,p99,ms,10.415127499999997,0.3991991670126046,3,10.098679209999997,10.86361934,10.86361934,10.190881579999996,0.13039384213694263,2,-6.192574858757927,3.8328783494259167
8,27B,vllm_baseline,16,inter_token_latency,p90,ms,9.121256442745098,0.06243128573927207,3,9.07983428588235,9.193063696470588,9.090871345882354,9.136448991176469,0.08006528405669934,2,0.501356179842527,0.6844592752233046
8,27B,vllm_baseline,16,inter_token_latency,p99,ms,9.155627764915032,0.056214657488733694,3,9.096650729764706,9.20859754545098,9.161635019529411,9.152624137607843,0.07915835250400473,2,-0.09835451753273938,0.6139902028799376
8,27B,vllm_baseline,16,interactivity,derived,tokens/s/user,109.22518732120898,0.6712967695261601,3,108.59416920592832,109.93057002045258,109.150822737246,109.26236961319046,0.9449780783333304,2,0.10219517649718846,0.6145988722839297
8,27B,vllm_baseline,16,interactivity,derived_p90,tokens/s/user,109.63742998950636,0.7475740958069139,3,108.77766466296988,110.13416858882938,110.00045671671978,109.45591662589963,0.9591931246814257,2,-0.4950343908321053,0.6818602879312894
8,27B,vllm_baseline,16,output_token_throughput,avg,tokens/s,1692.8284182941507,9.911093495793208,3,1682.510971860613,1702.2757891533197,1693.6984938685196,1692.3933805069664,13.975836336586175,2,-0.07705700667963722,0.5854753729725625
8,27B,vllm_baseline,16,time_to_first_token,p99,ms,132.96106780333332,29.570489445130438,3,111.49864993,166.69091387999998,166.69091387999998,116.09614476499999,6.501839548597244,2,-30.35244569564417,22.239960864987207
8,27B,vllm_baseline,32,inter_chunk_latency,p99,ms,11.265796116666671,0.36732642819373623,3,10.98468248,11.68141665,11.131289220000014,11.333049565,0.4926654562913802,2,1.8125514575389579,3.2605456763975327
8,27B,vllm_baseline,32,inter_token_latency,p90,ms,9.853847976993464,0.07806723521161046,3,9.792787386274508,9.941808198431373,9.82694834627451,9.86729779235294,0.10537362681404627,2,0.4105999610115596,0.7922512646214965
8,27B,vllm_baseline,32,inter_token_latency,p99,ms,9.993290024235293,0.05715250156024323,3,9.94535663235294,10.056540315882351,9.977973124470587,10.000948474117646,0.0786187365809458,2,0.23026068882379125,0.5719087649977082
8,27B,vllm_baseline,32,interactivity,derived,tokens/s/user,100.06932222152284,0.5710920022983954,3,99.43777567526816,100.5494359796943,100.22075500960604,99.99360582748122,0.786062539635619,2,-0.22664884344869574,0.5706963828876273
8,27B,vllm_baseline,32,interactivity,derived_p90,tokens/s/user,101.48742887892361,0.8011539276534583,3,100.58532412220353,102.11597174075197,101.76099077381531,101.35064793147775,1.0823313106826438,2,-0.4032417915914577,0.7894119858029409
8,27B,vllm_baseline,32,output_token_throughput,avg,tokens/s,3087.3384198960225,14.308447832633004,3,3071.822688790842,3100.013423394917,3090.1791475023083,3085.91805609288,19.93385960517172,2,-0.13789140389717236,0.4634557630748784
8,27B,vllm_baseline,32,time_to_first_token,p99,ms,178.66543443333333,16.382587135300867,3,164.99604581,196.82488138,174.17537611,180.910463595,22.50638546881858,2,3.866842509785351,9.169421711178172
8,27B,vllm_dflash,1,acceptance_length,avg,tokens,5.654847887940467,0.0,3,5.654847887940468,5.654847887940468,5.654847887940468,5.654847887940468,0.0,2,0.0,0.0
8,27B,vllm_dflash,1,inter_chunk_latency,p99,ms,17.730533439999995,3.6610205034615912,3,15.33890463999999,21.94514808,15.33890463999999,18.92634784,4.269228241503158,2,23.38787080431326,20.648112567230196
8,27B,vllm_dflash,1,inter_token_latency,p90,ms,2.8307712318954246,0.38778124802414066,3,2.5754717611764715,3.2769973811764705,2.5754717611764715,2.958420967254902,0.4505350852200674,2,14.869089688776072,13.698784403870409
8,27B,vllm_dflash,1,inter_token_latency,p99,ms,3.423588636274511,0.38446541894722647,3,3.168887662784313,3.8658346913333377,3.2360435547058826,3.5173611770588256,0.49281597001482985,2,8.693258220948486,11.229895288050582
8,27B,vllm_dflash,1,interactivity,derived,tokens/s/user,294.42127304028674,31.128708659372258,3,258.6763480191899,315.56814453982867,309.01932656184164,287.1222462795093,40.2285751136289,2,-7.085990551451893,10.572846295353393
8,27B,vllm_dflash,1,interactivity,derived_p90,tokens/s/user,357.41532073418716,45.503619689809156,3,305.1573998026789,388.2783787709641,388.2783787709641,341.9837917157987,52.0803828968008,2,-11.923040165590425,12.731300828497666
8,27B,vllm_dflash,1,output_token_throughput,avg,tokens/s,379.5423757582312,35.95519274362354,3,338.34741391817045,404.6128002815359,395.6669130749873,371.48010709985317,46.85670405548228,2,-6.112921039356712,9.47330128073157
8,27B,vllm_dflash,1,time_to_first_token,p99,ms,77.58766667333335,11.824524854526887,3,67.69369902,90.68335844000002,67.69369902,82.53465050000003,11.524013284565331,2,21.923682255294242,15.240211958314944
8,27B,vllm_dflash,2,acceptance_length,avg,tokens,5.681950743662864,0.03993596380564167,3,5.636859323882224,5.712860310421286,5.712860310421286,5.666495960283654,0.041912533142021514,2,-0.811578572174354,0.7028565647138466
8,27B,vllm_dflash,2,inter_chunk_latency,p99,ms,83.27316447333334,7.051197146511228,3,78.60640667,91.38455427,79.82853248,84.99548046999999,9.0355148189626,2,6.47255790565171,8.467550370046572
8,27B,vllm_dflash,2,inter_token_latency,p90,ms,3.2245966095424836,0.5378665796033154,3,2.8634434976470584,3.842753763529412,2.9675925674509807,3.353098630588235,0.692476929891013,2,12.990532034806446,16.680119864035632
8,27B,vllm_dflash,2,inter_token_latency,p99,ms,3.640785699908496,1.0640518915190427,3,2.9839812027058823,4.8684444843137245,3.0699314127058823,3.9262128435098034,1.3325167653219596,2,27.892526434301736,29.225886366939573
8,27B,vllm_dflash,2,interactivity,derived,tokens/s/user,288.7557825717247,72.3366838152513,3,205.4044167951448,335.1227544909456,325.7401764290836,270.2635856430452,91.72471622894732,2,-17.030932872388902,25.0511637103868
8,27B,vllm_dflash,2,interactivity,derived_p90,tokens/s/user,315.47780019850353,48.23681452213973,3,260.23004895362874,349.22986984786587,336.9734817940159,304.7299594007473,62.93237687870325,2,-9.568563740270319,15.290082057053898
8,27B,vllm_dflash,2,output_token_throughput,avg,tokens/s,621.8965816413307,76.83284826340629,3,533.5379631213082,672.9934390357943,659.1583427668896,603.2657010785513,98.60991269273033,2,-8.479395323090788,12.354602120601212
8,27B,vllm_dflash,2,time_to_first_token,p99,ms,171.10400395000002,39.060498247868594,3,142.65825018,215.63944989,155.01431178,179.148850035,51.60550121407069,2,15.569232271438471,22.828512101495207
8,27B,vllm_dflash,4,acceptance_length,avg,tokens,5.668224699053003,0.007964107009378775,3,5.65907844212836,5.673626373626374,5.673626373626374,5.665523861766319,0.009115199867187932,2,-0.1428101063848497,0.14050443361409698
8,27B,vllm_dflash,4,inter_chunk_latency,p99,ms,86.33880849666667,9.673238801856659,3,80.31061494,97.49644325,80.31061494,89.35290527500001,11.516701849945328,2,11.259147177188854,11.2038131754275
8,27B,vllm_dflash,4,inter_token_latency,p90,ms,3.780885258169935,0.3936618072785986,3,3.529507407450981,4.234562751372549,3.5785856156862743,3.882035079411765,0.4985494147987538,2,8.479592115816882,10.411895109166657
8,27B,vllm_dflash,4,inter_token_latency,p99,ms,4.482284980784313,0.6183699061368146,3,3.9539674770196074,5.162426667686272,4.330460797647059,4.5581970723529395,0.8545096885076052,2,5.2589386060167165,13.795863243586352
8,27B,vllm_dflash,4,interactivity,derived,tokens/s/user,225.84672899732857,29.92616106435944,3,193.7073520597216,252.9105274163188,230.9223075159453,223.3089397380202,41.8629667624262,2,-3.296939070037397,13.250650650208632
8,27B,vllm_dflash,4,interactivity,derived_p90,tokens/s/user,266.30585206113807,26.18626739452852,3,236.15189069423286,283.3256555543547,279.4400099348266,259.73877312429374,33.356889026691825,2,-7.050256266140186,9.833155070327452
8,27B,vllm_dflash,4,output_token_throughput,avg,tokens/s,1073.887362445602,106.71458618352914,3,952.152847925083,1151.293479556589,1118.2157598551346,1051.723163740836,140.8136910364102,2,-5.946311839041929,9.937223391893186
8,27B,vllm_dflash,4,time_to_first_token,p99,ms,222.82102970333312,34.12958817462045,3,183.44830884,243.98062732999992,243.98062732999992,212.24123088999977,40.71934086346099,2,-13.00898222426099,15.31704086461724
8,27B,vllm_dflash,8,acceptance_length,avg,tokens,5.702254426406817,0.03645279087991087,3,5.671754675467547,5.742626599888704,5.692382003864201,5.707190637678125,0.0501140183539405,2,0.26014827894318415,0.6392698072379945
8,27B,vllm_dflash,8,inter_chunk_latency,p99,ms,84.52460209,2.5290591762695986,3,81.91877946000001,86.96918176,84.68584505,84.44398061000001,3.5711737140501225,2,-0.28560196790524683,2.992098292964113
8,27B,vllm_dflash,8,inter_token_latency,p90,ms,4.817094498954249,0.08524865370293659,3,4.741382529019608,4.909430812156862,4.800470155686274,4.825406670588235,0.11882808057310945,2,0.5194598464990374,1.7697110513701437
8,27B,vllm_dflash,8,inter_token_latency,p99,ms,5.767515629882351,0.1836011711774432,3,5.59186813890196,5.958151627764705,5.958151627764705,5.6721976309411755,0.11360305710039914,2,-4.7993742806241695,3.183366686102737
8,27B,vllm_dflash,8,interactivity,derived,tokens/s/user,173.50168033266505,5.504562069867116,3,167.83728620467582,178.83111245830696,167.83728620467582,176.3338773966597,3.5316236926151867,2,5.06239786409699,3.1726275268993893
8,27B,vllm_dflash,8,interactivity,derived_p90,tokens/s/user,207.63715911267573,3.656807787621939,3,203.68960033488477,210.90894773402167,208.31292926912076,207.29927403445322,5.104849501671162,2,-0.48660217021766483,1.7611528703480033
8,27B,vllm_dflash,8,output_token_throughput,avg,tokens/s,1766.1377418465715,30.078913347458577,3,1744.9792092264502,1800.5702763014035,1752.8637400118605,1772.774742763927,39.3088205020958,2,1.1359127522331924,1.703089891279363
8,27B,vllm_dflash,8,time_to_first_token,p99,ms,245.36056514666666,4.429581681831433,3,240.83769736,249.69055992,249.69055992,243.19556776000002,3.334532297998099,2,-2.601216546625129,1.8053356207357965
8,27B,vllm_dflash,16,acceptance_length,avg,tokens,5.738582647551799,0.008330620137500015,3,5.729770992366412,5.746329924163362,5.739647026125625,5.738050458264887,0.011708932962828341,2,-0.027816481631548484,0.14516860084003555
8,27B,vllm_dflash,16,inter_chunk_latency,p99,ms,88.10378182,2.856144543347204,3,86.17259037999999,91.38463916,91.38463916,86.46335314999999,0.41120065276717477,2,-5.385244232768294,3.2417956236912016
8,27B,vllm_dflash,16,inter_token_latency,p90,ms,6.70892002745098,0.20065593312367747,3,6.488479139607843,6.88092367882353,6.88092367882353,6.622918201764707,0.19012554501495513,2,-3.749576206648697,2.9908827695463778
8,27B,vllm_dflash,16,inter_token_latency,p99,ms,8.408386295411765,0.1813656401719742,3,8.199220794,8.521960163921568,8.199220794,8.512969046117647,0.012715360739199637,2,3.8265618160598924,2.1569613217097396
8,27B,vllm_dflash,16,interactivity,derived,tokens/s/user,118.96624364862724,2.5980657119517696,3,117.34389515613834,121.96280904299796,121.96280904299796,117.46796095144188,0.17545553034486078,2,-3.6854251938157834,2.1838679883222056
8,27B,vllm_dflash,16,interactivity,derived_p90,tokens/s/user,149.14516489737937,4.508023726981468,3,145.32932592720977,154.1193211049514,145.32932592720977,151.0530843824642,4.336313558387853,2,3.9384745086626483,3.0225745032252656
8,27B,vllm_dflash,16,output_token_throughput,avg,tokens/s,2563.0659496040644,45.985890120500144,3,2524.8058971766086,2614.0837223885515,2524.8058971766086,2582.195975817792,45.09608367388429,2,2.2730491363855077,1.7941750631740057
8,27B,vllm_dflash,16,time_to_first_token,p99,ms,253.75203364666666,4.453622612016379,3,250.75288823,258.8694233,250.75288823,255.25160635499998,5.1163657898022095,2,1.7940842702771187,1.7551081455440714
8,27B,vllm_dflash,32,acceptance_length,avg,tokens,5.7224658709299305,0.01782749227551283,3,5.701962274580253,5.734305555555555,5.701962274580253,5.732717669104769,0.0022456105542105137,2,0.5393826378267352,0.31153514372320357
8,27B,vllm_dflash,32,inter_chunk_latency,p99,ms,99.58254605999998,0.9302367176792883,3,98.7661675,100.5952888,100.5952888,99.07617468999999,0.43841637253114824,2,-1.5101245079382042,0.9341363064957253
8,27B,vllm_dflash,32,inter_token_latency,p90,ms,10.070835913202615,0.07019755726253894,3,10.00384499764706,10.14385174509804,10.14385174509804,10.034327997254902,0.04310947146722509,2,-1.0797057231841434,0.6970380400152454
8,27B,vllm_dflash,32,inter_token_latency,p99,ms,12.420027573764704,0.3042092030837103,3,12.069228652235296,12.611185420588232,12.611185420588232,12.324448650352942,0.36093558272681037,2,-2.2736702432998968,2.4493440234086354
8,27B,vllm_dflash,32,interactivity,derived,tokens/s/user,80.54779104185614,2.0008600388423563,3,79.29468695047989,82.85533639424371,79.29468695047989,81.17434308754426,2.3772835325927515,2,2.3704692071465416,2.4840656869194864
8,27B,vllm_dflash,32,interactivity,derived_p90,tokens/s/user,99.29983688937426,0.6915576184167378,3,98.58188241791333,99.96156480185405,98.58188241791333,99.65881412510473,0.4281541130765303,2,1.0924235577344898,0.6964337909106264
8,27B,vllm_dflash,32,output_token_throughput,avg,tokens/s,3467.102224807207,21.390092292275988,3,3444.2314090967448,3486.614165942605,3444.2314090967448,3478.537632662438,11.421942901769729,2,0.9960487403687601,0.6169443790618379
8,27B,vllm_dflash,32,time_to_first_token,p99,ms,297.17424209666666,3.5706995918388307,3,293.20013905,300.11248987,293.20013905,299.16129362000004,1.3451946372283823,2,2.033134973712758,1.201550836521468
8,35B-A3B,pr2_dflash,1,acceptance_length,avg,tokens,5.251783893985729,0.0,3,5.251783893985729,5.251783893985729,5.251783893985729,5.251783893985729,0.0,2,0.0,0.0
8,35B-A3B,pr2_dflash,1,inter_chunk_latency,p99,ms,9.943020000000002,0.7951391610261473,3,9.060117960000005,10.60266652,9.060117960000005,10.38447102,0.30857503534877895,2,14.617393127186107,7.996958278532549
8,35B-A3B,pr2_dflash,1,inter_token_latency,p90,ms,1.5656162352941176,0.0504444611087899,3,1.5325479666666666,1.6236776,1.5325479666666666,1.5821503696078432,0.0587283724283803,2,3.2365970932096255,3.2220195455058867
8,35B-A3B,pr2_dflash,1,inter_token_latency,p99,ms,1.7684280944313733,0.0523466203012163,3,1.7366485047843163,1.8288455426666663,1.7397902358431376,1.7827470237254914,0.06519315069192262,2,2.4690785703562756,2.9600649563333263
8,35B-A3B,pr2_dflash,1,interactivity,derived,tokens/s/user,565.7989097390861,16.467781879340475,3,546.7930323639498,575.8217608486038,574.7819360047044,561.3073966062768,20.526410760721962,2,-2.3442872077867993,2.9105361632694677
8,35B-A3B,pr2_dflash,1,interactivity,derived_p90,tokens/s/user,639.1606479079751,20.229007203900732,3,615.885813784707,652.5081248680439,652.5081248680439,632.4869094279406,23.47749460891403,2,-3.068347301292551,3.164933146324312
8,35B-A3B,pr2_dflash,1,output_token_throughput,avg,tokens/s,677.1998621287254,4.698897982580181,3,672.5908967133425,681.9838045760677,681.9838045760677,674.8078909050541,3.1353032536210317,2,-1.0522117421064237,0.6938716685218391
8,35B-A3B,pr2_dflash,1,time_to_first_token,p99,ms,65.18019149000014,9.475086250408827,3,59.39205368000007,76.11480484000029,76.11480484000029,59.712884815000066,0.4537237423485592,2,-21.54892213082388,14.536757308947893
8,35B-A3B,pr2_dflash,2,acceptance_length,avg,tokens,5.2662106839093745,0.040929253731906486,3,5.229166666666667,5.310149407521896,5.229166666666667,5.284732692530729,0.03594466305148062,2,1.0626172276792634,0.7772050187236837
8,35B-A3B,pr2_dflash,2,inter_chunk_latency,p99,ms,47.32709564999999,5.08229522375708,3,43.59401032,53.11508959999999,45.272187029999984,48.35454996,6.732419723102725,2,6.808513421181672,10.738658592833133
8,35B-A3B,pr2_dflash,2,inter_token_latency,p90,ms,1.8430429483660131,0.07044021982309155,3,1.79535426627451,1.9239501211764705,1.8098244576470588,1.8596521937254902,0.09093100103365766,2,2.7531806119590163,3.8219521626200708
8,35B-A3B,pr2_dflash,2,inter_token_latency,p99,ms,2.2267336547058822,0.19677566970377558,3,2.053671421921569,2.4407706998823526,2.1857588423137253,2.2472210609019605,0.2737205244384863,2,2.8119396064377744,8.836964820104031
8,35B-A3B,pr2_dflash,2,interactivity,derived,tokens/s/user,451.38216020141977,38.97569985540582,3,409.7066553806963,486.93281180507694,457.507013418486,448.3197335928866,54.60713889265261,2,-2.0081178115614384,8.634745298310802
8,35B-A3B,pr2_dflash,2,interactivity,derived_p90,tokens/s/user,543.0989681620816,20.3309825425668,3,519.763994395298,556.9931343272281,552.5397757637189,538.378564361263,26.324977303610652,2,-2.562930674607511,3.7435133805113865
8,35B-A3B,pr2_dflash,2,output_token_throughput,avg,tokens/s,1070.7143082555442,48.185369309974035,3,1015.315721060092,1102.8943627372594,1093.9328409692816,1059.1050418986756,61.927451417031904,2,-3.1837236954826986,4.500301241745784
8,35B-A3B,pr2_dflash,2,time_to_first_token,p99,ms,104.01382106333334,18.965921460094517,3,91.27341486,125.81022636,91.27341486,110.384024165,21.81594436007861,2,20.93776083026242,18.23403973261043
8,35B-A3B,pr2_dflash,4,acceptance_length,avg,tokens,5.181769696564907,0.09802162868951099,3,5.084114454859398,5.280153649167734,5.181040985667589,5.182134052013566,0.13862064367377158,2,0.02109742711939866,1.8916631658580152
8,35B-A3B,pr2_dflash,4,inter_chunk_latency,p99,ms,53.38520623333333,10.609749344310446,3,45.22000428,65.37754102,49.5580734,55.29877265,14.25353092087097,2,11.583782129028442,19.873950281165715
8,35B-A3B,pr2_dflash,4,inter_token_latency,p90,ms,2.542573034901961,0.29642438786216535,3,2.2877218599999996,2.867876303529412,2.4721209411764713,2.577799081764706,0.4102311411551556,2,4.2747965452670345,11.65844142107781
8,35B-A3B,pr2_dflash,4,inter_token_latency,p99,ms,3.134911920875815,0.651958062623082,3,2.6759815701568592,3.881181232549017,2.847572959921568,3.2785814013529384,0.8522048539612327,2,15.135992913882767,20.79669474225424
8,35B-A3B,pr2_dflash,4,interactivity,derived,tokens/s/user,327.5081406633212,61.534711887335945,3,257.6535183705495,373.6946513952944,351.1762522241199,315.67408488292193,82.05347205836735,2,-10.109501173940583,18.78875797184953
8,35B-A3B,pr2_dflash,4,interactivity,derived_p90,tokens/s/user,396.7723675458672,44.71804677148738,3,348.69007382547466,437.11607494103333,404.5109538710936,392.90307438325397,62.52662502202078,2,-2.86960819645411,11.270453899821524
8,35B-A3B,pr2_dflash,4,output_token_throughput,avg,tokens/s,1706.8494957426446,106.21079521172936,3,1589.748498486172,1796.9634281299411,1733.8365606118214,1693.3559633080565,146.52308191420255,2,-2.334741245131,6.222622174752285
8,35B-A3B,pr2_dflash,4,time_to_first_token,p99,ms,127.9230165466666,24.512414111646958,3,99.62090225999998,142.3921786399999,142.3921786399999,120.68843549999994,29.79399123375394,2,-15.242229838249767,19.161848096901917
8,35B-A3B,pr2_dflash,8,acceptance_length,avg,tokens,5.2383354489453255,0.031168188967866026,3,5.2100341210666,5.2717405184523045,5.233231707317073,5.240887319759452,0.043633012034024046,2,0.1462884288435884,0.5950017762635144
8,35B-A3B,pr2_dflash,8,inter_chunk_latency,p99,ms,47.48712666666666,3.284954956218938,3,44.7557616,51.13220884,46.57340956,47.94398522,4.5088290832822455,2,2.942828693343369,6.917569427347129
8,35B-A3B,pr2_dflash,8,inter_token_latency,p90,ms,3.258687639607843,0.10511768926248874,3,3.15246800745098,3.362667593333333,3.2609273180392155,3.257567800392157,0.14863355258001612,2,-0.10302338320986593,3.22576757541385
8,35B-A3B,pr2_dflash,8,inter_token_latency,p99,ms,3.863017123712418,0.05347610200094069,3,3.805823769137255,3.911772760039215,3.805823769137255,3.8916138009999997,0.028509073276582253,2,2.2541777304153188,1.384309214491634
8,35B-A3B,pr2_dflash,8,interactivity,derived,tokens/s/user,258.8982018115381,3.595727143532088,3,255.6385713954343,262.75520377726025,262.75520377726025,256.96970082867705,1.8825012977659197,2,-2.2018604638131656,1.388857519431346
8,35B-A3B,pr2_dflash,8,interactivity,derived_p90,tokens/s/user,307.0853222054191,9.921218447486547,3,297.3829473905042,317.21178379493824,306.661235430815,307.29736559272123,14.02110468461397,2,0.20743742227886663,3.2307693432673834
8,35B-A3B,pr2_dflash,8,output_token_throughput,avg,tokens/s,2647.7032666913897,82.63314328684018,3,2566.9547298647844,2732.100162465349,2644.0549077440355,2649.527446165067,116.77545527384503,2,0.20697521844206257,3.1209367124473815
8,35B-A3B,pr2_dflash,8,time_to_first_token,p99,ms,141.0696601433333,32.01063309777844,3,114.69132070999996,176.68243434,114.69132070999996,154.25882986,31.711765572906117,2,34.49913115051446,22.691366141560245
8,35B-A3B,pr2_dflash,16,acceptance_length,avg,tokens,5.200496541063287,0.017664557846186996,3,5.187232704402516,5.220548205355447,5.193708713431897,5.203890454878982,0.023557616642444483,2,0.19603990152072814,0.33967060081103956
8,35B-A3B,pr2_dflash,16,inter_chunk_latency,p99,ms,50.800835666666664,3.7093801644689885,3,46.9640793,54.36814582,46.9640793,52.719213849999996,2.331941955404595,2,12.25433274915706,7.301809341894202
8,35B-A3B,pr2_dflash,16,inter_token_latency,p90,ms,4.543675088366014,0.10745305633062414,3,4.4217449992156865,4.624538608627453,4.4217449992156865,4.604640132941178,0.028140694186082022,2,4.136265970966946,2.364893048927628
8,35B-A3B,pr2_dflash,16,inter_token_latency,p99,ms,5.610985121385621,0.32158423271877057,3,5.2871880869411765,5.930309904196079,5.615457373019607,5.608748995568628,0.4547557981099573,2,-0.11946270811725723,5.731332836601
8,35B-A3B,pr2_dflash,16,interactivity,derived,tokens/s/user,178.61386295867428,10.26602127339101,3,168.62525165715795,189.1364527904539,178.079884428411,178.8808522238059,14.503609411634768,2,0.44978005122016107,5.7476060946995196
8,35B-A3B,pr2_dflash,16,interactivity,derived_p90,tokens/s/user,220.1692149320146,5.2681624782516225,3,216.2377881621355,226.1550587330062,226.1550587330062,217.1762930315188,1.327246314635065,2,-3.9701812339681175,2.3927788814064503
8,35B-A3B,pr2_dflash,16,output_token_throughput,avg,tokens/s,3940.8062431894614,98.40216986879221,3,3828.626974914373,4012.543428631792,3981.24832602222,3920.585201773082,130.0485715953688,2,-1.52372118696118,2.4970060387732023
8,35B-A3B,pr2_dflash,16,time_to_first_token,p99,ms,185.13506956333333,22.455342776900572,3,169.4346421,210.85606538,169.4346421,192.985283295,25.27310239482114,2,13.899543153105887,12.129167547706981
8,35B-A3B,pr2_dflash,32,acceptance_length,avg,tokens,5.195574499457824,0.0137819349321824,3,5.180976298854183,5.208360961131635,5.208360961131635,5.189181268620919,0.01160357952297881,2,-0.36824814281973817,0.2652629643482274
8,35B-A3B,pr2_dflash,32,inter_chunk_latency,p99,ms,58.21991300666667,11.569056355166907,3,48.24216486,70.90141156,55.5161626,59.57178821,16.0225069981489,2,7.305306094769604,19.87130477821592
8,35B-A3B,pr2_dflash,32,inter_token_latency,p90,ms,6.298857018300654,0.3721563581887703,3,5.880797609019608,6.594026740784313,6.594026740784313,6.151272157058823,0.38250877411379136,2,-6.714479651516059,5.908315700888429
8,35B-A3B,pr2_dflash,32,inter_token_latency,p99,ms,8.104086051686279,0.2967982477980717,3,7.827905871098044,8.417910546078437,8.417910546078437,7.947173804490198,0.1686703289593961,2,-5.592085340079267,3.6623284341398943
8,35B-A3B,pr2_dflash,32,interactivity,derived,tokens/s/user,123.5042702427401,4.495044043077156,3,118.7943248536728,127.7480869682107,118.7943248536728,125.85924293727375,2.6712288457585025,2,5.94718484431247,3.639585930302184
8,35B-A3B,pr2_dflash,32,interactivity,derived_p90,tokens/s/user,159.13941213336133,9.661074377026242,3,151.65240289593623,170.0449609873091,151.65240289593623,162.88291675207387,10.128660091785733,2,7.405430868012042,6.070824472400407
8,35B-A3B,pr2_dflash,32,output_token_throughput,avg,tokens/s,5720.600451634265,246.19998304714588,3,5489.47338506618,5979.515444545124,5489.47338506618,5836.163984918307,202.72957839022462,2,6.3155529780922315,4.303743726356755
8,35B-A3B,pr2_dflash,32,time_to_first_token,p99,ms,215.05041446333334,2.8895790765865117,3,212.9003386,218.33510114,218.33510114,213.408071125,0.7180422229129286,2,-2.2566366971111584,1.3436751953245794
8,35B-A3B,sglang_baseline,1,inter_chunk_latency,p99,ms,4.7087005233331825,0.9243471160626705,3,4.102628359999987,5.772607809999577,5.772607809999577,4.176746879999986,0.10481941620702002,2,-27.645407111066277,19.63062019939943
8,35B-A3B,sglang_baseline,1,inter_token_latency,p90,ms,3.121790053464052,0.09220654248075066,3,3.0684554015686274,3.2282609360784313,3.2282609360784313,3.0685546121568628,0.0001403049594134666,2,-4.947131817528161,2.953643291240387
8,35B-A3B,sglang_baseline,1,inter_token_latency,p99,ms,3.1347509869934638,0.10083172040138916,3,3.0745973959215687,3.251159670901961,3.251159670901961,3.0765466450392154,0.002756654538619926,2,-5.370792072303942,3.2165783125918
8,35B-A3B,sglang_baseline,1,interactivity,derived,tokens/s/user,319.22078248394524,10.081103921891454,3,307.5825555262785,325.24583586992327,307.5825555262785,325.03989596277864,0.2912430097177846,2,5.675660118835535,3.158034963590903
8,35B-A3B,sglang_baseline,1,interactivity,derived_p90,tokens/s/user,320.51232114582336,9.308062387072093,3,309.76430338210577,325.8968663806517,309.76430338210577,325.8863300276822,0.014900653267410585,2,5.204610883033012,2.9041199894581298
8,35B-A3B,sglang_baseline,1,output_token_throughput,avg,tokens/s,309.8350397978317,8.48112436551542,3,300.0432848935912,314.8745223501416,300.0432848935912,314.730917249952,0.20308828031414436,2,4.8951711622440275,2.73730316979299
8,35B-A3B,sglang_baseline,1,time_to_first_token,p99,ms,36.953312530000034,0.9432009512692066,3,35.893218270000055,37.69964224000003,37.69964224000003,36.580147675000035,0.971464880943844,2,-2.9695097843984053,2.552412454237985
8,35B-A3B,sglang_baseline,2,inter_chunk_latency,p99,ms,5.303604210000007,1.1005971177937384,3,4.517884420000002,6.561505910000002,6.561505910000002,4.6746533600000095,0.2217047611068632,2,-28.756394886795,20.751871259898124
8,35B-A3B,sglang_baseline,2,inter_token_latency,p90,ms,3.411191625228758,0.07288133367046766,3,3.33220170745098,3.475828848627451,3.475828848627451,3.378873013529412,0.0660031940297837,2,-2.789430645767421,2.1365358994037797
8,35B-A3B,sglang_baseline,2,inter_token_latency,p99,ms,3.4802191453856213,0.14404025026686412,3,3.335387763215686,3.623455008392157,3.4818146645490198,3.4794213858039216,0.2036943025020104,2,-0.06873653470030883,4.138827017771145
8,35B-A3B,sglang_baseline,2,interactivity,derived,tokens/s/user,287.6671548077143,11.924434805899876,3,275.9796927749717,299.81521519881346,287.2065564493579,287.8974539868926,16.854259539022536,2,0.2405577177889029,4.145219433852481
8,35B-A3B,sglang_baseline,2,interactivity,derived_p90,tokens/s/user,293.2424840026635,6.304557628639326,3,287.70116238458746,300.1018809167365,287.70116238458746,296.0131448117015,5.7823460527049955,2,2.8891028309447453,2.149946877609338
8,35B-A3B,sglang_baseline,2,output_token_throughput,avg,tokens/s,560.3138003163166,12.33570429064043,3,546.3458506217853,569.7147746142247,546.3458506217853,567.2977751635823,3.4181534033467726,2,3.8349196791651385,2.201570670520072
8,35B-A3B,sglang_baseline,2,time_to_first_token,p99,ms,62.70164748,5.613411832786978,3,56.50613905,67.44929529000001,67.44929529000001,60.327823575000004,5.404678086366382,2,-10.558259629520295,8.952574706394268
8,35B-A3B,sglang_baseline,4,inter_chunk_latency,p99,ms,7.0356648466666485,0.19423694246230794,3,6.812741199999992,7.168498979999964,7.168498979999964,6.969247779999991,0.22133372803662926,2,-2.7795386531529465,2.7607475156286525
8,35B-A3B,sglang_baseline,4,inter_token_latency,p90,ms,3.7428256971241827,0.08649458023725869,3,3.691019245490196,3.8426774258823526,3.8426774258823526,3.6928998327450984,0.002659552001108758,2,-3.897740469403632,2.3109433149322767
8,35B-A3B,sglang_baseline,4,inter_token_latency,p99,ms,3.750001105385621,0.08633749218979349,3,3.6987704999215687,3.849682131333333,3.849682131333333,3.7001605924117644,0.0019658876525879424,2,-3.883997011196927,2.302332446403778
8,35B-A3B,sglang_baseline,4,interactivity,derived,tokens/s/user,266.7596210317882,6.0612221830780175,3,259.7617065213774,270.360110209921,259.7617065213774,270.2585782869936,0.14358782241773865,2,4.040961967099022,2.272166289498416
8,35B-A3B,sglang_baseline,4,interactivity,derived_p90,tokens/s/user,267.27172394528367,6.095352437125862,3,260.23521861723293,270.92787479280463,260.23521861723293,270.78997660930906,0.1950174813260622,2,4.055853027180234,2.2805826022859463
8,35B-A3B,sglang_baseline,4,output_token_throughput,avg,tokens/s,1023.4852334416049,22.076411308182333,3,998.0012243564204,1036.7675128750805,998.0012243564204,1036.227237984197,0.7640640780970024,2,3.830257187552788,2.1569838613056946
8,35B-A3B,sglang_baseline,4,time_to_first_token,p99,ms,58.997328356666664,2.645177466369367,3,56.29330768999999,61.57944763,61.57944763,57.70626872,1.998228651730665,2,-6.2897266199463004,4.483554662641708
8,35B-A3B,sglang_baseline,8,inter_chunk_latency,p99,ms,8.06994735666667,0.44719568362814033,3,7.662480300000001,8.548384230000009,8.548384230000009,7.830728920000002,0.23793948025455744,2,-8.395215875784356,5.541494434393146
8,35B-A3B,sglang_baseline,8,inter_token_latency,p90,ms,4.754273984705882,0.03234722968496813,3,4.722571339607843,4.787229399999999,4.787229399999999,4.737796277058823,0.02153131302945809,2,-1.0326040139454373,0.680382110686649
8,35B-A3B,sglang_baseline,8,inter_token_latency,p99,ms,4.895967780588236,0.18703431564399195,3,4.731901472745098,5.099629550392157,4.85637231862745,4.915765511568628,0.26002301733692845,2,1.2229950474218265,3.8201704754993377
8,35B-A3B,sglang_baseline,8,interactivity,derived,tokens/s/user,204.44640966300634,7.724850916118387,3,196.0926749910885,211.33153463989484,205.9150193580357,203.71210481549167,10.775500995221012,2,-1.0698173204712669,3.7784233672048506
8,35B-A3B,sglang_baseline,8,interactivity,derived_p90,tokens/s/user,210.3435464144587,1.4306080523951272,3,208.88909146488785,211.74905111820692,208.88909146488785,211.07077388924412,0.9592288562480308,2,1.0444214243341632,0.6801292822059167
8,35B-A3B,sglang_baseline,8,output_token_throughput,avg,tokens/s,1625.999825531517,9.61392177380211,3,1616.6167094166103,1635.829023207844,1616.6167094166103,1630.6913835889704,7.265719627596474,2,0.8706253059477032,0.5912621651517983
8,35B-A3B,sglang_baseline,8,time_to_first_token,p99,ms,80.79064250666666,17.900110002273138,3,66.61484515999999,100.90539864,66.61484515999999,87.87854118,18.422758495033133,2,31.92035644446436,22.156167406139964
8,35B-A3B,sglang_baseline,16,inter_chunk_latency,p99,ms,9.568241033333331,0.17330495296203768,3,9.407642389999992,9.75193602,9.75193602,9.476393539999997,0.09722880875875296,2,-2.8255156661702974,1.8112519569509908
8,35B-A3B,sglang_baseline,16,inter_token_latency,p90,ms,5.768843802875818,0.1123805367005139,3,5.699674583921568,5.8985131082352975,5.708343716470589,5.799093846078433,0.14060006890336474,2,1.589780400679075,1.948059967310802
8,35B-A3B,sglang_baseline,16,inter_token_latency,p99,ms,5.8701585753594765,0.27457374738520657,3,5.70649515709804,6.187152902470587,5.716827666509804,5.946824029784313,0.339876351182765,2,4.0231466941336835,4.677450257268259
8,35B-A3B,sglang_baseline,16,interactivity,derived,tokens/s/user,170.59544236597586,7.77004727741631,3,161.62522823715747,175.23891153331607,174.92218732745405,168.43206988523679,9.626327775639766,2,-3.7102882952565475,4.554662873552825
8,35B-A3B,sglang_baseline,16,interactivity,derived_p90,tokens/s/user,173.38834224811578,3.3403989542183465,3,169.53425069172687,175.4486129472968,175.18216310532364,172.49143181951183,4.18208565730726,2,-1.53596190280747,1.9265418371889689
8,35B-A3B,sglang_baseline,16,output_token_throughput,avg,tokens/s,2718.9887544065355,20.06915979976222,3,2696.981017487061,2736.278783207116,2723.7064625254297,2716.6299003470886,27.787716626130937,2,-0.25981368681630146,0.73811117339993
8,35B-A3B,sglang_baseline,16,time_to_first_token,p99,ms,70.56755097333333,9.863377569854004,3,61.32386023,80.95150127,80.95150127,65.375575825,5.729991145327573,2,-19.241058165245306,13.977213937297133
8,35B-A3B,sglang_baseline,32,inter_chunk_latency,p99,ms,12.322501923333368,0.37367304022575576,3,11.94498966000002,12.692213600000075,12.330302510000005,12.318601630000048,0.5283671150389686,2,-0.09489531980636512,3.032444568080645
8,35B-A3B,sglang_baseline,32,inter_token_latency,p90,ms,7.297070514771242,0.024455620426489355,3,7.280177116470588,7.325114080784314,7.325114080784314,7.283048731764707,0.004061077294860232,2,-0.5742620327232273,0.3351429916565089
8,35B-A3B,sglang_baseline,32,inter_token_latency,p99,ms,7.343152542797385,0.009482248962107807,3,7.333032270156861,7.351831809764707,7.351831809764707,7.338812909313724,0.008175058294821725,2,-0.1770837634464284,0.12913049139103858
8,35B-A3B,sglang_baseline,32,interactivity,derived,tokens/s/user,136.18144334315483,0.1759024740883927,3,136.02052194281697,136.36923487568518,136.02052194281697,136.26190404332374,0.1517887187863433,2,0.1774600604813381,0.1291677263583904
8,35B-A3B,sglang_baseline,32,interactivity,derived_p90,tokens/s/user,137.04232027350494,0.4584556747420082,3,136.5166451978217,137.35929552285364,136.5166451978217,137.30515781134653,0.07656228584918688,2,0.5775944848206871,0.3345358381462282
8,35B-A3B,sglang_baseline,32,output_token_throughput,avg,tokens/s,4156.352881683363,9.178218722405754,3,4149.89345850613,4166.859033890812,4152.306152653149,4158.376246198471,11.99647340124012,2,0.14618607882377344,0.2208238564837278
8,35B-A3B,sglang_baseline,32,time_to_first_token,p99,ms,100.51922131333333,17.90652661110856,3,85.49480112,120.33361795,95.72924487,102.914209535,24.634763629009022,2,7.505506467492928,17.81403235833996
8,35B-A3B,sglang_dflash,1,acceptance_length,avg,tokens,5.185266161910309,0.07183464461217358,3,5.1055,5.244852941176468,5.1055,5.225149242865462,0.027865237380332752,2,2.3435362425905826,1.3853607967099786
8,35B-A3B,sglang_dflash,1,inter_chunk_latency,p99,ms,10.311743860000012,1.27377412027078,3,8.849662849999998,11.18149215,8.849662849999998,11.04278436500002,0.19616243075370282,2,24.78197816315706,12.352654774638463
8,35B-A3B,sglang_dflash,1,inter_token_latency,p90,ms,1.3829396881045752,0.04638368964231038,3,1.3534336741176471,1.436403068627451,1.3589823215686276,1.394918371372549,0.05866822148882416,2,2.644335340760118,3.353992226941059
8,35B-A3B,sglang_dflash,1,inter_token_latency,p99,ms,1.5987769137385628,0.07995372348418538,3,1.5103755967058838,1.6660319267058823,1.619923217803922,1.588203761705883,0.11006564647760994,2,-1.9580839233257041,5.000930573686009
8,35B-A3B,sglang_dflash,1,interactivity,derived,tokens/s/user,626.5429236390152,31.94534961789157,3,600.2285934443187,662.0869684209619,617.3132090517648,631.1577809326402,43.740476419164594,2,2.242714343038532,5.098668967857818
8,35B-A3B,sglang_dflash,1,interactivity,derived_p90,tokens/s/user,723.6298796511668,23.817142941257135,3,696.1834194322252,738.8614744286871,735.8447450925878,717.5224469304561,30.177942095850643,2,-2.489967929284631,3.2913432143982826
8,35B-A3B,sglang_dflash,1,output_token_throughput,avg,tokens/s,783.2619250322732,10.164208022074737,3,776.5823880211929,794.9592627839646,794.9592627839646,777.4132561564275,1.175024985392408,2,-2.2071579575147826,1.297676766511526
8,35B-A3B,sglang_dflash,1,time_to_first_token,p99,ms,43.525721173333345,7.021497222076398,3,37.15357497000004,51.05325,37.15357497000004,46.711794275,6.13974556673732,2,25.72624387482989,16.13183431037145
8,35B-A3B,sglang_dflash,2,acceptance_length,avg,tokens,5.252648057922742,0.09412436729925103,3,5.17688907222646,5.358017020943549,5.358017020943549,5.199963576412339,0.03263227676470401,2,-2.949849616255562,1.791941250609398
8,35B-A3B,sglang_dflash,2,inter_chunk_latency,p99,ms,28.381121590000003,0.28498990073294317,3,28.16471765,28.70402392,28.16471765,28.489323560000003,0.3036321609583849,2,1.1525267678300422,1.0041530593821157
8,35B-A3B,sglang_dflash,2,inter_token_latency,p90,ms,1.6826631350326797,0.03324156008601394,3,1.661454489019608,1.7209738890196078,1.661454489019608,1.6932674580392155,0.03918281045742476,2,1.9147662021353318,1.9755326775711612
8,35B-A3B,sglang_dflash,2,inter_token_latency,p99,ms,1.9254101903790846,0.14530829512703378,3,1.816830902745098,2.0904807186274508,1.816830902745098,1.979699834196078,0.15666782921453348,2,8.96445184881527,7.546874731063137
8,35B-A3B,sglang_dflash,2,interactivity,derived,tokens/s/user,521.2788369707786,37.95291155221919,3,478.3588727173581,550.4089557751762,550.4089557751762,506.71377756857976,40.09989100039626,2,-7.938675006669849,7.280731320835633
8,35B-A3B,sglang_dflash,2,interactivity,derived_p90,tokens/s/user,594.4489684977466,11.61342295595723,3,581.066340622793,601.8822703895312,601.8822703895312,590.7323175518543,13.669755666664033,2,-1.852513919451515,1.9536450681891044
8,35B-A3B,sglang_dflash,2,output_token_throughput,avg,tokens/s,1256.9487854628649,13.159833754553341,3,1248.9921458218118,1272.138712601894,1272.138712601894,1249.3538218933504,0.5114872055556647,2,-1.7910696752512,1.0469665834242643
8,35B-A3B,sglang_dflash,2,time_to_first_token,p99,ms,68.53306105,3.199933349843865,3,66.33321948999999,72.20399257999999,66.33321948999999,69.63298182999999,3.635958271657022,2,4.974524627886412,4.66918199890309
8,35B-A3B,sglang_dflash,4,acceptance_length,avg,tokens,5.1802049676151745,0.05265676631691866,3,5.119406717507632,5.211248007919707,5.211248007919707,5.164683447462908,0.06403096556265532,2,-0.8935395203995999,1.016499668374327
8,35B-A3B,sglang_dflash,4,inter_chunk_latency,p99,ms,32.55451563333333,2.6378040662877043,3,30.52693747,35.53673185,30.52693747,33.568304715000004,2.7837763508602174,2,9.962896697347624,8.102728653676525
8,35B-A3B,sglang_dflash,4,inter_token_latency,p90,ms,2.2456020053594776,0.03770137867827366,3,2.2020804101960785,2.2682555627450984,2.2682555627450984,2.234275226666667,0.045530346090818526,2,-1.4980823429485035,1.6788985131066623
8,35B-A3B,sglang_dflash,4,inter_token_latency,p99,ms,2.8311278371111093,0.29984773477327537,3,2.548239745686272,3.1454574225490184,2.799686343098038,2.8468485841176454,0.4222966691541241,2,1.6845544550329716,10.59110545425744
8,35B-A3B,sglang_dflash,4,interactivity,derived,tokens/s/user,355.8431357371822,37.27254757180048,3,317.9187843495332,392.4277539791248,357.1828688828885,355.173269164329,52.68579768430672,2,-0.5626248887144691,10.474432082154635
8,35B-A3B,sglang_dflash,4,interactivity,derived_p90,tokens/s/user,445.3993992134538,7.550815528323934,3,440.8674297660602,454.1160238153872,440.8674297660602,447.66538393715064,9.12258240178685,2,1.5419497363862167,1.695290910059192
8,35B-A3B,sglang_dflash,4,output_token_throughput,avg,tokens/s,1877.235349268074,23.022254067601278,3,1855.183050154267,1901.1182581444784,1901.1182581444784,1865.293894829872,14.298893667288137,2,-1.8843837389459162,1.2263914632002617
8,35B-A3B,sglang_dflash,4,time_to_first_token,p99,ms,68.95810518,2.10604493151889,3,67.06646602,71.22744326,67.06646602,69.90392476,1.8717378127516884,2,4.230815947799971,3.0540933890534285
8,35B-A3B,sglang_dflash,8,acceptance_length,avg,tokens,5.188973807136231,0.03466866353838501,3,5.1644775923526005,5.228642122906055,5.173801706150036,5.196559857629328,0.0453711746659987,2,0.4398728975685273,0.6681217679439103
8,35B-A3B,sglang_dflash,8,inter_chunk_latency,p99,ms,37.23790892666667,1.4803712087900935,3,35.92344958,38.84152456,35.92344958,37.8951386,1.3383918598714823,2,5.488584874370517,3.975441294798312
8,35B-A3B,sglang_dflash,8,inter_token_latency,p90,ms,3.186529137908497,0.03808630101063384,3,3.1510940776470586,3.226804010588235,3.181689325490196,3.188949044117647,0.05353500698588472,2,0.22817182586902796,1.1952283930983314
8,35B-A3B,sglang_dflash,8,inter_token_latency,p99,ms,3.7792888343660125,0.13393914106515417,3,3.683498801607843,3.932340380392157,3.932340380392157,3.702763061352941,0.02724377740059572,2,-5.838185325562306,3.5440302907576755
8,35B-A3B,sglang_dflash,8,interactivity,derived,tokens/s/user,264.81776221779813,9.21511852318574,3,254.3014854426905,271.4810167885764,254.3014854426905,270.075900605352,1.9871343630259164,2,6.203036972120413,3.4797962364800927
8,35B-A3B,sglang_dflash,8,interactivity,derived_p90,tokens/s/user,313.8509001054212,3.7430851262644187,3,309.90416421904206,317.35009344649785,314.29844265072364,313.6271288327699,5.265067048969122,2,-0.21359120086373862,1.192631636553259
8,35B-A3B,sglang_dflash,8,output_token_throughput,avg,tokens/s,2817.2124106531573,24.203927473821686,3,2789.288413623419,2832.1833182671985,2832.1833182671985,2809.7269568461365,28.904465020716113,2,-0.7928992899654985,0.8591445707925913
8,35B-A3B,sglang_dflash,8,time_to_first_token,p99,ms,73.68656144666666,6.304415480731136,3,69.44005456999999,80.93046319,69.44005456999999,75.809814885,7.241690281073805,2,9.173034719577998,8.555719464931455
8,35B-A3B,sglang_dflash,16,acceptance_length,avg,tokens,5.158306990971153,0.02803401642445229,3,5.1268761612138505,5.180729363614847,5.180729363614847,5.147095804649306,0.028594893972767817,2,-0.6492050945906547,0.5434732068781803
8,35B-A3B,sglang_dflash,16,inter_chunk_latency,p99,ms,52.360619163333325,7.588256261941313,3,47.78453089,61.11984519999998,48.177481400000005,54.452188044999986,9.429491177854988,2,13.0241483420509,14.492296659576473
8,35B-A3B,sglang_dflash,16,inter_token_latency,p90,ms,4.6315152094117655,0.22054155916662754,3,4.447765974509804,4.876084762352941,4.5706948913725505,4.661925368431373,0.3028671193934846,2,1.9959870266340607,4.761758284167177
8,35B-A3B,sglang_dflash,16,inter_token_latency,p99,ms,5.555955417856208,0.11390149629911035,3,5.432982473019608,5.657837335411765,5.657837335411765,5.505014459078431,0.10186861160905719,2,-2.701082892165041,2.0500793784817626
8,35B-A3B,sglang_dflash,16,interactivity,derived,tokens/s/user,180.03777438077995,3.7119350169009673,3,176.7459791997046,184.06096558677248,176.7459791997046,181.6836719713176,3.3620008727192428,2,2.7936662514024935,2.061753445724242
8,35B-A3B,sglang_dflash,16,interactivity,derived_p90,tokens/s/user,216.2332191980211,10.118984278001047,3,205.0825711072038,224.83197311437047,218.78511337248906,214.95727211078713,13.964936083646773,2,-1.749589449984612,4.679662225596489
8,35B-A3B,sglang_dflash,16,output_token_throughput,avg,tokens/s,4009.210383237627,96.71893566733937,3,3897.594531807329,4068.3317359913895,4061.704881914162,3982.9631338993595,120.7294348793811,2,-1.9386378455367725,2.412418566801033
8,35B-A3B,sglang_dflash,16,time_to_first_token,p99,ms,83.9239202,3.544159716203741,3,81.76451284999999,88.01423643999999,81.99301131,84.88937464499999,4.419221931030536,2,3.532451472052167,4.223062635488923
8,35B-A3B,sglang_dflash,32,acceptance_length,avg,tokens,5.183399237203331,0.02328977101041866,3,5.156694934696502,5.199503406704425,5.199503406704425,5.175347152452785,0.02637821931927122,2,-0.4645877185211922,0.44931462819338036
8,35B-A3B,sglang_dflash,32,inter_chunk_latency,p99,ms,40.52741485999999,3.2628739391026707,3,38.490399,44.29078546999998,38.490399,41.54592278999999,3.881822028907747,2,7.9384050812255635,8.051029038921213
8,35B-A3B,sglang_dflash,32,inter_token_latency,p90,ms,4.666877372941176,0.1281739810553303,3,4.578606642745098,4.813895088627451,4.608130387450981,4.696250865686274,0.1663740556182555,2,1.9122826575234564,2.7464613019080044
8,35B-A3B,sglang_dflash,32,inter_token_latency,p99,ms,5.831665209084967,0.17413736767966134,3,5.630769675019608,5.939499525843137,5.924726426392157,5.785134600431372,0.21830497107202826,2,-2.3560889721247147,2.986065925190257
8,35B-A3B,sglang_dflash,32,interactivity,derived,tokens/s/user,171.58137760527924,5.212709798942348,3,168.3643538734092,177.59561440355267,168.7841645388759,172.97998413848092,6.527486919764193,2,2.4859083262154025,3.038039367497165
8,35B-A3B,sglang_dflash,32,interactivity,derived_p90,tokens/s/user,214.38226456422194,5.801650016279865,3,207.73198866806263,218.40705656261645,217.00774846198675,213.06952261533954,7.5484128978658065,2,-1.8147858196579936,2.706217339420762
8,35B-A3B,sglang_dflash,32,output_token_throughput,avg,tokens/s,7426.48645699695,162.41578479262571,3,7249.971065285385,7569.61331100637,7459.874994699097,7409.792188145877,226.0211995030059,2,-0.6713625441285398,2.18698015182676
8,35B-A3B,sglang_dflash,32,time_to_first_token,p99,ms,273.3959599833334,15.973810329118761,3,263.57373841,291.82763248000015,263.57373841,278.3070707700001,19.12096174118442,2,5.589833209058881,5.842738250445452
8,35B-A3B,vllm_baseline,1,inter_chunk_latency,p99,ms,4.73635342,0.26088220995490036,3,4.4616534,4.98077561,4.76663125,4.721214505000001,0.3670748349555472,2,-0.9528059255684784,5.508081572909742
8,35B-A3B,vllm_baseline,1,inter_token_latency,p90,ms,3.903994707712418,0.09222665027081428,3,3.8327867337254897,4.008175829019608,4.008175829019608,3.851904147058823,0.027036105213492315,2,-3.8988230214194175,2.3623661704412338
8,35B-A3B,vllm_baseline,1,inter_token_latency,p99,ms,3.9732475544575165,0.08309420851484521,3,3.8774568647058825,4.025913151568627,4.016372647098039,3.9516850081372548,0.10497444715042206,2,-1.6105985336675066,2.091342343409317
8,35B-A3B,vllm_baseline,1,interactivity,derived,tokens/s/user,251.75757759468897,5.328532229070296,3,248.3908525474196,257.9009992612395,248.9808809754077,253.14592590432954,6.724689231421037,2,1.6728372526455981,2.1165330076574054
8,35B-A3B,vllm_baseline,1,interactivity,derived_p90,tokens/s/user,256.24218765733684,5.987800784059175,3,249.49005299615263,260.9067682270948,249.49005299615263,259.618254987929,1.8222328981255744,2,4.0595614414866255,2.3367739866732786
8,35B-A3B,vllm_baseline,1,output_token_throughput,avg,tokens/s,248.24192678873052,5.782120982780404,3,241.61952087402827,252.28847183327437,241.61952087402827,251.55312974608165,1.0399307526917136,2,4.111260893209212,2.329228207973648
8,35B-A3B,vllm_baseline,1,time_to_first_token,p99,ms,45.43097903,4.079603430154166,3,40.72343997,47.93465235000001,47.93465235000001,44.17914237,4.887101201605254,2,-7.834645284540187,8.979783216778646
8,35B-A3B,vllm_baseline,2,inter_chunk_latency,p99,ms,5.1326561833333315,0.12923057352533332,3,4.98612908,5.230371669999994,5.181467799999999,5.108250374999997,0.1727055916435611,2,-1.413063398753578,2.5178108353520448
8,35B-A3B,vllm_baseline,2,inter_token_latency,p90,ms,4.305232657124183,0.09665009793636954,3,4.232694470588235,4.4149517337254895,4.4149517337254895,4.2503731188235285,0.02500138409877686,2,-3.7277556999039674,2.2449448295537655
8,35B-A3B,vllm_baseline,2,inter_token_latency,p99,ms,4.317241425228757,0.09676980178347783,3,4.2513402028235285,4.42834039662745,4.42834039662745,4.2616919395294115,0.014639566443574132,2,-3.7632259982759098,2.241473020665049
8,35B-A3B,vllm_baseline,2,interactivity,derived,tokens/s/user,231.70605965904176,5.130764986777839,3,225.818232212136,235.2199429572467,225.818232212136,234.6499733824946,0.8060587027544361,2,3.9109956197256768,2.2143421688357314
8,35B-A3B,vllm_baseline,2,interactivity,derived_p90,tokens/s/user,232.35270258279272,5.159606426344493,3,226.50304245934876,236.2561264340504,226.50304245934876,235.27753264451468,1.3839406092155306,2,3.873895065555555,2.220592387775651
8,35B-A3B,vllm_baseline,2,output_token_throughput,avg,tokens/s,441.3771180461296,10.271382428689598,3,429.5216332144742,447.5996596328923,429.5216332144742,447.30486046195733,0.41690898571255186,2,4.140240181710109,2.327121640142683
8,35B-A3B,vllm_baseline,2,time_to_first_token,p99,ms,72.74510881333332,7.61240833646069,3,64.12483497999999,78.54417821999999,75.56631323999999,71.3345066,10.196015385260411,2,-5.600123201140816,10.464495085153306
8,35B-A3B,vllm_baseline,4,inter_chunk_latency,p99,ms,5.785797023333334,0.7044610887159086,3,5.212803119999999,6.572317889999999,5.572270060000003,5.892560504999999,0.9613221129902689,2,5.747934711549063,12.175696552694689
8,35B-A3B,vllm_baseline,4,inter_token_latency,p90,ms,4.658667004183006,0.06598550951607829,3,4.6084249717647054,4.733395389803921,4.733395389803921,4.621302811372548,0.01821201542747707,2,-2.368122018135843,1.4164032212826128
8,35B-A3B,vllm_baseline,4,inter_token_latency,p99,ms,4.6650336441312845,0.06253853619251952,3,4.622605760941177,4.736853658040913,4.736853658040913,4.629123637176471,0.00921766896982173,2,-2.2742948936488427,1.3405806037689434
8,35B-A3B,vllm_baseline,4,interactivity,derived,tokens/s/user,214.3862243654037,2.8530371859958903,3,211.11059622930887,216.32820355339948,211.11059622930887,216.02403843345112,0.4301544378317973,2,2.327425667826377,1.3307931488793434
8,35B-A3B,vllm_baseline,4,interactivity,derived_p90,tokens/s/user,214.68219619631782,3.0203266730676557,3,211.26483584153414,216.99387667736505,211.26483584153414,216.39087637370966,0.8527712075445502,2,2.426357662294776,1.4068826975785613
8,35B-A3B,vllm_baseline,4,output_token_throughput,avg,tokens/s,818.1339560183188,10.155439635678889,3,807.5075631488006,827.7416588427468,807.5075631488006,823.4471524530779,6.073349179967589,2,1.9739244598678818,1.2412930133230526
8,35B-A3B,vllm_baseline,4,time_to_first_token,p99,ms,84.32291427333332,18.940431709112836,3,69.48275733,105.65583788,77.83014760999997,87.569297605,25.578230553312213,2,12.513338717796163,22.461784999172696
8,35B-A3B,vllm_baseline,8,inter_chunk_latency,p99,ms,6.462562756666668,0.6219936142017902,3,5.853413470000001,7.096650550000003,6.43762425,6.475032010000002,0.8791013698905636,2,0.5810802020637107,9.62456594421698
8,35B-A3B,vllm_baseline,8,inter_token_latency,p90,ms,5.29756751124183,0.06232995866931736,3,5.252752811764705,5.368747350980392,5.368747350980392,5.261977591372549,0.013045808431314431,2,-1.9887275863027076,1.1765769579537888
8,35B-A3B,vllm_baseline,8,inter_token_latency,p99,ms,5.324499012379085,0.05599394833064281,3,5.280655734392156,5.387574599921568,5.387574599921568,5.292961218607843,0.01740258266939182,2,-1.7561405333506253,1.051628485618287
8,35B-A3B,vllm_baseline,8,interactivity,derived,tokens/s/user,187.8248792217822,1.9658669837471385,3,185.61227904195664,189.370421079932,185.61227904195664,188.931179311695,0.6211816658015005,2,1.7880822792915252,1.0466488741493387
8,35B-A3B,vllm_baseline,8,interactivity,derived_p90,tokens/s/user,188.78319789693748,2.2076762251357436,3,186.26318852895713,190.37636756107733,186.26318852895713,190.04320258092764,0.4711664334354538,2,2.029394042818544,1.1694241064509254
8,35B-A3B,vllm_baseline,8,output_token_throughput,avg,tokens/s,1422.3356909970196,18.022649571723235,3,1406.2566755832231,1441.8170012313742,1406.2566755832231,1430.3751987039177,16.181152312323665,2,1.715086835814783,1.2671164539989737
8,35B-A3B,vllm_baseline,8,time_to_first_token,p99,ms,139.45889931666667,42.15243064972248,3,105.09622214,186.49375064,126.78672517,145.79498639,57.55674437417527,2,14.99231184851022,30.22570151941882
8,35B-A3B,vllm_baseline,16,inter_chunk_latency,p99,ms,8.085976586666666,0.8030862570557209,3,7.191377619999997,8.744740139999998,8.321812,7.968058879999997,1.0983931715330244,2,-4.250914584467925,9.931840000377521
8,35B-A3B,vllm_baseline,16,inter_token_latency,p90,ms,6.433686986797386,0.05331617219341598,3,6.393249615294118,6.494108016470587,6.494108016470587,6.403476471960785,0.014462959398444927,2,-1.3955965050156172,0.8287032350629813
8,35B-A3B,vllm_baseline,16,inter_token_latency,p99,ms,6.484435002405228,0.03307108525214683,3,6.4517488112941175,6.517877991607842,6.517877991607842,6.467713507803921,0.02257749032333512,2,-0.7696444129287272,0.5100071978496198
8,35B-A3B,vllm_baseline,16,interactivity,derived,tokens/s/user,154.21811422819795,0.7863960788517103,3,153.42416677445632,154.99673487744107,153.42416677445632,154.61508795506876,0.5397302536568852,2,0.7762278952853308,0.5099245849213749
8,35B-A3B,vllm_baseline,16,interactivity,derived_p90,tokens/s/user,155.43895826793195,1.2830030388029254,3,153.98573560275938,156.4149783246021,153.98573560275938,156.1655696005182,0.35271720017358954,2,1.4156077439420711,0.8254063544297551
8,35B-A3B,vllm_baseline,16,output_token_throughput,avg,tokens/s,2331.677341963578,21.402512266802912,3,2309.300222049266,2351.949728734694,2309.300222049266,2342.8659019207344,12.846471078550215,2,1.453500049538059,0.9179019704664279
8,35B-A3B,vllm_baseline,16,time_to_first_token,p99,ms,157.3646858033333,19.78954376082148,3,134.96953491999997,172.49532047999998,172.49532047999998,149.799368465,20.972551727074485,2,-13.15743056208385,12.575593856904774
8,35B-A3B,vllm_baseline,32,inter_chunk_latency,p99,ms,9.475753106666671,1.0073273073930986,3,8.355946549999997,10.308114200000013,9.76319857,9.332030375000006,1.3803909833280186,2,-4.416259609067796,10.630577813223024
8,35B-A3B,vllm_baseline,32,inter_token_latency,p90,ms,7.543691677908497,0.07393794611439816,3,7.459972890588236,7.6000491184313725,7.6000491184313725,7.51551295764706,0.07854551608969972,2,-1.112310716246545,0.9801294813111662
8,35B-A3B,vllm_baseline,32,inter_token_latency,p99,ms,7.854346321986927,0.08620306755557708,3,7.755151300588235,7.911101321999999,7.911101321999999,7.825968821980392,0.10015109920643508,2,-1.0761143936162454,1.0975205831485433
8,35B-A3B,vllm_baseline,32,interactivity,derived,tokens/s/user,127.32833074950825,1.406093896150308,3,126.40465079357509,128.9465493631503,126.40465079357509,127.79017072747484,1.6353663498107254,2,1.09609885807318,1.1043056073015693
8,35B-A3B,vllm_baseline,32,interactivity,derived_p90,tokens/s/user,132.56962150704737,1.3055033475664597,3,131.57809698556224,134.04874450169052,131.57809698556224,133.06538376778994,1.3906820865873637,2,1.1303452598124153,0.9847681035259345
8,35B-A3B,vllm_baseline,32,output_token_throughput,avg,tokens/s,3951.01587426683,59.56106108536425,3,3914.730229119437,4019.755475046185,3914.730229119437,3969.1586968405263,71.55464995082576,2,1.3903504082152907,1.5074872635488132
8,35B-A3B,vllm_baseline,32,time_to_first_token,p99,ms,214.51630305666663,59.69490167989948,3,158.17070825999997,277.0745879,208.30361301,217.62264807999998,84.07773960283308,2,4.473775051397033,27.827675952503466
8,35B-A3B,vllm_dflash,1,acceptance_length,avg,tokens,5.251783893985729,0.0,3,5.251783893985729,5.251783893985729,5.251783893985729,5.251783893985729,0.0,2,0.0,0.0
8,35B-A3B,vllm_dflash,1,inter_chunk_latency,p99,ms,13.337844320000002,0.3863693051542302,3,13.025918240000005,13.770046080000002,13.025918240000005,13.493807360000002,0.3906605442765862,2,3.5919856963573027,2.8967897351663656
8,35B-A3B,vllm_dflash,1,inter_token_latency,p90,ms,2.2175742673202614,0.02684398094793277,3,2.192915594901961,2.2461689568627454,2.192915594901961,2.2299036035294115,0.023002683280791074,2,1.6867046188845158,1.210511022946316
8,35B-A3B,vllm_dflash,1,inter_token_latency,p99,ms,2.4816690137647064,0.0215055562187713,3,2.462876666039216,2.50512309282353,2.462876666039216,2.491065187627451,0.01988088018684961,2,1.1445364673322356,0.8665763282488362
8,35B-A3B,vllm_dflash,1,interactivity,derived,tokens/s/user,402.97474296365044,3.482824822433359,3,399.1819814621954,406.0292639859203,406.0292639859203,401.4474824525155,3.203902226080372,2,-1.1284362827512107,0.8642786882421365
8,35B-A3B,vllm_dflash,1,interactivity,derived_p90,tokens/s/user,450.9871275239822,5.445407854758415,3,445.202484410039,456.01390328235914,456.01390328235914,448.4737396447938,4.6262535189741865,2,-1.6534942428929722,1.2074419694980858
8,35B-A3B,vllm_dflash,1,output_token_throughput,avg,tokens/s,493.84272305079935,9.02593660141047,3,483.4798939722866,499.98661442085705,499.98661442085705,490.7707773657705,10.3108661767457,2,-1.843216756064836,1.8276945634940565
8,35B-A3B,vllm_dflash,1,time_to_first_token,p99,ms,63.03720264666669,4.6326622468362455,3,59.09378455000003,68.13919120000006,59.09378455000003,65.00891169500002,4.42688372998958,2,10.00972807892364,7.349092365032497
8,35B-A3B,vllm_dflash,2,acceptance_length,avg,tokens,5.277360621358618,0.09893495167805191,3,5.176470588235294,5.374217118997913,5.176470588235294,5.327805637920279,0.06563574598981185,2,2.923518005278103,1.874705156165391
8,35B-A3B,vllm_dflash,2,inter_chunk_latency,p99,ms,56.99678735333333,1.8368912487537088,3,55.85294929999999,59.115605,56.02180776,57.48427715,2.3070459701469495,2,2.6105358760739827,3.222797869933422
8,35B-A3B,vllm_dflash,2,inter_token_latency,p90,ms,2.466828710718954,0.11363490510549266,3,2.3872604533333335,2.596970799607843,2.4162548792156864,2.4921156264705884,0.14828760793568443,2,3.139600375252072,4.606517858808848
8,35B-A3B,vllm_dflash,2,inter_token_latency,p99,ms,2.9734857349150325,0.36245511967455085,3,2.737772727882353,3.3908472425882343,2.7918372342745097,3.064309985235294,0.4617934179686421,2,9.759621643257766,12.189569817623761
8,35B-A3B,vllm_dflash,2,interactivity,derived,tokens/s/user,339.4530098811521,38.7358309752216,3,294.91154524457426,365.2604139911542,358.18707040772784,330.08597961786427,49.74416213950909,2,-7.845367159086958,11.411249818872907
8,35B-A3B,vllm_dflash,2,interactivity,derived_p90,tokens/s/user,405.9392779552618,18.25237234408796,3,385.06401386993093,418.89019633517546,413.8636236606789,401.9771051025532,23.918723002827893,2,-2.872085846295902,4.496330691631061
8,35B-A3B,vllm_dflash,2,output_token_throughput,avg,tokens/s,824.7990365457536,41.38221399944414,3,777.8770155393212,856.0850450681215,840.4350490298177,816.9810303037214,55.30142802305248,2,-2.7906997397563638,5.01724810115592
8,35B-A3B,vllm_dflash,2,time_to_first_token,p99,ms,116.26507058,12.927776069928095,3,102.53574704,128.20483338,102.53574704,123.12973234999998,7.1772767070396775,2,20.084688417948616,11.119226097259121
8,35B-A3B,vllm_dflash,4,acceptance_length,avg,tokens,5.126984750127856,0.017066658928624943,3,5.110121257114575,5.144247566758173,5.144247566758173,5.118353341812696,0.011641925826687027,2,-0.5033627291346487,0.3328790655794195
8,35B-A3B,vllm_dflash,4,inter_chunk_latency,p99,ms,57.69371150666666,2.135477498307795,3,56.33668192,60.15523419999999,56.33668192,58.372226299999994,2.521553953998363,2,3.6131776147032335,3.7014042649362833
8,35B-A3B,vllm_dflash,4,inter_token_latency,p90,ms,3.0330567473202614,0.08535926413703261,3,2.963094546666667,3.128164146666667,3.007911548627451,3.045629346666667,0.11672183352775127,2,1.253953031179611,2.8142982887625974
8,35B-A3B,vllm_dflash,4,inter_token_latency,p99,ms,3.595974659816991,0.23460601086261332,3,3.4204210710588225,3.862429050549016,3.4204210710588225,3.6837514541960754,0.25268828005455446,2,7.698770931022736,6.524128589786922
8,35B-A3B,vllm_dflash,4,interactivity,derived,tokens/s/user,278.8555967142442,17.63522210664898,3,258.9044321365223,292.36166519417475,292.36166519417475,272.1025624742789,18.664974921623156,2,-6.929466182387689,6.3241413528883115
8,35B-A3B,vllm_dflash,4,interactivity,derived_p90,tokens/s/user,329.8726386993215,9.181229310420267,3,319.6763191169452,337.48501245933915,332.45658452168016,328.58066578814214,12.592647826478466,2,-1.1658420720150442,2.7832648826594397
8,35B-A3B,vllm_dflash,4,output_token_throughput,avg,tokens/s,1414.3499405603832,51.12229043069549,3,1356.3247619764595,1452.7592083404184,1452.7592083404184,1395.1453066703655,54.9005408048327,2,-3.9658259496333836,3.6145432586818087
8,35B-A3B,vllm_dflash,4,time_to_first_token,p99,ms,147.09369795666666,14.221057711184336,3,130.67496945,155.54284981,130.67496945,155.30306221,0.3391108760089043,2,18.846832613512433,9.668026508772535
8,35B-A3B,vllm_dflash,8,acceptance_length,avg,tokens,5.194447308218804,0.023801389342825063,3,5.168149354717454,5.214511439767413,5.214511439767413,5.1844152424445,0.023003439027624743,2,-0.5771623606650955,0.45820831227156394
8,35B-A3B,vllm_dflash,8,inter_chunk_latency,p99,ms,60.69605968666665,1.4696221801165494,3,59.5361048,62.348729,62.348729,59.869725029999984,0.4718102539480203,2,-3.9760296797710426,2.4212810315912274
8,35B-A3B,vllm_dflash,8,inter_token_latency,p90,ms,3.9738835475816994,0.028015893405655256,3,3.9529489643137254,4.005709624313726,4.005709624313726,3.957970509215686,0.007101536904418163,2,-1.191776728105154,0.7050003622452471
8,35B-A3B,vllm_dflash,8,inter_token_latency,p99,ms,4.864204857071893,0.2986262727348095,3,4.574779098745096,5.171251338980391,5.171251338980391,4.710681616117645,0.19219518322890394,2,-8.906349598423425,6.1392618425732515
8,35B-A3B,vllm_dflash,8,interactivity,derived,tokens/s/user,206.09915628369993,12.608095455723348,3,193.37679305240823,218.5897894554754,193.37679305240823,212.46033789934575,8.668353520587416,2,9.868580684221806,6.117490087328661
8,35B-A3B,vllm_dflash,8,interactivity,derived_p90,tokens/s/user,251.65131515869197,1.7679844569056025,3,249.64365712637596,252.97569207894156,249.64365712637596,252.65514417485,0.4533231933565671,2,1.206314265356867,0.7025532355317543
8,35B-A3B,vllm_dflash,8,output_token_throughput,avg,tokens/s,2203.2198367407477,30.226426853807205,3,2168.556107490486,2224.081047792196,2168.556107490486,2220.551701365879,4.9912495824102425,2,2.3977057220605724,1.3719206022818657
8,35B-A3B,vllm_dflash,8,time_to_first_token,p99,ms,163.98677749666663,15.894669871170358,3,145.72885613999995,174.73646675,171.49500959999995,160.23266144499996,20.511478168349893,2,-6.567157948950597,9.692653343037641
8,35B-A3B,vllm_dflash,16,acceptance_length,avg,tokens,5.1945737418921984,0.014988980739215525,3,5.179529042386185,5.209506375457644,5.209506375457644,5.187107425109476,0.010717451628131971,2,-0.429963008658385,0.28855073551724325
8,35B-A3B,vllm_dflash,16,inter_chunk_latency,p99,ms,64.00619887,2.6272033312461294,3,61.44805307000001,66.6974031,66.6974031,62.660596755,1.71479572429684,2,-6.05241907087084,4.104607643678574
8,35B-A3B,vllm_dflash,16,inter_token_latency,p90,ms,5.666663373464053,0.11404439670035428,3,5.566353376078432,5.790707158431373,5.790707158431373,5.604641480980392,0.0541475572299164,2,-3.2131771191376113,2.0125493466649758
8,35B-A3B,vllm_dflash,16,inter_token_latency,p99,ms,7.0260320025490195,0.21123096556845675,3,6.787893882588236,7.190775975568628,6.787893882588236,7.145101062529411,0.06459408148027163,2,5.262415502066919,3.0064048312308125
8,35B-A3B,vllm_dflash,16,interactivity,derived,tokens/s/user,142.41486855758205,4.34209973905065,3,139.067049703342,147.32110096257108,147.32110096257108,139.96175235508753,1.2653006243896945,2,-4.995447739257186,3.048908995969775
8,35B-A3B,vllm_dflash,16,interactivity,derived_p90,tokens/s/user,176.51807476623597,3.531814934336772,3,172.69048021949826,179.65082926598402,172.69048021949826,178.43187203960483,1.7238658414981398,2,3.3246718712050427,2.0008233938728246
8,35B-A3B,vllm_dflash,16,output_token_throughput,avg,tokens/s,3160.9181092597405,94.3317226876243,3,3055.0764137911065,3236.1240535937704,3055.0764137911065,3213.8389569940578,31.515885850108226,2,5.1966799418263765,2.984314032409906
8,35B-A3B,vllm_dflash,16,time_to_first_token,p99,ms,422.0408216833334,398.19636008183744,3,190.19261875,881.83284733,881.83284733,192.14480886,2.7608137298925994,2,-78.21074487735707,94.35020017580504
8,35B-A3B,vllm_dflash,32,acceptance_length,avg,tokens,5.18590731432907,0.01648415520646535,3,5.1704566810749855,5.20325997856107,5.20325997856107,5.17723098221307,0.009580308545078317,2,-0.5002440096256389,0.31786443928371666
8,35B-A3B,vllm_dflash,32,inter_chunk_latency,p99,ms,87.28903794666667,19.93891338322393,3,73.16237971999999,110.0968395,73.16237971999999,94.35236706,22.266046457057413,2,28.962955307217044,22.842402496641725
8,35B-A3B,vllm_dflash,32,inter_token_latency,p90,ms,8.931054035555555,1.3081862404541473,3,7.873069520392157,10.393776882745097,7.873069520392157,9.460046293137253,1.320494463426039,2,20.157027302180474,14.647613095230499
8,35B-A3B,vllm_dflash,32,inter_token_latency,p99,ms,11.08485389847059,1.7854177193399243,3,9.40861448227451,12.962388103882356,9.40861448227451,11.922973606568629,1.4699540790282857,2,26.72401052281481,16.106822297281372
8,35B-A3B,vllm_dflash,32,interactivity,derived,tokens/s/user,91.77118708804477,14.56996273122608,3,77.1462782926929,106.28557497854376,106.28557497854376,84.51399314279527,10.419522264712432,2,-20.484042016184787,15.876402162312381
8,35B-A3B,vllm_dflash,32,interactivity,derived_p90,tokens/s/user,113.50354405311118,15.746042526017488,3,96.21141682001262,127.01526353982837,127.01526353982837,106.7476843097526,14.900532380781005,2,-15.956806028844273,13.87273204319463
8,35B-A3B,vllm_dflash,32,output_token_throughput,avg,tokens/s,4220.68887202042,493.5428787018856,3,3678.827981777132,4644.50703684482,4644.50703684482,4008.7797896082193,466.6223215642444,2,-13.687722770003008,11.693420047463235
8,35B-A3B,vllm_dflash,32,time_to_first_token,p99,ms,286.83676483333335,54.434629425545985,3,245.02006625,348.38563172,245.02006625,307.745114125,57.47437116471141,2,25.59996364175334,18.97756358295815
8,4B,pr2_dflash,1,acceptance_length,avg,tokens,4.631972913276339,0.04302054236247988,3,4.592948717948718,4.678104575163399,4.6248654467169,4.635526646556059,0.060214284094253924,2,0.23051913535618862,0.9287736169435004
8,4B,pr2_dflash,1,inter_chunk_latency,p99,ms,8.648673816666665,0.866236920755818,3,7.8743468,9.58417997,8.48749468,8.729263385,1.2090346292046907,2,2.848528501227876,10.015835249636913
8,4B,pr2_dflash,1,inter_token_latency,p90,ms,1.6579876809150325,0.028885030767176266,3,1.6298662713725491,1.6875801192156863,1.6565166521568626,1.6587231952941177,0.04080985317825088,2,0.13320380054024916,1.7421740281709939
8,4B,pr2_dflash,1,inter_token_latency,p99,ms,1.985240603045752,0.1789614978326306,3,1.845190937529412,2.186858695882353,1.9236721757254904,2.0160248167058823,0.24159558884417145,2,4.800851316860277,9.014599920939974
8,4B,pr2_dflash,1,interactivity,derived,tokens/s/user,506.35511452366694,43.917170554459986,3,457.2769159172949,541.9493341642647,519.8390934894412,499.6131250407798,59.872441121895875,2,-3.890813273179161,8.673195805630062
8,4B,pr2_dflash,1,interactivity,derived_p90,tokens/s/user,603.2627075022773,10.497520477125997,3,592.564458785374,613.5472692234291,603.6763944980287,603.0558640044015,14.83708754910066,2,-0.10279190958645268,1.7401242189475752
8,4B,pr2_dflash,1,output_token_throughput,avg,tokens/s,707.9168177190371,30.747962885615394,3,673.2464184537687,731.8784630584844,718.6255716448579,702.5624407561265,41.459116334826604,2,-2.235257347155706,4.343442918150711
8,4B,pr2_dflash,1,time_to_first_token,p99,ms,52.91498422000001,10.081434653852327,3,46.74631837,64.54893678,47.44969751000003,55.647627575,12.58835220058748,2,17.277096578481377,19.05213580323038
8,4B,pr2_dflash,2,acceptance_length,avg,tokens,4.549998289475208,0.04958310393887991,3,4.493466898954704,4.586114819759679,4.570413149711239,4.539790859357192,0.06551197306403193,2,-0.6700114267783941,1.0897389577831857
8,4B,pr2_dflash,2,inter_chunk_latency,p99,ms,41.23691052666666,3.7359076674349843,3,37.015752269999936,44.117796950000056,37.015752269999936,43.34748965500003,1.0893790237839682,2,17.105521289464008,9.05962066440231
8,4B,pr2_dflash,2,inter_token_latency,p90,ms,2.0167363184313727,0.2156797567331813,3,1.767834348235294,2.148509488235294,1.767834348235294,2.141187303529412,0.010355132917259296,2,21.1192273567266,10.694494603089117
8,4B,pr2_dflash,2,inter_token_latency,p99,ms,2.230334408666667,0.2988672083971338,3,1.906441914509804,2.495439986039216,1.906441914509804,2.3922806557450986,0.14588932398726634,2,25.484056846296134,13.400107501179692
8,4B,pr2_dflash,2,interactivity,derived,tokens/s/user,454.03904424527354,63.66816076170116,3,400.73093546409376,524.5373553681682,524.5373553681682,418.78988868382623,25.539216565606914,2,-20.16014028402585,14.022618003597811
8,4B,pr2_dflash,2,interactivity,derived_p90,tokens/s/user,499.9119969606988,56.96517645583914,3,465.43894987467,565.6638592853626,565.6638592853626,467.0360657983668,2.2586629999740144,2,-17.43576010169684,11.395040887629975
8,4B,pr2_dflash,2,output_token_throughput,avg,tokens/s,1116.0253160248913,110.4727621687134,3,1029.1287550519994,1240.3498720777757,1240.3498720777757,1053.8630379984493,34.979558398442876,2,-15.03501860865535,9.89876847616685
8,4B,pr2_dflash,2,time_to_first_token,p99,ms,96.52508344,14.37376352564814,3,84.75107536999998,112.54296248,84.75107536999998,102.41208747499999,14.327220830777602,2,20.838687919766063,14.891221031249222
8,4B,pr2_dflash,4,acceptance_length,avg,tokens,4.550321321841697,0.03534684882263228,3,4.5103961479536006,4.577624555160142,4.5103961479536006,4.570283908785745,0.01038124165925684,2,1.327771638402897,0.7767989625911957
8,4B,pr2_dflash,4,inter_chunk_latency,p99,ms,45.06768516666667,7.006105480360167,3,38.65183896,52.54330110000001,38.65183896,48.275608270000006,6.035429080228415,2,24.89860655778746,15.545740710778905
8,4B,pr2_dflash,4,inter_token_latency,p90,ms,2.4442145151633987,0.24524948133285654,3,2.227590242745098,2.7104910509803926,2.227590242745098,2.552526651372549,0.2233953962975353,2,14.58690213272915,10.033877133589533
8,4B,pr2_dflash,4,inter_token_latency,p99,ms,3.012202908496731,0.3934339662659848,3,2.618347605607843,3.405214180117646,2.618347605607843,3.2091305599411752,0.2773041150127796,2,22.5631979905198,13.061336776357201
8,4B,pr2_dflash,4,interactivity,derived,tokens/s/user,335.8258317779462,44.257940966049794,3,293.6672840841545,381.9202606476891,381.9202606476891,312.77861734307476,27.027506689797004,2,-18.103685619442842,13.178837593206321
8,4B,pr2_dflash,4,interactivity,derived_p90,tokens/s/user,411.82176605616354,40.30264241063813,3,368.9368388205145,448.91559534202423,448.91559534202423,393.27485141323314,34.41914748982992,2,-12.394477827485362,9.786428433979792
8,4B,pr2_dflash,4,output_token_throughput,avg,tokens/s,1868.4501898384806,161.4190933494281,3,1729.7383382459104,2045.6272191747128,2045.6272191747128,1779.8616751703646,70.88510286995924,2,-12.991885398922708,8.63919703224104
8,4B,pr2_dflash,4,time_to_first_token,p99,ms,105.64723641333335,8.550963277038418,3,96.22924568,112.92431684,96.22924568,110.35623178,3.6318207211797255,2,14.680553713345912,8.093882592047844
8,4B,pr2_dflash,8,acceptance_length,avg,tokens,4.571810236131516,0.030703188427596968,3,4.543231633439806,4.604269110415736,4.604269110415736,4.555580798989407,0.017464357404236134,2,-1.057460158360124,0.6715761775269304
8,4B,pr2_dflash,8,inter_chunk_latency,p99,ms,46.49703780000002,5.607941798379756,3,41.08420156,52.28159075999999,41.08420156,49.20345592000004,4.353140037541075,2,19.762473290718717,12.060858204562344
8,4B,pr2_dflash,8,inter_token_latency,p90,ms,3.1467300704575156,0.36000733329145124,3,2.7667764996078428,3.482760760392156,2.7667764996078428,3.336706855882352,0.20655141259530982,2,20.59907463993893,11.44068049151443
8,4B,pr2_dflash,8,inter_token_latency,p99,ms,3.9382153405228757,0.29321977248516445,3,3.626982498470588,4.209280553215686,3.626982498470588,4.093831761549019,0.16326924693458628,2,12.871560953913907,7.4454987127807435
8,4B,pr2_dflash,8,interactivity,derived,tokens/s/user,254.8799928930248,19.312820552989695,3,237.5702895916616,275.71128353160685,275.71128353160685,244.46434757373376,9.749670298032934,2,-11.333208985003695,7.577221081097347
8,4B,pr2_dflash,8,interactivity,derived_p90,tokens/s/user,320.6584810088771,37.677261869201104,3,287.128536468121,361.43143479125905,361.43143479125905,300.27200411768615,18.587670206627045,2,-16.92144755170366,11.749965804945619
8,4B,pr2_dflash,8,output_token_throughput,avg,tokens/s,2935.1366333541973,293.18438086742856,3,2703.144243927498,3264.6550274302485,3264.6550274302485,2770.3774363161715,95.08209251770177,2,-15.140270165180192,9.98878135810615
8,4B,pr2_dflash,8,time_to_first_token,p99,ms,122.21994573666665,10.888918164324394,3,110.55358755999998,132.11398728999998,110.55358755999998,128.05312482499997,5.742926772934857,2,15.829008946003299,8.909280804121368
8,4B,pr2_dflash,16,acceptance_length,avg,tokens,4.5598466066355146,0.040455936058688025,3,4.513160054719562,4.584588869739257,4.513160054719562,4.583189882593491,0.0019784665951288857,2,1.5516805746939033,0.8872214253833959
8,4B,pr2_dflash,16,inter_chunk_latency,p99,ms,52.76474968666639,10.817911379603014,3,44.04328854,64.87011021999999,44.04328854,57.125480259999584,10.95256072499357,2,29.70303116244004,20.502156162671405
8,4B,pr2_dflash,16,inter_token_latency,p90,ms,4.442265688627451,0.5153463824046393,3,4.088391203921569,5.033523496078431,4.088391203921569,4.619202930980392,0.5859377623317322,2,12.983388833966526,11.600980637514917
8,4B,pr2_dflash,16,inter_token_latency,p99,ms,5.507673306433585,0.8340716577053976,3,5.005783511058823,6.470485821843138,5.005783511058823,5.758618204120966,1.0067328395969204,2,15.039297872130785,15.143811393662505
8,4B,pr2_dflash,16,interactivity,derived,tokens/s/user,184.1547090029637,25.65306500406146,3,154.5479006575038,199.76892684048175,199.76892684048175,176.34760008420466,30.829430584897384,2,-11.724209128369278,13.930170530501401
8,4B,pr2_dflash,16,interactivity,derived_p90,tokens/s/user,227.02725361805554,24.792440049718376,3,198.66799087738244,244.59498862065936,244.59498862065936,218.24338611675364,27.683789436332447,2,-10.77356598862057,10.920468646213068
8,4B,pr2_dflash,16,output_token_throughput,avg,tokens/s,4393.268531703831,419.7215988619306,3,3911.578366021225,4680.45105906588,4680.45105906588,4249.677268022806,478.14405263408815,2,-9.203681132583997,9.553743319649776
8,4B,pr2_dflash,16,time_to_first_token,p99,ms,150.5579275133334,29.00635456814414,3,123.85309166,181.4176985200001,123.85309166,163.91034544000007,24.759136166990448,2,32.34255458875808,19.265909837643946
8,4B,pr2_dflash,32,acceptance_length,avg,tokens,4.6174239288282735,0.008089560742236363,3,4.608749126484975,4.624761637689288,4.624761637689288,4.6137550743977656,0.007079479430801798,2,-0.2379920124277346,0.17519640533177525
8,4B,pr2_dflash,32,inter_chunk_latency,p99,ms,45.73701097666666,1.1110784505578388,3,44.85602306,46.98521189999999,45.36979796999999,45.92061747999999,1.50556386719071,2,1.2140664817688052,2.429276480539295
8,4B,pr2_dflash,32,inter_token_latency,p90,ms,5.650353064207195,0.05469657548376389,3,5.594950098039216,5.7043147619607835,5.651794332621584,5.64963243,0.0773324954811283,2,-0.03825161522786891,0.9680204911485191
8,4B,pr2_dflash,32,inter_token_latency,p99,ms,7.069455705254903,0.03209921852018518,3,7.046539717843137,7.106142709450983,7.106142709450983,7.051112203156863,0.006466470744422641,2,-0.77440755898317,0.4540550200537366
8,4B,pr2_dflash,32,interactivity,derived,tokens/s/user,141.45554532121162,0.6407594857088237,3,140.72332077851834,141.91362570025905,140.72332077851834,141.82165759255827,0.13006254521623178,2,0.7804938143611384,0.4529758690292506
8,4B,pr2_dflash,32,interactivity,derived_p90,tokens/s/user,176.99115246271296,1.7140458657553894,3,175.30589417479183,178.73260395127673,176.93495926207032,177.0192490630343,2.42304972011072,2,0.04763886193859257,0.9684359030977499
8,4B,pr2_dflash,32,output_token_throughput,avg,tokens/s,6876.034070397884,80.25432343269841,3,6805.24683647175,6963.221818924819,6859.633555797083,6884.234327698285,111.70518135039131,2,0.3586309924735076,1.1671600607420272
8,4B,pr2_dflash,32,time_to_first_token,p99,ms,190.63091278000002,61.8707295732686,3,152.8549923,262.03289069,157.00485535,207.443941495,77.20043230726485,2,32.12581294544022,32.455769460995704
8,4B,sglang_baseline,1,inter_chunk_latency,p99,ms,4.548834743333324,2.1152472881316897,3,3.0497216399999942,6.968351179999986,3.0497216399999942,5.298391294999989,2.361679917986009,2,73.73360327403518,46.500860274859434
8,4B,sglang_baseline,1,inter_token_latency,p90,ms,2.3780942439215687,0.05312127760976878,3,2.3199384462745094,2.4240628956862746,2.3199384462745094,2.4071721427450985,0.023887131888104707,2,3.7601728878054574,2.233775122476633
8,4B,sglang_baseline,1,inter_token_latency,p99,ms,2.9574692455096088,1.0151567223864983,3,2.3394130104313726,4.129079555490227,2.3394130104313726,3.2664973630487264,1.2198754352122891,2,39.62893035490151,34.32518271923988
8,4B,sglang_baseline,1,interactivity,derived,tokens/s/user,361.87681253228243,103.81490567769994,3,242.1847258114344,427.4576552071096,427.4576552071096,329.0863911948688,122.89751377806144,2,-23.013101488281563,28.68791314680843
8,4B,sglang_baseline,1,interactivity,derived_p90,tokens/s/user,420.645751641159,9.466811753046821,3,412.5305501682912,431.0459191733546,431.0459191733546,415.4456678750612,4.122598996828076,2,-3.6191622758454667,2.2505425803331756
8,4B,sglang_baseline,1,output_token_throughput,avg,tokens/s,401.04758183244303,12.543954528415545,3,389.6356481336052,414.4786132221072,414.4786132221072,394.332066137611,6.641738035838192,2,-4.860696412748378,3.127797073629131
8,4B,sglang_baseline,1,time_to_first_token,p99,ms,54.32904294333341,33.82766429538762,3,33.58624825,93.36423667000022,33.58624825,64.70044029000013,40.53672958969696,2,92.6396774310752,62.264421500431624
8,4B,sglang_baseline,2,inter_chunk_latency,p99,ms,3.307023253333334,0.14265953669026946,3,3.172455970000001,3.4565898100000005,3.172455970000001,3.3743068950000006,0.11636561434459251,2,6.362607610910342,4.313835306312858
8,4B,sglang_baseline,2,inter_token_latency,p90,ms,2.3473877802614376,0.05842213593968992,3,2.311157945098039,2.4147844921568624,2.311157945098039,2.3655026978431373,0.06969498189655185,2,2.3514079970329727,2.488814861819858
8,4B,sglang_baseline,2,inter_token_latency,p99,ms,2.358441269111111,0.05906138313655658,3,2.3131009197254904,2.4252298811764703,2.3131009197254904,2.3811114438039214,0.062392892482966734,2,2.940231595537224,2.5042549886695555
8,4B,sglang_baseline,2,interactivity,derived,tokens/s/user,424.18414457925496,10.499419925777595,3,412.3320464429144,432.3200909533493,432.3200909533493,420.1161713922078,11.008415074497506,2,-2.822889756113234,2.4752032955385186
8,4B,sglang_baseline,2,interactivity,derived_p90,tokens/s/user,426.178972784902,10.45785918352575,3,414.11562946837114,432.68353948763985,432.68353948763985,422.92668943353306,12.460720501614592,2,-2.2549621521679164,2.453865594350655
8,4B,sglang_baseline,2,output_token_throughput,avg,tokens/s,795.2967292079628,20.8140213090034,3,771.410414506606,809.5434621581076,809.5434621581076,788.1733627328904,23.706388726969507,2,-2.6397717261835485,2.6171390557247878
8,4B,sglang_baseline,2,time_to_first_token,p99,ms,63.83414110333333,9.811856462373166,3,52.84727592,71.72322023,52.84727592,69.32757369499998,3.387955820449113,2,31.18476305183222,15.370860001844381
8,4B,sglang_baseline,4,inter_chunk_latency,p99,ms,4.127745593333294,0.4597070308496058,3,3.597622539999998,4.416423119999906,3.597622539999998,4.392807119999942,0.03339806748895226,2,22.103057537546576,11.137000099814214
8,4B,sglang_baseline,4,inter_token_latency,p90,ms,2.4430967648366013,0.05958001715758786,3,2.403971890980392,2.5116664627450977,2.403971890980392,2.4626592017647058,0.06930673313322813,2,2.4412644342683976,2.4387088557080823
8,4B,sglang_baseline,4,inter_token_latency,p99,ms,2.560512469973856,0.14064075821876448,3,2.4219538345490195,2.703146755372549,2.4219538345490195,2.6297917876862744,0.10373959016936934,2,8.581416795500374,5.492680073540141
8,4B,sglang_baseline,4,interactivity,derived,tokens/s/user,391.3328203069678,21.47574933712202,3,369.9392191757564,412.8897858146851,412.8897858146851,380.5543375531091,15.012044375448092,2,-7.831496290898543,5.487847740518185
8,4B,sglang_baseline,4,interactivity,derived_p90,tokens/s/user,409.4767405681014,9.851519926766379,3,398.14203630646927,415.97824157260766,415.97824157260766,406.2259900658483,11.43243704411079,2,-2.3444138496020672,2.4058802248690707
8,4B,sglang_baseline,4,output_token_throughput,avg,tokens/s,1542.8919417573154,35.676313536179755,3,1501.7882003814552,1565.8231361331036,1565.8231361331036,1531.4263445694214,41.91466547419087,2,-2.1967226546816265,2.3123015015261097
8,4B,sglang_baseline,4,time_to_first_token,p99,ms,63.622608113333335,15.622488011562053,3,48.26450564,79.49669735999998,63.10662134,63.8806015,22.08449455653033,2,1.2264642656592661,24.554931768488853
8,4B,sglang_baseline,8,inter_chunk_latency,p99,ms,4.104514313333347,0.13325895720980152,3,3.973563910000003,4.239967680000037,3.973563910000003,4.169989515000019,0.09896407001300733,2,4.94331057582047,3.246643744837611
8,4B,sglang_baseline,8,inter_token_latency,p90,ms,2.5490157645751634,0.026964762627357395,3,2.5329072298039215,2.580145663137255,2.5329072298039215,2.557070031960784,0.03263387057008414,2,0.9539552760774894,1.0578499749628472
8,4B,sglang_baseline,8,inter_token_latency,p99,ms,2.5552361278562095,0.024274024075824935,3,2.537275502901961,2.582852164313725,2.545580716352941,2.560063833607843,0.03222756634810163,2,0.5689514051493871,0.9499718562679507
8,4B,sglang_baseline,8,interactivity,derived,tokens/s/user,391.3766992155607,3.700354195844313,3,387.1688878738843,394.1235387549633,392.83767101783445,390.6462133144238,4.917680798795981,2,-0.5578532470505326,0.9454712565313574
8,4B,sglang_baseline,8,interactivity,derived_p90,tokens/s/user,392.337376042366,4.125193137330769,3,387.57501728955816,394.80324752257604,394.80324752257604,391.1044403022609,4.991357891915938,2,-0.9368735549987184,1.0514402627001604
8,4B,sglang_baseline,8,output_token_throughput,avg,tokens/s,2960.169206232597,30.065400464245677,3,2925.8290346391464,2981.7543533284133,2981.7543533284133,2949.376632684689,33.301332517317014,2,-1.085861436156954,1.0156649289149884
8,4B,sglang_baseline,8,time_to_first_token,p99,ms,54.56934109,4.773328932967782,3,50.85952818,59.95449332,50.85952818,56.424247545,4.992521453515314,2,10.94135074416258,8.747272438373843
8,4B,sglang_baseline,16,inter_chunk_latency,p99,ms,5.331275866666656,0.11216694359219942,3,5.22508162,5.44858754999997,5.22508162,5.384372989999985,0.0908131016537997,2,3.048591038085724,2.103941840517269
8,4B,sglang_baseline,16,inter_token_latency,p90,ms,2.6981949252287585,0.013016622487824361,3,2.68985832745098,2.7131941203921572,2.68985832745098,2.702363224117647,0.015317200404068355,2,0.4648905311870788,0.48241964900741136
8,4B,sglang_baseline,16,inter_token_latency,p99,ms,2.706344418075073,0.00936834147992841,3,2.7007701415193366,2.717160342235294,2.701102770470588,2.7089652418773156,0.011589622071262337,2,0.2910837563339985,0.34616220379635865
8,4B,sglang_baseline,16,interactivity,derived,tokens/s/user,369.50506595722754,1.2765392679328023,3,368.03128047178177,370.2647569398272,370.2191604600736,369.1480187058045,1.5793063561754888,2,-0.2893263960023096,0.3454727378705464
8,4B,sglang_baseline,16,interactivity,derived_p90,tokens/s/user,370.62388037488836,1.783089086606392,3,368.5692787272674,371.76679150520204,371.76679150520204,370.05242480973146,2.0974853048012387,2,-0.46114035321160873,0.48110474824309385
8,4B,sglang_baseline,16,output_token_throughput,avg,tokens/s,5594.518139490275,23.402515692114193,3,5568.184492127655,5612.936820286507,5612.936820286507,5585.308799092158,24.217427155440397,2,-0.49222042005702127,0.4183115526415369
8,4B,sglang_baseline,16,time_to_first_token,p99,ms,58.526106973333334,3.87690848815311,3,55.88755952,62.97730821,55.88755952,59.8453807,4.429214361011393,2,7.081757038583247,6.624237778056165
8,4B,sglang_baseline,32,inter_chunk_latency,p99,ms,7.79022465333335,0.263880011799536,3,7.568284860000049,8.0819975,8.0819975,7.6443382300000255,0.10755570731814659,2,-5.41523639422029,3.3873222344958265
8,4B,sglang_baseline,32,inter_token_latency,p90,ms,2.960636600205856,0.0236833414555656,3,2.934362685490196,2.9803433152941174,2.9803433152941174,2.9507832426617258,0.023222174653700536,2,-0.9918344802996137,0.7999408456248521
8,4B,sglang_baseline,32,inter_token_latency,p99,ms,3.13002839145098,0.20013264168167721,3,2.996466611372549,3.360131087882353,3.360131087882353,3.0149770432352936,0.026177703785676788,2,-10.272041048987312,6.39395611325117
8,4B,sglang_baseline,32,interactivity,derived,tokens/s/user,320.32913656978997,19.782661442368553,3,297.6074366879024,333.7263950162769,297.6074366879024,331.6899865107338,2.879916527071049,2,11.452183521399494,6.17572964301938
8,4B,sglang_baseline,32,interactivity,derived_p90,tokens/s/user,337.7796498427188,2.710410320217516,3,335.5318143612305,340.789502587662,335.5318143612305,338.903567583463,2.6671148606924637,2,1.0048982176702026,0.8024196607106352
8,4B,sglang_baseline,32,output_token_throughput,avg,tokens/s,9942.545979707085,249.78463922313045,3,9657.091673829436,10121.03967334754,9657.091673829436,10085.273132645909,50.581526939417344,2,4.4338551737769905,2.5122804534466865
8,4B,sglang_baseline,32,time_to_first_token,p99,ms,89.61661419333332,18.25753737305775,3,73.95269984,109.66818721,109.66818721,79.590827685,7.973516864792391,2,-27.42578343836929,20.372938140320805
8,4B,sglang_dflash,1,acceptance_length,avg,tokens,4.667978859883981,0.08348696782855487,3,4.580555555555556,4.746875,4.746875,4.628530789825971,0.06784722696324794,2,-2.4930972518557803,1.7885035544190506
8,4B,sglang_dflash,1,inter_chunk_latency,p99,ms,8.033658239999973,0.4189288746869192,3,7.5844731999999615,8.41373709999996,7.5844731999999615,8.258250759999978,0.21989089079172655,2,8.8836434941852,5.214671351104433
8,4B,sglang_dflash,1,inter_token_latency,p90,ms,1.1578304843096083,0.045952669966107654,3,1.1071949105882353,1.1968842415562762,1.1071949105882353,1.183148271170295,0.01942559561220978,2,6.859981007472915,3.96885991419619
8,4B,sglang_dflash,1,inter_token_latency,p99,ms,1.36389065779085,0.07425015538303689,3,1.3075440476862752,1.4480271670196088,1.3361007586666669,1.377785607352942,0.09933656632283915,2,3.119888108429314,5.443996185390912
8,4B,sglang_dflash,1,interactivity,derived,tokens/s/user,734.6113055088457,38.985757676895936,3,690.594778037378,764.7925909414062,748.4465475477529,727.6936844893921,52.46577665364901,2,-2.7727916076781267,5.306991246192643
8,4B,sglang_dflash,1,interactivity,derived_p90,tokens/s/user,864.6054740661602,34.8209800074441,3,835.5026871268078,903.1833423698776,903.1833423698776,845.3165399143015,13.878883711206496,2,-6.40698291708286,4.027383708743391
8,4B,sglang_dflash,1,output_token_throughput,avg,tokens/s,982.2843206397979,23.959298890874308,3,955.0593501939906,1000.156939840752,1000.156939840752,973.3480110393208,25.86407220510782,2,-2.680472207261775,2.4391409276764935
8,4B,sglang_dflash,1,time_to_first_token,p99,ms,37.50528382000002,3.0299998350217496,3,34.09098090000001,39.874100360000014,34.09098090000001,39.212435280000015,0.9357357298846772,2,15.022901203760908,8.078861233429665
8,4B,sglang_dflash,2,acceptance_length,avg,tokens,4.565793769977106,0.17407173991993674,3,4.400792163906082,4.747701932570354,4.400792163906082,4.648294573012619,0.14058323608624873,2,5.6240422153191805,3.812518670128405
8,4B,sglang_dflash,2,inter_chunk_latency,p99,ms,21.95832147,0.3959649304424143,3,21.51470668,22.27600725,22.27600725,21.79947858,0.4027282831627572,2,-2.1392014495775546,1.8032568244498621
8,4B,sglang_dflash,2,inter_token_latency,p90,ms,1.3319625732026144,0.03521865281957058,3,1.3051671847058823,1.3718528866666666,1.3718528866666666,1.3120174164705882,0.009687690667046056,2,-4.361653554665534,2.644117299399014
8,4B,sglang_dflash,2,inter_token_latency,p99,ms,1.5403039481307188,0.056362411346401096,3,1.4864035531372548,1.5988418327450975,1.535666458509804,1.5426226929411762,0.07950586997565467,2,0.452978209742394,3.6591746333443704
8,4B,sglang_dflash,2,interactivity,derived,tokens/s/user,649.8002049288988,23.6863302791154,3,625.4527367995314,672.7648073024081,651.1830706847569,649.1087720509697,33.45468588456021,2,-0.3185430836839642,3.6451712540945045
8,4B,sglang_dflash,2,interactivity,derived_p90,tokens/s/user,751.1175663557977,19.61332945993838,3,728.9411348106019,766.185368218056,728.9411348106019,762.2057821283956,5.627984620629031,2,4.563420244686389,2.6112196463592916
8,4B,sglang_dflash,2,output_token_throughput,avg,tokens/s,1705.973254258203,52.17920052561004,3,1659.2433636310186,1762.2761254167897,1659.2433636310186,1729.338199571795,46.58126144643072,2,4.2245060295063475,3.0586177359678937
8,4B,sglang_dflash,2,time_to_first_token,p99,ms,58.605212673333334,1.1845302711107841,3,57.38157082,59.7463137,58.6877535,58.563942260000005,1.6721257262106097,2,-0.2109660578505479,2.021202922192912
8,4B,sglang_dflash,4,acceptance_length,avg,tokens,4.425861946886095,0.10128200820376043,3,4.311555589514689,4.504429786067515,4.311555589514689,4.483015125571798,0.030284903306657774,2,3.976744181939429,2.288413181866629
8,4B,sglang_dflash,4,inter_chunk_latency,p99,ms,23.26552847666667,0.10780962921035381,3,23.20148446,23.389998790000007,23.20510218,23.295741625000005,0.1332997610938426,2,0.39060136127357925,0.4633878371534849
8,4B,sglang_dflash,4,inter_token_latency,p90,ms,1.5628629852287588,0.059577456573691796,3,1.524442863529412,1.631493629019608,1.631493629019608,1.528547663333334,0.005805063553532724,2,-6.309921403011309,3.8120716362715155
8,4B,sglang_dflash,4,inter_token_latency,p99,ms,1.878816006519351,0.14974506950858557,3,1.7076108109411758,1.9853988711658976,1.9853988711658976,1.825524574196078,0.16675524318553286,2,-8.052502662899963,7.970182763452162
8,4B,sglang_dflash,4,interactivity,derived,tokens/s/user,534.6142058009061,44.50015744230236,3,503.6771273133464,585.6135330092193,503.6771273133464,550.082745044686,50.24812222124567,2,9.2133661059558,8.323788810594104
8,4B,sglang_dflash,4,interactivity,derived_p90,tokens/s/user,640.4587569270448,23.900690426024628,3,612.9352773512924,655.9773566618204,612.9352773512924,654.220496714921,2.4845751640952827,2,6.735657236443693,3.731807890441129
8,4B,sglang_dflash,4,output_token_throughput,avg,tokens/s,2923.8807827646283,64.76742961612744,3,2855.188433028497,2983.836345654996,2855.188433028497,2958.2269576326935,36.21714386521526,2,3.6088169667633396,2.215118687393528
8,4B,sglang_dflash,4,time_to_first_token,p99,ms,60.53426996999999,2.9778553002741543,3,57.60241829999998,63.55608992999999,63.55608992999999,59.02335998999999,2.009515009339363,2,-7.131857773176897,4.919288366325292
8,4B,sglang_dflash,8,acceptance_length,avg,tokens,4.576467300066952,0.06897453267368477,3,4.528298020369732,4.655481681655729,4.655481681655729,4.536960109272563,0.012250043604866088,2,-2.5458498279605224,1.5071566811517632
8,4B,sglang_dflash,8,inter_chunk_latency,p99,ms,29.374663346666665,0.8061354783308639,3,28.84061256,30.30195136,28.84061256,29.64168874,0.9337523519319983,2,2.777597661400022,2.7443224414769043
8,4B,sglang_dflash,8,inter_token_latency,p90,ms,2.1527722440069987,0.031854276964284424,3,2.1199137603921567,2.183517036862745,2.1199137603921567,2.16920148581442,0.02024524644538566,2,2.3249872868953636,1.4796863464289844
8,4B,sglang_dflash,8,inter_token_latency,p99,ms,2.5060686254361584,0.04333573110020707,3,2.4682758963529405,2.5533686483921567,2.496561331563377,2.5108222723725486,0.06016966199675518,2,0.5712233314228765,1.7292316204096319
8,4B,sglang_dflash,8,interactivity,derived,tokens/s/user,399.11051062002844,6.865090042580123,3,391.6394918648723,405.14109523881575,400.55094475639726,398.390293551844,9.547075302606585,2,-0.5394198248283466,1.720097531862799
8,4B,sglang_dflash,8,interactivity,derived_p90,tokens/s/user,464.5852405579826,6.885229808838766,3,457.9767334615304,471.7173022241305,471.7173022241305,461.0192097249087,4.302711194867856,2,-2.267903349904843,1.482016475721306
8,4B,sglang_dflash,8,output_token_throughput,avg,tokens/s,4450.07094966458,37.01404351192927,3,4427.347520556993,4492.781886605817,4492.781886605817,4428.715481193964,1.9345884855953466,2,-1.425985214257841,0.8317629972780359
8,4B,sglang_dflash,8,time_to_first_token,p99,ms,64.62601374666666,1.0730504311357734,3,63.42147772,65.4797911,65.4797911,64.19912507,1.0997594291134902,2,-1.9558187472592636,1.6604001530128727
8,4B,sglang_dflash,16,acceptance_length,avg,tokens,4.588893958591365,0.06428305687151993,3,4.516527885147449,4.639383461036182,4.610770529590464,4.577955673091815,0.08687201081750198,2,-0.7117000572475662,1.4008398854187654
8,4B,sglang_dflash,16,inter_chunk_latency,p99,ms,32.86271707,0.6548862488076541,3,32.10770946,33.27694458,33.27694458,32.65560331500001,0.7748389204818779,2,-1.8671824376972013,1.9927939841757403
8,4B,sglang_dflash,16,inter_token_latency,p90,ms,3.1353894750326803,0.022538592338740296,3,3.1103356184313724,3.154016923529412,3.154016923529412,3.126075750784314,0.022259908647077994,2,-0.8858916557058727,0.7188450595441696
8,4B,sglang_dflash,16,inter_token_latency,p99,ms,3.8158691144313726,0.06897281313407227,3,3.766840671490196,3.8947378001960784,3.8947378001960784,3.7764347715490194,0.013568106421952933,2,-3.037509447775999,1.8075256531525548
8,4B,sglang_dflash,16,interactivity,derived,tokens/s/user,262.1200500571303,4.693268029470252,3,256.7566935955626,265.4744618132179,256.7566935955626,264.80172828791416,0.9513888753475941,2,3.133330072019058,1.7905032554538778
8,4B,sglang_dflash,16,interactivity,derived_p90,tokens/s/user,318.9506618774449,2.299287166639641,3,317.0560032636029,321.508712459888,317.0560032636029,319.8979911843659,2.277903873046319,2,0.8963677998552466,0.7208911726676804
8,4B,sglang_dflash,16,output_token_throughput,avg,tokens/s,6265.977555947798,118.58600597841064,3,6138.153778017214,6372.415344792766,6287.363545033412,6255.284561404989,165.64794243837753,2,-0.5102135958682252,1.8925379945838827
8,4B,sglang_dflash,16,time_to_first_token,p99,ms,66.57439591333333,6.353604227550447,3,61.74382444,73.77167612,73.77167612,62.975755809999995,1.7422140513668647,2,-14.634234814509185,9.543615289910523
8,4B,sglang_dflash,32,acceptance_length,avg,tokens,4.552994602446977,0.03040683530975501,3,4.527525723010579,4.586659349586359,4.527525723010579,4.5657290421651755,0.02959992461967628,2,0.8438012612591583,0.6678425512170179
8,4B,sglang_dflash,32,inter_chunk_latency,p99,ms,27.131245753333335,2.551158467902522,3,25.5912464,30.076035310000005,25.5912464,27.901245430000003,3.0756173436077594,2,9.0265202166941,9.403027384354763
8,4B,sglang_dflash,32,inter_token_latency,p90,ms,3.1728594683660134,0.0411951461134812,3,3.144191174509804,3.2200666552941177,3.144191174509804,3.1871936152941176,0.04648949900443296,2,1.3676789481803064,1.29836024961724
8,4B,sglang_dflash,32,inter_token_latency,p99,ms,3.884763145725491,0.10817477087531122,3,3.781478396980392,3.997241172156865,3.781478396980392,3.936405520098041,0.0860346042174001,2,4.0969987622132775,2.784591153114156
8,4B,sglang_dflash,32,interactivity,derived,tokens/s/user,257.54865081715235,7.14913633938083,3,250.17254574619813,264.44683666539675,264.44683666539675,254.09955789303015,5.553633837653736,2,-3.9128011145238006,2.7758391731806764
8,4B,sglang_dflash,32,interactivity,derived_p90,tokens/s/user,315.2082926554373,4.0641781320813015,3,310.5525776480118,318.04681856086734,318.04681856086734,313.78902970272225,4.577034389741815,2,-1.3387302150705938,1.2893626934250633
8,4B,sglang_dflash,32,output_token_throughput,avg,tokens/s,11828.370218437316,107.7191842101165,3,11711.084422501552,11922.880290822466,11851.145941987932,11816.982356662009,149.76229471701168,2,-0.28827242102287265,0.9106849229508444
8,4B,sglang_dflash,32,time_to_first_token,p99,ms,158.11446503,6.938555852444245,3,150.44184314000003,163.94870297999998,163.94870297999998,155.19734605500003,6.7252967182977486,2,-5.33786285949912,4.388311879705473
8,4B,vllm_baseline,1,inter_chunk_latency,p99,ms,3.691317053333331,0.36561246450741763,3,3.269148399999998,3.904043119999992,3.269148399999998,3.902401379999998,0.002321770973881852,2,19.370579200381364,9.90466164853714
8,4B,vllm_baseline,1,inter_token_latency,p90,ms,2.439037714338428,0.011684405956124123,3,2.425755258431372,2.4477301898039214,2.4477301898039214,2.434691476605681,0.012637720938433052,2,-0.5326858839488691,0.4790580271651699
8,4B,vllm_baseline,1,inter_token_latency,p99,ms,2.5040457025882357,0.07195365898561536,3,2.4621061104313733,2.587129361843137,2.462901635490196,2.5246177361372553,0.08840478887924874,2,2.5058288872659595,2.8734962349625848
8,4B,vllm_baseline,1,interactivity,derived,tokens/s/user,399.5700939867639,11.294284943381923,3,386.5287970322344,406.1563373581795,406.0251475698778,396.3425671952069,13.878766862488193,2,-2.3847243040542088,2.8266091765506496
8,4B,vllm_baseline,1,interactivity,derived_p90,tokens/s/user,410.004048223818,1.9688631503718883,3,408.5417601031045,412.2427423476577,408.5417601031045,410.7351922841748,2.1319977457339916,2,0.5368930168893282,0.48020578306512257
8,4B,vllm_baseline,1,output_token_throughput,avg,tokens/s,390.8687556820048,0.8914238344489391,3,389.989947372225,391.7722809618396,391.7722809618396,390.41699304208737,0.6039337780721218,2,-0.34593767492301364,0.2280621874965534
8,4B,vllm_baseline,1,time_to_first_token,p99,ms,46.47438689000007,8.635415974941438,3,36.50915997000001,51.75882544000002,36.50915997000001,51.4570003500001,0.42684513574236116,2,40.94271243787284,18.581021833339186
8,4B,vllm_baseline,2,inter_chunk_latency,p99,ms,3.6323931766666675,0.30384999402791785,3,3.3441886000000007,3.949782540000003,3.3441886000000007,3.776495465000001,0.245064931648966,2,12.927107789315473,8.36500839115526
8,4B,vllm_baseline,2,inter_token_latency,p90,ms,2.561904726428388,0.01912503739977756,3,2.547144556540065,2.5835104956862747,2.5550591270588234,2.56532752611317,0.025714602174502183,2,0.40188498753712665,0.7465163400685952
8,4B,vllm_baseline,2,inter_token_latency,p99,ms,2.66713489220915,0.12066275575422726,3,2.5598864944313724,2.79778399945098,2.5598864944313724,2.720759091098039,0.10892967003327396,2,6.284364444150925,4.524058985793704
8,4B,vllm_baseline,2,interactivity,derived,tokens/s/user,375.44030285153775,16.78595343705781,3,357.42573415111167,390.6423203432424,390.6423203432424,367.83929410568544,14.726997720343578,2,-5.8373158897686235,4.47100466027899
8,4B,vllm_baseline,2,interactivity,derived_p90,tokens/s/user,390.34902990448154,2.9038992364682827,3,387.07022931384046,392.596485123859,391.3803752757451,389.83335721884976,3.907652957835647,2,-0.3952722605995329,0.7439237743664605
8,4B,vllm_baseline,2,output_token_throughput,avg,tokens/s,723.2862911421653,4.092075814957266,3,719.0259096747816,727.1862125869085,723.6467511648056,723.1060611308451,5.770205525701218,2,-0.07471739948947675,0.5657615615104958
8,4B,vllm_baseline,2,time_to_first_token,p99,ms,65.82795304666666,6.137765016516363,3,60.00483371,72.23817249999999,65.24085293,66.12150310499999,8.650276814961423,2,1.3498446685620058,9.323949374766654
8,4B,vllm_baseline,4,inter_chunk_latency,p99,ms,3.6584165300000007,0.290920706566749,3,3.459821330000002,3.99235176,3.459821330000002,3.75771413,0.3318277185890801,2,8.610063109819555,7.95209359516941
8,4B,vllm_baseline,4,inter_token_latency,p90,ms,2.6054624062745098,0.022863704952180937,3,2.589029304313726,2.6315734780392157,2.595784436470588,2.6103013911764705,0.0300832737412723,2,0.5592511651553167,0.8775296429962011
8,4B,vllm_baseline,4,inter_token_latency,p99,ms,2.6180778828427766,0.03058824669634131,3,2.59801351827451,2.653283598685193,2.59801351827451,2.62811006512691,0.035600752570978056,2,1.1584445823972889,1.1683474695996363
8,4B,vllm_baseline,4,interactivity,derived,tokens/s/user,381.9941435727025,4.433996337532665,3,376.89148664527966,384.9094675474042,384.9094675474042,380.5364815853516,5.1548012790310835,2,-1.1361076644637147,1.160749820942941
8,4B,vllm_baseline,4,interactivity,derived_p90,tokens/s/user,383.8286455204358,3.352899984319549,3,380.00078977277866,386.24514536542495,385.24000142310376,383.1229675691018,4.415426183700352,2,-0.5495363529699704,0.8735408426260968
8,4B,vllm_baseline,4,output_token_throughput,avg,tokens/s,1428.6014972153555,5.637459078429417,3,1423.0109421871175,1434.2847178934146,1428.5088315655344,1428.647830040266,7.97176325149892,2,0.009730319593415082,0.3946138296381468
8,4B,vllm_baseline,4,time_to_first_token,p99,ms,64.58036221666667,5.4563042823369745,3,61.254959,70.87744906,61.254959,66.24306382500001,6.554010452598633,2,8.143185313371948,8.44885983146256
8,4B,vllm_baseline,8,inter_chunk_latency,p99,ms,4.029918626666667,0.3576555938794176,3,3.652494700000002,4.363823249999999,3.652494700000002,4.21863059,0.2053334289290243,2,15.499978412015158,8.875007835462204
8,4B,vllm_baseline,8,inter_token_latency,p90,ms,2.6862858124183,0.0066131936392772655,3,2.6804498372549017,2.6934688176470587,2.6934688176470587,2.6826943098039213,0.0031741635191976365,2,-0.400023485423151,0.24618354490447197
8,4B,vllm_baseline,8,inter_token_latency,p99,ms,2.7560709428235293,0.08277172429500648,3,2.694837450078432,2.8502408391372547,2.694837450078432,2.7866876891960786,0.08987772657834228,2,3.4083777155083483,3.0032508600888486
8,4B,vllm_baseline,8,interactivity,derived,tokens/s/user,363.05043629276787,10.742446661510435,3,350.8475446245771,371.0798957357876,371.0798957357876,359.03570657125795,11.579809675903341,2,-3.2457132016403323,2.958940573438013
8,4B,vllm_baseline,8,interactivity,derived_p90,tokens/s/user,372.26271043502084,0.9157913480696939,3,371.2684525798865,373.07170837568015,371.2684525798865,372.7598393625881,0.44104938799872945,2,0.4017003794257734,0.24600673728494407
8,4B,vllm_baseline,8,output_token_throughput,avg,tokens/s,2745.9176710602183,10.626935965844373,3,2734.798719108072,2755.9725278473634,2734.798719108072,2751.477147036291,6.357428511050565,2,0.6098594317631711,0.3870085428213599
8,4B,vllm_baseline,8,time_to_first_token,p99,ms,80.44007704333332,11.307299080452553,3,69.34223496999999,91.94579575,91.94579575,74.68721768999998,7.558947053273837,2,-18.770383049297845,14.056797924697756
8,4B,vllm_baseline,16,inter_chunk_latency,p99,ms,4.304744409999998,0.09028326364691298,3,4.215197649999992,4.39574658,4.303289,4.305472114999996,0.12766737273898066,2,0.05073131272372855,2.0972967277031214
8,4B,vllm_baseline,16,inter_token_latency,p90,ms,2.871388036502543,0.009535117525263884,3,2.8654198027807487,2.8823848686274514,2.8823848686274514,2.8658896204400888,0.000664422505681104,2,-0.5722777817390279,0.33207345729830406
8,4B,vllm_baseline,16,inter_token_latency,p99,ms,2.8932948062483663,0.03109751475255495,3,2.874554475372549,2.929191475843137,2.929191475843137,2.875346471450981,0.0011200515954642907,2,-1.8382207116268368,1.0748132089891664
8,4B,vllm_baseline,16,interactivity,derived,tokens/s/user,345.653178869212,3.6922819154624027,3,341.39113412248355,347.8799962106815,341.39113412248355,347.78420124257616,0.13547454310166682,2,1.8726517712668311,1.068204240893004
8,4B,vllm_baseline,16,interactivity,derived_p90,tokens/s/user,348.2661782198167,1.1543107547217328,3,346.93493255679806,348.989002948032,346.93493255679806,348.93180105132603,0.0808956981150765,2,0.5755743533266244,0.33144497712125276
8,4B,vllm_baseline,16,output_token_throughput,avg,tokens/s,5104.600541963846,27.95654005100957,3,5087.292944151942,5136.853142218802,5087.292944151942,5113.254340869798,33.37374492350885,2,0.5103184936047445,0.5476734138388448
8,4B,vllm_baseline,16,time_to_first_token,p99,ms,86.40834233,7.254191438956485,3,79.95069366,94.25748848,85.01684484999998,87.10409107000001,10.116431634266583,2,2.455097250059879,8.395244305523395
8,4B,vllm_baseline,32,inter_chunk_latency,p99,ms,5.16381931333333,0.03825212208520985,3,5.11965925,5.18670025,5.18670025,5.152378844999994,0.04627249500434689,2,-0.6617194621957645,0.7407718931303481
8,4B,vllm_baseline,32,inter_token_latency,p90,ms,3.1456138372338014,0.012970599010699002,3,3.1360439811764707,3.1603762313725485,3.1603762313725485,3.138232640164428,0.003095231224179117,2,-0.7006631358730253,0.41233920251651496
8,4B,vllm_baseline,32,inter_token_latency,p99,ms,3.2095724782745094,0.004905328211912693,3,3.205292857333333,3.2149256792156864,3.20849889827451,3.2101092682745094,0.006811433674974545,2,0.05019076057235505,0.15283431812544188
8,4B,vllm_baseline,32,interactivity,derived,tokens/s/user,311.56846067525714,0.47595655807195136,3,311.04918115679743,311.983972919079,311.672227949895,311.5165770379382,0.6609975941066062,2,-0.04994057795287832,0.1527614691937748
8,4B,vllm_baseline,32,interactivity,derived_p90,tokens/s/user,317.90657190494534,1.3081361219161594,3,316.4180232951888,318.8730789498861,316.4180232951888,318.6508462098236,0.31428455499973496,2,0.7056560468275963,0.4114844540890128
8,4B,vllm_baseline,32,output_token_throughput,avg,tokens/s,8993.86389537441,30.14788622255482,3,8959.660804528743,9016.578503788198,8959.660804528743,9010.965440797243,7.938069808262851,2,0.5726180643196521,0.33520505283674606
8,4B,vllm_baseline,32,time_to_first_token,p99,ms,129.63872389333332,12.775750209459897,3,121.30066572,144.34707852,144.34707852,122.28454658,1.3914176559713034,2,-15.284363331914008,9.854887356012373
8,4B,vllm_dflash,1,acceptance_length,avg,tokens,4.657272374152242,0.03557375137695681,3,4.6248654467169,4.6953352769679295,4.6248654467169,4.673475837869914,0.030913915238282637,2,1.0510660626358748,0.7638323146911127
8,4B,vllm_dflash,1,inter_chunk_latency,p99,ms,10.46539084,1.5156514727509862,3,9.248241489999998,12.16305228,9.248241489999998,11.073965515000001,1.540201273664039,2,19.741310031470682,14.482511890124366
8,4B,vllm_dflash,1,inter_token_latency,p90,ms,2.3204870682352943,0.23672722127759832,3,2.1106371490196083,2.5771092125490194,2.2737148431372547,2.343873180784314,0.32984555935572873,2,3.0856260563552285,10.201617777496466
8,4B,vllm_dflash,1,inter_token_latency,p99,ms,2.6325469224836606,0.11534446866211981,3,2.561038531294118,2.7656112354509808,2.561038531294118,2.668301118078432,0.1376172877443767,2,4.188245724288775,4.381478167663532
8,4B,vllm_dflash,1,interactivity,derived,tokens/s/user,380.335131147405,16.25677472874645,3,361.5837205104978,390.4665969608392,390.4665969608392,375.26939824068785,19.354471056302184,2,-3.8920611490041224,4.274328979209095
8,4B,vllm_dflash,1,interactivity,derived_p90,tokens/s/user,433.8770477251928,43.18608108589622,3,388.03167329136966,473.7905804721102,439.8088894120986,430.91112688173996,60.64070481464933,2,-2.0230974735987006,9.953529764323747
8,4B,vllm_dflash,1,output_token_throughput,avg,tokens/s,516.4541403262701,37.98953514698088,3,473.17858600101033,544.3067850711429,531.877049906657,508.74268553607664,50.29523189607745,2,-4.34956995693655,7.355839014666621
8,4B,vllm_dflash,1,time_to_first_token,p99,ms,50.33001057333336,5.775661808214478,3,46.55407382000001,56.97875573000003,47.45720217000004,51.76641477500002,7.3713632702737435,2,9.080207867213975,11.475582346240614
8,4B,vllm_dflash,2,acceptance_length,avg,tokens,4.595148182747408,0.05651223094090307,3,4.534095908490981,4.645626690712353,4.605721949038891,4.589861299601667,0.07886417241977235,2,-0.34436836640852064,1.2298239075962678
8,4B,vllm_dflash,2,inter_chunk_latency,p99,ms,50.26428577333334,6.606349393020251,3,46.26792596000001,57.88969266,46.63523870000002,52.078809310000004,8.217830042938001,2,11.672655188961167,13.143227425555324
8,4B,vllm_dflash,2,inter_token_latency,p90,ms,2.637097759869281,0.34336997820983484,3,2.373225919215686,3.025318054901961,2.512749305490196,2.6992719870588235,0.4610987711021835,2,7.42305176091731,13.020752716685614
8,4B,vllm_dflash,2,inter_token_latency,p99,ms,3.1115557481830063,0.6888820564807199,3,2.6426796765882354,3.902478204117647,2.7895093638431367,3.2725789403529415,0.8908120817448746,2,17.317367088679525,22.139473377039533
8,4B,vllm_dflash,2,interactivity,derived,tokens/s/user,331.0457320007201,65.5383059602603,3,256.2474273257602,378.403787965337,358.4859807110629,317.32560764554864,86.3775909733142,2,-11.481724608552879,19.797357170011104
8,4B,vllm_dflash,2,interactivity,derived_p90,tokens/s/user,383.2938682343406,47.157020519069036,3,330.5437583263972,421.3673851710183,397.97046120560617,375.95557174870777,64.22200243378815,2,-5.531789819326494,12.30309807362686
8,4B,vllm_dflash,2,output_token_throughput,avg,tokens/s,857.7425823238394,108.00760196502978,3,733.3571624231538,927.7992969368152,927.7992969368152,822.7142250173514,126.36996981453582,2,-11.326271992920066,12.592076479683467
8,4B,vllm_dflash,2,time_to_first_token,p99,ms,101.40250701333332,20.396430374059694,3,86.18198839999998,124.57767017,86.18198839999998,109.01276632,22.012098121703197,2,26.491356655679144,20.114325547570324
8,4B,vllm_dflash,4,acceptance_length,avg,tokens,4.599285410627282,0.07300519376780304,3,4.540171692714066,4.680889695869269,4.576794843298511,4.6105306942916675,0.09950265426607457,2,0.7371064718479481,1.5873160121595085
8,4B,vllm_dflash,4,inter_chunk_latency,p99,ms,48.079820426666664,1.9479707981311931,3,46.82754986,50.32411949999999,47.08779192,48.57583467999999,2.4724481033349983,2,3.1601455479758123,4.051535094858183
8,4B,vllm_dflash,4,inter_token_latency,p90,ms,2.8564692278431374,0.11903880717446105,3,2.7425371313725493,2.9800299129411774,2.7425371313725493,2.913435276078432,0.0941790386326059,2,6.231388547157191,4.16734078610554
8,4B,vllm_dflash,4,inter_token_latency,p99,ms,3.4789887684900402,0.2524249574640638,3,3.283987008196075,3.764103865215686,3.283987008196075,3.576489648637023,0.265326569579549,2,8.90693658991124,7.255699120110179
8,4B,vllm_dflash,4,interactivity,derived,tokens/s/user,288.41950861936175,20.25950510444962,3,265.66748310031005,304.5079038084592,304.5079038084592,280.375311024813,20.800009723881825,2,-7.925112117558042,7.024318570345692
8,4B,vllm_dflash,4,interactivity,derived_p90,tokens/s/user,350.4865215622795,14.545083452123782,3,335.5671014097431,364.6258745454188,364.6258745454188,343.4168450707099,11.101213946491471,2,-5.816655085476407,4.149969416024804
8,4B,vllm_dflash,4,output_token_throughput,avg,tokens/s,1555.460023007029,12.546845385408863,3,1542.2463686693254,1567.2120259171088,1567.2120259171088,1549.584021551989,10.377008222648946,2,-1.1248002231736387,0.806632455982584
8,4B,vllm_dflash,4,time_to_first_token,p99,ms,109.69565919333326,12.322732969299793,3,100.90125829,123.7801519599998,104.40556732999995,112.3407051249999,16.177820860102834,2,7.600301399559428,11.233564810054677
8,4B,vllm_dflash,8,acceptance_length,avg,tokens,4.575370744270177,0.029157581029698284,3,4.553332596440809,4.60843306117884,4.553332596440809,4.586389818184861,0.0311738532007714,2,0.7260005950343151,0.6372725328589572
8,4B,vllm_dflash,8,inter_chunk_latency,p99,ms,49.325633720000006,1.8538732748582736,3,47.70612780000001,51.34771772,48.92305564,49.526922760000005,2.574992926732568,2,1.2343201218737443,3.758437824401607
8,4B,vllm_dflash,8,inter_token_latency,p90,ms,3.8197926475443507,0.2626362955823054,3,3.5886442247058823,4.105383413221288,3.7653503047058816,3.8470138189635854,0.36538978430407737,2,2.1688158510946964,6.875668912320351
8,4B,vllm_dflash,8,inter_token_latency,p99,ms,4.4703811419215675,0.11792754340178917,3,4.33475546290196,4.548737315137255,4.527650647725489,4.441746389019608,0.15130801876643535,2,-1.8973252441425892,2.637975144801606
8,4B,vllm_dflash,8,interactivity,derived,tokens/s/user,223.7999488769849,5.991917736168689,3,219.84122861353356,230.69352090522236,220.86509711219884,225.26737475937796,7.673729470871647,2,1.993197524071788,2.6773543811049927
8,4B,vllm_dflash,8,interactivity,derived_p90,tokens/s/user,262.60630517188287,17.725102403780976,3,243.5826083331277,278.6567676772021,265.57953950531885,261.1196880051649,24.8011759166125,2,-1.6792903205047671,6.749686528729545
8,4B,vllm_dflash,8,output_token_throughput,avg,tokens/s,2466.200798973992,77.52065368684343,3,2389.607878156104,2544.61701895941,2464.3774998064614,2467.112448557757,109.60801460791792,2,0.11097929402092976,3.1433228680768486
8,4B,vllm_dflash,8,time_to_first_token,p99,ms,138.81234054666663,12.573754145391073,3,126.71919338999992,151.81708465999998,126.71919338999992,144.85891412499998,9.840339139901845,2,14.314895991463562,9.058095336389753
8,4B,vllm_dflash,16,acceptance_length,avg,tokens,4.644787959845392,0.02150261745319223,3,4.631942882842365,4.669612007929764,4.669612007929764,4.632375935803205,0.0006124293704461567,2,-0.7974125486941097,0.4629407766099181
8,4B,vllm_dflash,16,inter_chunk_latency,p99,ms,51.189021679999996,1.9936948115695514,3,48.94743400000001,52.76399885999999,51.85563218,50.85571643,2.6987188933442736,2,-1.9282683634616937,3.894770296710917
8,4B,vllm_dflash,16,inter_token_latency,p90,ms,5.004060129803922,0.11109401498322297,3,4.909405084313726,5.126368963137255,4.909405084313726,5.051387652549019,0.1060395863583908,2,2.892052413620294,2.220077539067782
8,4B,vllm_dflash,16,inter_token_latency,p99,ms,6.361490707803921,0.11869709599791432,3,6.226246091215685,6.448365830470589,6.226246091215685,6.429113016098039,0.027227591199511385,2,3.2582542018146254,1.8658692034604933
8,4B,vllm_dflash,16,interactivity,derived,tokens/s/user,157.23270432497807,2.9620413162792687,3,155.07805020532186,160.61042004280114,160.61042004280114,155.54384646606655,0.6587353892478238,2,-3.154573392800042,1.8838582780826199
8,4B,vllm_dflash,16,interactivity,derived_p90,tokens/s/user,199.90291122673537,4.4044465582314665,3,195.0698451849272,203.6906677746246,203.6906677746246,198.0090329527908,4.156639203673788,2,-2.789344688152473,2.2032928541174783
8,4B,vllm_dflash,16,output_token_throughput,avg,tokens/s,3801.902908876176,41.8469881114552,3,3754.001498750935,3831.354667929659,3820.352559947932,3792.6780833402972,54.69695047254606,2,-0.7243958816202101,1.1006853440090865
8,4B,vllm_dflash,16,time_to_first_token,p99,ms,148.63083275999998,4.731187775587717,3,145.54117404,154.07753916999997,145.54117404,150.17566211999997,5.518087442822317,2,3.184314068214311,3.1831805606763646
8,4B,vllm_dflash,32,acceptance_length,avg,tokens,4.62496560311845,0.0071699100961093885,3,4.616717520924894,4.62970969734404,4.62970969734404,4.622593556005654,0.008309968504190971,2,-0.15370599462140033,0.15502623611459884
8,4B,vllm_dflash,32,inter_chunk_latency,p99,ms,54.31299002333333,2.2180728513021943,3,51.925517930000005,56.3097391,51.925517930000005,55.50672607,1.135631917788324,2,6.896817369886943,4.083871741086784
8,4B,vllm_dflash,32,inter_token_latency,p90,ms,7.138402439346405,0.3306013081550482,3,6.931334829019607,7.519676192156863,6.964196296862745,7.225505510588235,0.4160201675268905,2,3.7521804754872434,4.6313066679008665
8,4B,vllm_dflash,32,inter_token_latency,p99,ms,9.00996773545098,0.4170159818603097,3,8.736278564000001,9.489920186431371,8.736278564000001,9.14681232117647,0.4852277964003613,2,4.699183458597278,4.628384852250934
8,4B,vllm_dflash,32,interactivity,derived,tokens/s/user,111.14290867887048,5.014381707161895,3,105.37496420989858,114.46521452747028,114.46521452747028,109.4817557545706,5.807880300314309,2,-4.353688405226119,4.51165240028956
8,4B,vllm_dflash,32,interactivity,derived_p90,tokens/s/user,140.28279733723693,6.329713295383824,3,132.98444965529436,144.27235513328154,143.5915872231349,138.62840239428795,7.981754508877512,2,-3.4564593405701283,4.512109407233536
8,4B,vllm_dflash,32,output_token_throughput,avg,tokens/s,5452.425876408804,197.65644065231947,3,5225.84827184291,5589.484625330949,5589.484625330949,5383.89650194773,223.51395052329957,2,-3.6781230679393095,3.6251100910427105
8,4B,vllm_dflash,32,time_to_first_token,p99,ms,183.26704609333333,5.516608946686758,3,177.44795847,188.42083559,177.44795847,186.17658990500001,3.173842685024301,2,4.918981041123516,3.0101477948617594
16,27B,pr2_dflash,1,acceptance_length,avg,tokens,7.591771228479719,0.0,3,7.59177122847972,7.59177122847972,7.59177122847972,7.59177122847972,0.0,2,0.0,0.0
16,27B,pr2_dflash,1,inter_chunk_latency,p99,ms,13.96523448666666,0.4474443287268686,3,13.477809639999997,14.357335559999994,13.477809639999997,14.208946909999993,0.20985324133223596,2,5.424748453414097,3.203987223802559
16,27B,pr2_dflash,1,inter_token_latency,p90,ms,2.0893862132026153,0.004235370060958117,3,2.0846503611764713,2.0928110870588243,2.0846503611764713,2.091754139215687,0.0014947499744858565,2,0.34076592274239204,0.2027088163114723
16,27B,pr2_dflash,1,inter_token_latency,p99,ms,2.6350572304313746,0.0025879110788236195,3,2.6320994874509824,2.6369050207451,2.6320994874509824,2.6365361019215703,0.0005217300036498571,2,0.168558008226527,0.09821081109498192
16,27B,pr2_dflash,1,interactivity,derived,tokens/s/user,379.4986430684434,0.3729009974899958,3,379.2324684176277,379.9248488773633,379.9248488773633,379.28554016398346,0.0750547834751136,2,-0.1682724136809921,0.09826148374995433
16,27B,pr2_dflash,1,interactivity,derived_p90,tokens/s/user,478.61076875807794,0.9710134924045529,3,477.82621479006536,479.6967484924669,479.6967484924669,478.06777889088346,0.3416232275594124,2,-0.33958320682864196,0.20288166413893802
16,27B,pr2_dflash,1,output_token_throughput,avg,tokens/s,513.0438393926021,7.77293320560803,3,504.37174073050335,519.3835152394879,519.3835152394879,509.87400146915917,7.781371760320066,2,-1.8309232948881538,1.5150621854870114
16,27B,pr2_dflash,1,time_to_first_token,p99,ms,76.72193276000006,8.779215547495534,3,66.92676938000001,83.8813071900001,66.92676938000001,81.61951445000008,3.1986579681850147,2,21.953465266755813,11.442901959936922
16,27B,pr2_dflash,2,acceptance_length,avg,tokens,7.758139224073506,0.030723341010333312,3,7.723498888065233,7.782089552238806,7.76882923191648,7.752794220152019,0.04142985595135729,2,-0.20640190800673697,0.3960143034685274
16,27B,pr2_dflash,2,inter_chunk_latency,p99,ms,69.82749304999999,15.307808990224101,3,60.224948599999976,87.48070564,60.224948599999976,74.628765275,18.17538836699323,2,23.916694011093,21.922323602915174
16,27B,pr2_dflash,2,inter_token_latency,p90,ms,2.3893766504575162,0.09900636578081212,3,2.288049125490196,2.485885914117647,2.288049125490196,2.4400404129411766,0.0648353295375562,2,6.642833222316313,4.143606482546586
16,27B,pr2_dflash,2,inter_token_latency,p99,ms,2.6960404582614377,0.1811192736384494,3,2.497234076862745,2.8516682727450977,2.497234076862745,2.7954436489607843,0.079513625495101,2,11.941594697149016,6.717973132912314
16,27B,pr2_dflash,2,interactivity,derived,tokens/s/user,372.0608399345843,25.61191983663806,3,350.6719240654774,400.4430378654339,400.4430378654339,357.86974096915947,10.179250284665498,2,-10.631548777377143,6.883798854279085
16,27B,pr2_dflash,2,interactivity,derived_p90,tokens/s/user,419.0005222117448,17.428972864739947,3,402.2710754024869,437.0535531162418,437.0535531162418,409.9740067594963,10.893589995111729,2,-6.195933236022277,4.159654210629384
16,27B,pr2_dflash,2,output_token_throughput,avg,tokens/s,856.8715701361447,42.1443359025166,3,811.0315055026028,893.9394434351532,893.9394434351532,838.3376334866404,38.61669653092135,2,-6.219863141383608,4.9183958683353755
16,27B,pr2_dflash,2,time_to_first_token,p99,ms,134.78167353,31.135806260291425,3,111.67926967,170.18969069999997,122.47606022,140.93448018499998,41.37311548039296,2,15.071043215991509,23.100919765149783
16,27B,pr2_dflash,4,acceptance_length,avg,tokens,7.604777037289573,0.10157956879794745,3,7.494261119081779,7.694065610025802,7.626004382761139,7.59416336455379,0.14128311045804423,2,-0.41753212572663845,1.3357336881786024
16,27B,pr2_dflash,4,inter_chunk_latency,p99,ms,70.23788261,11.881984495214244,3,62.84015135999999,83.94358264,62.84015135999999,73.93674823500001,14.151800931972698,2,17.65845026602435,16.916774899365443
16,27B,pr2_dflash,4,inter_token_latency,p90,ms,3.028008388496732,0.3058177887068586,3,2.7798017231372554,3.369642427843137,2.7798017231372554,3.1521117211764706,0.3076348756006032,2,13.393401224999234,10.099634791919556
16,27B,pr2_dflash,4,inter_token_latency,p99,ms,3.7057915013856175,0.2816622536587421,3,3.410495679294116,3.97148138898039,3.410495679294116,3.853439412431369,0.1669365641649524,2,12.987664398065757,7.600596351776049
16,27B,pr2_dflash,4,interactivity,derived,tokens/s/user,270.9056178257039,20.892852647174216,3,251.79521242997265,293.2125104486202,293.2125104486202,259.7521715142458,11.252839452226814,2,-11.411634136340066,7.712225687625393
16,27B,pr2_dflash,4,interactivity,derived_p90,tokens/s/user,332.42314311744997,32.303251575974436,3,296.7673933996868,359.7378876617899,359.7378876617899,318.76577084528003,31.110403733760297,2,-11.389436092711502,9.717509819874733
16,27B,pr2_dflash,4,output_token_throughput,avg,tokens/s,1391.581232980072,85.29969004528301,3,1295.1042192803018,1457.000440994407,1457.000440994407,1358.8716289729043,90.18073562468007,2,-6.734988491460547,6.129695343951548
16,27B,pr2_dflash,4,time_to_first_token,p99,ms,171.4860949266665,13.804383162255306,3,159.91817719999966,186.76734045999984,167.77276712,173.34275882999975,18.98522541033084,2,3.3199617587613695,8.049855685476158
16,27B,pr2_dflash,8,acceptance_length,avg,tokens,7.475848817681842,0.04356063585625958,3,7.436259610227069,7.522514409221902,7.436259610227069,7.495643421409229,0.03800131539904548,2,0.7985709791585194,0.5826848150437468
16,27B,pr2_dflash,8,inter_chunk_latency,p99,ms,72.82750922999999,11.36240856577516,3,63.90883915,85.62035021999999,68.95333831999999,74.76459468499999,15.352356707403787,2,8.427810032968974,15.601808555460824
16,27B,pr2_dflash,8,inter_token_latency,p90,ms,4.169933307973856,0.35430631113348554,3,3.866913042745098,4.559491757647058,4.083395123529411,4.213202400196078,0.4897271058126407,2,3.1789056101548807,8.49669011386757
16,27B,pr2_dflash,8,inter_token_latency,p99,ms,5.209259735045751,0.11004090893285001,3,5.094727306509802,5.314178270862745,5.218873627764705,5.2044527886862735,0.15517526503189297,2,-0.27632090958693567,2.1124097190343605
16,27B,pr2_dflash,8,interactivity,derived,tokens/s/user,192.02314465468234,4.068349701884003,3,188.175847521512,196.2813591067469,191.6122273357881,192.22860331412943,5.731462206905726,2,0.3216788338153309,2.1186767403482363
16,27B,pr2_dflash,8,interactivity,derived_p90,tokens/s/user,240.94038529482432,19.93700790521677,3,219.322690587789,258.60421192458625,244.89425337209775,238.96345125618762,27.776230112573394,2,-2.421780843872534,8.274664241455847
16,27B,pr2_dflash,8,output_token_throughput,avg,tokens/s,2148.6756574107844,160.92371298635692,3,1970.6994777362709,2283.921730371653,2191.4057641244285,2127.310604053962,221.4815788570049,2,-2.9248421775542655,7.48943715312876
16,27B,pr2_dflash,8,time_to_first_token,p99,ms,198.22510682999996,43.05826684122105,3,161.22131282999987,245.48554631,187.96846135,203.35342956999995,59.5838109051946,2,8.184866817286384,21.721903713311296
16,27B,pr2_dflash,16,acceptance_length,avg,tokens,7.622013354027729,0.03706139008993557,3,7.579239446870451,7.644558446317332,7.644558446317332,7.610740807882927,0.044549651977053864,2,-0.442375300965836,0.4862414741159051
16,27B,pr2_dflash,16,inter_chunk_latency,p99,ms,74.99336636999999,9.168456941704836,3,69.29621999999999,85.56964912,69.29621999999999,77.841939555,10.928631672903288,2,12.332158312531337,12.225690598378772
16,27B,pr2_dflash,16,inter_token_latency,p90,ms,5.777297191241831,0.1287000061103209,3,5.628720258431373,5.854299114901962,5.848872200392157,5.741509686666667,0.15950833910266052,2,-1.8356105253640398,2.2276854011496128
16,27B,pr2_dflash,16,inter_token_latency,p99,ms,7.754142554379086,0.19966321757035846,3,7.5242130092156865,7.883760096196078,7.883760096196078,7.689333783470588,0.23351603838082846,2,-2.466162216418799,2.574923225490617
16,27B,pr2_dflash,16,interactivity,derived,tokens/s/user,129.02119363053458,3.371153595141917,3,126.84302766677298,132.9042650407685,126.84302766677298,130.1102766124154,3.951296328490467,2,2.575820686199437,2.6128680880100683
16,27B,pr2_dflash,16,interactivity,derived_p90,tokens/s/user,173.14934996211218,3.9073810437476246,3,170.81464072352006,177.6602769523108,170.97313221050575,174.23745883791543,4.840595798914235,2,1.9092629264056304,2.2566536025706254
16,27B,pr2_dflash,16,output_token_throughput,avg,tokens/s,3181.9261810085577,49.14184697503135,3,3145.204638552024,3237.751166679772,3162.822737793877,3191.4779026158976,65.44027761440229,2,0.9059997096773076,1.544405626640123
16,27B,pr2_dflash,16,time_to_first_token,p99,ms,211.56447823000005,30.536345251923237,3,192.46432266,246.7827547100001,192.46432266,221.11455601500006,36.30031471615645,2,14.885997030011877,14.433588051925227
16,27B,pr2_dflash,32,acceptance_length,avg,tokens,7.703338769889457,0.022892732145041353,3,7.678410242240029,7.723419041000695,7.723419041000695,7.693298634333838,0.021055366020993033,2,-0.38998798986509264,0.2971793507838922
16,27B,pr2_dflash,32,inter_chunk_latency,p99,ms,97.65662568,0.1983303162735035,3,97.472555,97.86665849,97.472555,97.74866102,0.1668736223997208,2,0.2832653971161392,0.20308946258637872
16,27B,pr2_dflash,32,inter_token_latency,p90,ms,9.190683021960785,0.04194188780387879,3,9.16339079254902,9.238976973725492,9.169681299607843,9.201183883137256,0.05344750127387862,2,0.3435515641177167,0.456352239585026
16,27B,pr2_dflash,32,inter_token_latency,p99,ms,12.456967091503271,0.1568743554758079,3,12.358436414705888,12.637869592980392,12.37459526682353,12.49815300384314,0.1975890952464116,2,0.9984790157207879,1.2593302552979349
16,27B,pr2_dflash,32,interactivity,derived,tokens/s/user,80.2847898034814,1.003840907960295,3,79.12726054361586,80.9163850865513,80.81072378027704,80.02182281508358,1.265102096696932,2,-0.9762330149875487,1.2503500481441945
16,27B,pr2_dflash,32,interactivity,derived_p90,tokens/s/user,108.80734827498422,0.4952730529833399,3,108.23709192520734,109.12990863743634,109.05504426230895,108.68350028132184,0.6313167515738087,2,-0.3406939894439409,0.45518346034098467
16,27B,pr2_dflash,32,output_token_throughput,avg,tokens/s,3986.620090368889,57.22904094624223,3,3952.40751393472,4052.688484728671,3952.40751393472,4003.726378585973,69.24287454935384,2,1.2984203797387295,1.4355278318217357
16,27B,pr2_dflash,32,time_to_first_token,p99,ms,275.0720295733334,10.759496566564197,3,263.42709655,284.64461842000014,284.64461842000014,270.28573515,9.699579727535626,2,-5.044494903751618,3.9115196784105404
16,27B,sglang_baseline,1,inter_chunk_latency,p99,ms,10.997564143333307,0.6060135376685,3,10.398847789999936,11.610620349999996,10.983224289999992,11.004734069999966,0.8568525944318253,2,0.19584212642873577,5.51043421770687
16,27B,sglang_baseline,1,inter_token_latency,p90,ms,7.4145942254901955,0.0007803201601212648,3,7.413904828235294,7.415441366274509,7.414436481960784,7.4146730972549015,0.0010864964670798088,2,0.0031912781867315942,0.010524111453579593
16,27B,sglang_baseline,1,inter_token_latency,p99,ms,7.424887145633986,0.012517570728253564,3,7.416155698039215,7.439228386666667,7.416155698039215,7.429252869431373,0.014107511765839643,2,0.17660324196835386,0.1685893735854854
16,27B,sglang_baseline,1,interactivity,derived,tokens/s/user,134.6824367158763,0.22685485879141018,3,134.4225433100428,134.84075047998166,134.84075047998166,134.6032798338236,0.2556000431469466,2,-0.17611192856222813,0.16843685362626695
16,27B,sglang_baseline,1,interactivity,derived_p90,tokens/s/user,134.86914819232155,0.014193345101053408,3,134.85373973125976,134.8816882827489,134.872016562956,134.86771400700434,0.019762610282316666,2,-0.0031901027813585614,0.010523789384962892
16,27B,sglang_baseline,1,output_token_throughput,avg,tokens/s,132.89894906817096,0.028103873395666053,3,132.87053011723793,132.92672689360123,132.92672689360123,132.88506015545585,0.020548577109541798,2,-0.03134564366331638,0.021146798821749958
16,27B,sglang_baseline,1,time_to_first_token,p99,ms,39.79041199000001,1.9740229383659647,3,37.80423822000001,41.75205547000001,41.75205547000001,38.809590250000014,1.4217824757853266,2,-7.047473919252278,4.961051770115045
16,27B,sglang_baseline,2,inter_chunk_latency,p99,ms,10.973441660000006,0.17510858809827304,3,10.801380320000002,11.15144618000001,10.801380320000002,11.059472330000009,0.13007066605366935,2,2.389435445783916,1.5957490231763163
16,27B,sglang_baseline,2,inter_token_latency,p90,ms,7.457833032810458,0.0009354417726530412,3,7.457009472941176,7.458850092156863,7.457009472941176,7.458244812745098,0.0008559943531423655,2,0.016566155754582645,0.012543077440023127
16,27B,sglang_baseline,2,inter_token_latency,p99,ms,7.465591776164428,0.008615907292902234,3,7.4597579891372545,7.475487856963872,7.4597579891372545,7.468508669678014,0.009870061314001316,2,0.11730515324361868,0.1154082295312536
16,27B,sglang_baseline,2,interactivity,derived,tokens/s/user,133.94797322933948,0.15448893039822895,3,133.7705336606813,134.05260619127046,134.05260619127046,133.895656748374,0.17695076758100386,2,-0.11708048605375554,0.11533502648354388
16,27B,sglang_baseline,2,interactivity,derived_p90,tokens/s/user,134.0872081861759,0.01681803592761211,3,134.06892317778593,134.10201551019117,134.10201551019117,134.0798045241683,0.01538854763082618,2,-0.016562753317583834,0.012542610257244518
16,27B,sglang_baseline,2,output_token_throughput,avg,tokens/s,261.40119735295565,0.6529577144180486,3,260.9008892309469,262.1398415511246,262.1398415511246,261.03187525387114,0.18524221010072356,2,-0.4226623052403844,0.24979140150471296
16,27B,sglang_baseline,2,time_to_first_token,p99,ms,71.82878431333333,5.446012376396443,3,68.26595379999999,78.09781919,69.12257995,73.18188649499999,6.952178688982328,2,5.872620130695783,7.581935888876681
16,27B,sglang_baseline,4,inter_chunk_latency,p99,ms,11.647252329999993,0.6831387053205921,3,11.112518389999993,12.416837579999989,11.112518389999993,11.914619299999995,0.7102439028476799,2,7.2179939942488724,5.865234872271308
16,27B,sglang_baseline,4,inter_token_latency,p90,ms,7.64223567372549,0.0012778951584621915,3,7.640790296470588,7.6432156160784315,7.640790296470588,7.642958362352941,0.0003638117075600824,2,0.02837489053133524,0.016721483254640776
16,27B,sglang_baseline,4,inter_token_latency,p99,ms,7.645006988718954,0.0021274794271667467,3,7.642756639686274,7.646985460156862,7.642756639686274,7.646132163235293,0.0012067440792132935,2,0.04416630946342259,0.027828351632720228
16,27B,sglang_baseline,4,interactivity,derived,tokens/s/user,130.80433452920752,0.03640260157567289,3,130.77048533834758,130.8428420718429,130.8428420718429,130.78508075788983,0.020641040265159824,2,-0.044145566573194905,0.027829812908489276
16,27B,sglang_baseline,4,interactivity,derived_p90,tokens/s/user,130.8517639779256,0.021882089745174783,3,130.8349849370177,130.87651423464888,130.87651423464888,130.83938884956396,0.00622807285041437,2,-0.02836672821096009,0.01672280837487697
16,27B,sglang_baseline,4,output_token_throughput,avg,tokens/s,508.81587437947184,0.8019809320673459,3,508.24116198328335,509.732080847225,509.732080847225,508.3577711455953,0.16491025883851906,2,-0.2696141273559771,0.15761712093699995
16,27B,sglang_baseline,4,time_to_first_token,p99,ms,76.48428240333332,7.621686635778337,3,67.97402115999999,82.68149885,67.97402115999999,80.739413025,2.7465241130075455,2,18.779809767252576,9.965036470612386
16,27B,sglang_baseline,8,inter_chunk_latency,p99,ms,11.603182106666749,0.6167826177514171,3,10.89722853,12.037663240000004,10.89722853,11.956158895000122,0.1152645500911686,2,9.717428262469618,5.315633350243095
16,27B,sglang_baseline,8,inter_token_latency,p90,ms,7.976361649411764,0.0007738690879014656,3,7.975842449803921,7.9772510882352945,7.975842449803921,7.976621249215686,0.0008907268836410974,2,0.0097644783816353,0.009702031100339294
16,27B,sglang_baseline,8,inter_token_latency,p99,ms,7.986239861906696,0.005674283924946061,3,7.982257157058823,7.992736882386753,7.982257157058823,7.988231214330631,0.006371976872518266,2,0.07484170397247247,0.0710507575913371
16,27B,sglang_baseline,8,interactivity,derived,tokens/s/user,125.21541472723037,0.08893275192999155,3,125.11358933929836,125.27784814796225,125.27784814796225,125.18419801686443,0.09985574943515117,2,-0.07475394292150161,0.07102380495542256
16,27B,sglang_baseline,8,interactivity,derived_p90,tokens/s/user,125.37044459972601,0.012162826521920493,3,125.35646539630449,125.37860499295395,125.37860499295395,125.36636440311207,0.013999309681297173,2,-0.009762901607146546,0.009701510240912932
16,27B,sglang_baseline,8,output_token_throughput,avg,tokens/s,976.4647067094638,1.0296144765480115,3,975.4631210378658,977.5202297293654,977.5202297293654,975.936945199513,0.6700885555817343,2,-0.16196948990924165,0.10544308150344259
16,27B,sglang_baseline,8,time_to_first_token,p99,ms,76.4902079,8.50085844496837,3,71.52794478,86.3059528,71.52794478,78.97133946,10.372709660190615,2,10.406275061996828,11.113655823869673
16,27B,sglang_baseline,16,inter_chunk_latency,p99,ms,12.3599184333333,1.193778981104887,3,11.58668244999997,13.734811609999936,11.58668244999997,12.746536424999967,1.3976321699837355,2,10.010233559132375,9.658469734601162
16,27B,sglang_baseline,16,inter_token_latency,p90,ms,8.28171692732026,0.0033818103648581553,3,8.279070023137255,8.285526755294118,8.280554003529412,8.282298389215686,0.004565599092423179,2,0.021066050478402154,0.04083465294137284
16,27B,sglang_baseline,16,inter_token_latency,p99,ms,8.347352097673202,0.007200111759180485,3,8.33940795654902,8.353447744392156,8.353447744392156,8.344304274313725,0.006924438988535077,2,-0.10945744030743665,0.08625623640804003
16,27B,sglang_baseline,16,interactivity,derived,tokens/s/user,119.79852825930722,0.10336579724385268,3,119.71104992801575,119.91258914425576,119.71104992801575,119.84226742495295,0.09944992916741405,2,0.1096118503814747,0.0862830276346255
16,27B,sglang_baseline,16,interactivity,derived_p90,tokens/s/user,120.74792219051824,0.049297840745296057,3,120.69238680100095,120.78651312349476,120.76486664705901,120.73944996224785,0.06655736092352776,2,-0.021046423116954927,0.04082707168038307
16,27B,sglang_baseline,16,output_token_throughput,avg,tokens/s,1869.0515463845743,3.218375928616753,3,1867.18340806908,1872.767788801401,1872.767788801401,1867.193425176161,0.014166328689710735,2,-0.29765375390226056,0.1721929999652638
16,27B,sglang_baseline,16,time_to_first_token,p99,ms,90.14206566,3.4077583236960316,3,86.90654937000001,93.69925479,86.90654937000001,91.759823805,2.7427696022736128,2,5.584474898821989,3.780430699857152
16,27B,sglang_baseline,32,inter_chunk_latency,p99,ms,14.463227413333337,2.4391412429238546,3,12.84704853,17.26891150000001,12.84704853,15.27131685500001,2.825025439082868,2,18.870235597996988,16.86443262777755
16,27B,sglang_baseline,32,inter_token_latency,p90,ms,8.796173480784313,0.0016831354700442734,3,8.794240761568627,8.797317019215686,8.794240761568627,8.797139840392157,0.00025056869520028883,2,0.032965652205008134,0.01913485987652663
16,27B,sglang_baseline,32,inter_token_latency,p99,ms,8.993030268261437,0.0019118669430102492,3,8.991384226196079,8.995127316117648,8.995127316117648,8.991981744333334,0.0008450182534697,2,-0.03496973054153418,0.021259429646953223
16,27B,sglang_baseline,32,interactivity,derived,tokens/s/user,111.19722721917115,0.023638217392846574,3,111.17130028923329,111.2175806130646,111.17130028923329,111.21019068414009,0.010450937710021013,2,0.034982405356087654,0.021257919809686755
16,27B,sglang_baseline,32,interactivity,derived_p90,tokens/s/user,113.68580060371006,0.021755902874868067,3,113.67102013213044,113.71078267154812,113.71078267154812,113.67330956979104,0.0032377537898388834,2,-0.032954747893443326,0.01913686912467244
16,27B,sglang_baseline,32,output_token_throughput,avg,tokens/s,3326.4990071671186,15.996824664917915,3,3308.5230679273623,3339.167684014768,3331.8062695592257,3323.845375971065,21.66901584226291,2,-0.23893626892099729,0.4808907091344957
16,27B,sglang_baseline,32,time_to_first_token,p99,ms,146.89944143,26.382730816844756,3,129.26486061,177.22985934,134.20360434,153.247359975,33.916375861587134,2,14.190196849522252,17.95972167083873
16,27B,sglang_dflash,1,acceptance_length,avg,tokens,7.45838755924184,0.05903629224557959,3,7.390485074626866,7.497556390977444,7.487121212121211,7.444020732802155,0.07571085386206321,2,-0.5756615673495391,0.7915422975362352
16,27B,sglang_dflash,1,inter_chunk_latency,p99,ms,15.075256679999995,0.5971192693729931,3,14.409322,15.562980840000002,14.409322,15.408224019999992,0.218859193713746,2,6.932331861276975,3.9609227361626145
16,27B,sglang_dflash,1,inter_token_latency,p90,ms,1.922814966797386,0.06113824219219616,3,1.8549830027450989,1.9736721160784314,1.9397897815686276,1.914327559411765,0.08392587689101803,2,-1.3126279145708408,3.179621713368872
16,27B,sglang_dflash,1,inter_token_latency,p99,ms,2.528669674705883,0.025662743990344156,3,2.507274882078432,2.557123015529412,2.557123015529412,2.5144430042941184,0.010137255654171761,2,-1.6690636694479566,1.0148713470583723
16,27B,sglang_dflash,1,interactivity,derived,tokens/s/user,395.4919124207169,3.9983758238507026,3,391.06448689679706,398.8393961698525,391.06448689679706,397.70562518267684,1.6033943066888987,2,1.6982207560136686,1.0109880122143446
16,27B,sglang_dflash,1,interactivity,derived_p90,tokens/s/user,520.426016103209,16.756993192173734,3,506.6697714648471,539.0884975873896,515.5197792573902,522.8791345261184,22.92350107867927,2,1.4275602149212308,3.21986078206562
16,27B,sglang_dflash,1,output_token_throughput,avg,tokens/s,589.9034267102163,7.605746344941941,3,581.8722269569811,596.9967287095748,596.9967287095748,586.356775710537,6.3421096684022915,2,-1.782246449161673,1.2893205905512024
16,27B,sglang_dflash,1,time_to_first_token,p99,ms,51.000833036666684,3.3180639387225774,3,48.702256700000014,54.80473199,48.702256700000014,52.15012120500002,3.7541865749688546,2,7.079475857224504,6.505901455250895
16,27B,sglang_dflash,2,acceptance_length,avg,tokens,7.716468524023742,0.25265137527588943,3,7.429251062949523,7.904375279001657,7.815779230120042,7.6668131709755905,0.3359635550764063,2,-1.9059655442975387,3.274183967566354
16,27B,sglang_dflash,2,inter_chunk_latency,p99,ms,39.708330663333335,0.7108024758888974,3,38.97659596,40.39616603,40.39616603,39.36441298,0.5484560894031177,2,-2.5540865666156987,1.7900588214483977
16,27B,sglang_dflash,2,inter_token_latency,p90,ms,2.0068091529411762,0.04899278736679235,3,1.9600851854901962,2.057792620392157,2.057792620392157,1.9813174192156864,0.030026912894063607,2,-3.716370659444601,2.44132768155799
16,27B,sglang_dflash,2,inter_token_latency,p99,ms,2.3594295861699344,0.274292908662913,3,2.1689722187450977,2.6738182414509803,2.1689722187450977,2.4546582698823527,0.30993900412165515,2,13.17149425281916,11.62539074150431
16,27B,sglang_dflash,2,interactivity,derived,tokens/s/user,427.45747337432266,46.80361461923694,3,373.9969996828721,461.0478600682908,461.0478600682908,410.6622800273385,51.85253673135605,2,-10.928492333418294,10.949303155182227
16,27B,sglang_dflash,2,interactivity,derived_p90,tokens/s/user,498.5009747886136,12.135150987697065,3,485.9576179301432,510.18190811432044,485.9576179301432,504.77265321784876,7.649841636923342,2,3.871744076745842,2.4343284369389457
16,27B,sglang_dflash,2,output_token_throughput,avg,tokens/s,1071.0686895196595,2.399222337735734,3,1069.2157643682078,1073.7787633515811,1073.7787633515811,1069.7136526036986,0.704120295177086,2,-0.3785799167040804,0.2240026583926853
16,27B,sglang_dflash,2,time_to_first_token,p99,ms,82.34694520666666,10.155289588634261,3,75.57996410999999,94.0241612,77.43671031,84.80206265499999,13.042016835880183,2,9.511447885007641,12.332320966063119
16,27B,sglang_dflash,4,acceptance_length,avg,tokens,7.571812015923032,0.08171827020385525,3,7.504678801212949,7.662804438876354,7.547952807679795,7.583741620044652,0.11181171067124143,2,0.47415257191913973,1.079243251575805
16,27B,sglang_dflash,4,inter_chunk_latency,p99,ms,46.56361161999999,7.311746554945665,3,41.257522400000006,54.90398429999997,43.52932815999999,48.08075334999999,9.649505748693832,2,10.455996870134099,15.70270496759561
16,27B,sglang_dflash,4,inter_token_latency,p90,ms,2.552254032418301,0.07251214511477568,3,2.4797409878431376,2.624765278039216,2.55225583137255,2.5522531329411766,0.10254765903441272,2,-0.00010572730759772497,2.8411021862925327
16,27B,sglang_dflash,4,inter_token_latency,p99,ms,3.230702771477123,0.0457218446360159,3,3.184126976823529,3.2755199184705868,3.184126976823529,3.2539906688039206,0.030446956866315846,2,2.194123930638181,1.4152290653191604
16,27B,sglang_dflash,4,interactivity,derived,tokens/s/user,309.5715487565428,4.385156023947439,3,305.29504472283054,314.0578272407954,314.0578272407954,307.32840951441653,2.8756120655128767,2,-2.142732052087737,1.4165242386005146
16,27B,sglang_dflash,4,interactivity,derived_p90,tokens/s/user,392.0215412287079,11.142240576599537,3,380.9864479566082,403.2679239091795,391.8102518203361,392.12718593289384,15.755382740908175,2,0.08088969369364207,2.842252122594223
16,27B,sglang_dflash,4,output_token_throughput,avg,tokens/s,1691.912206928114,42.0970390579178,3,1644.3012501117528,1724.2064008290413,1724.2064008290413,1675.7651099776504,44.496617346958864,2,-2.8094832978290296,2.4881337746448695
16,27B,sglang_dflash,4,time_to_first_token,p99,ms,103.06007674333334,16.43327899206198,3,87.17852584999999,119.99445627,87.17852584999999,111.00085219,12.71887686455,2,27.325910948516018,15.945339370344492
16,27B,sglang_dflash,8,acceptance_length,avg,tokens,7.631568896585321,0.11189748742978212,3,7.5067945149059,7.723017452680073,7.5067945149059,7.693956087425033,0.0410989768847558,2,2.49322892943844,1.4662448697783448
16,27B,sglang_dflash,8,inter_chunk_latency,p99,ms,50.9577877466667,2.7981610451323795,3,49.04057,54.16870928,49.04057,51.91639662000006,3.1852511104765355,2,5.864178617826132,5.491135249126695
16,27B,sglang_dflash,8,inter_token_latency,p90,ms,3.59906186745098,0.02245287599651943,3,3.5731567498039216,3.6129228866666665,3.6111059658823526,3.593039818235294,0.028118905037239406,2,-0.5002940322922478,0.6238535713869677
16,27B,sglang_dflash,8,inter_token_latency,p99,ms,4.6813967925882345,0.13110759514342246,3,4.542258159019608,4.8026336232549,4.699298595490195,4.672445891137254,0.18411325641537052,2,-0.5714194109459281,2.8006084711938324
16,27B,sglang_dflash,8,interactivity,derived,tokens/s/user,213.72387257812434,6.021520305820262,3,208.2190894508142,220.1548139694108,212.79771431414807,214.1869517101125,8.439831745474198,2,0.6528441343658153,2.817429907657678
16,27B,sglang_dflash,8,interactivity,derived_p90,tokens/s/user,277.8574186356893,1.7396436788582468,3,276.78420806888965,279.86457634551726,276.92347149266106,278.32439220720346,2.1781492969553016,2,0.50588731500123,0.626092219311649
16,27B,sglang_dflash,8,output_token_throughput,avg,tokens/s,2523.633740536215,39.77961885365191,3,2480.881617754736,2559.556625442754,2530.4629784111557,2520.219121598745,55.631631446101295,2,-0.4048214457119892,1.576283365319075
16,27B,sglang_dflash,8,time_to_first_token,p99,ms,105.83861724666663,7.9049673115775025,3,97.77363757999996,113.57321261999996,97.77363757999996,109.87110707999997,5.235567864004558,2,12.372935895017378,7.468887554676049
16,27B,sglang_dflash,16,acceptance_length,avg,tokens,7.7257027752082665,0.07391138763087286,3,7.640367028509115,7.76948911759853,7.767252179517153,7.704928073053823,0.09130310479609896,2,-0.8023958154427357,0.9566946824314037
16,27B,sglang_dflash,16,inter_chunk_latency,p99,ms,89.95246127333333,5.24674756436554,3,86.17326082,95.94286544,87.74125756,91.05806313,6.908153676313425,2,3.7802120259467165,5.832800448252941
16,27B,sglang_dflash,16,inter_token_latency,p90,ms,5.915507057385621,0.12284522858652976,3,5.777797369411766,6.013823428235294,5.777797369411766,5.98436190137255,0.041664890857512855,2,3.5751432380505044,2.076664390640109
16,27B,sglang_dflash,16,inter_token_latency,p99,ms,7.837081844888889,0.2557553291730976,3,7.647830864862745,8.12804591572549,7.647830864862745,7.931707334901962,0.27766468381772075,2,3.7118560158470704,3.2634000031516015
16,27B,sglang_dflash,16,interactivity,derived,tokens/s/user,127.68771665565043,4.100308895759984,3,123.03080105210532,130.75602973836777,130.75602973836777,126.15356011429176,4.41624821776756,2,-3.519890924560176,3.211200735007064
16,27B,sglang_dflash,16,interactivity,derived_p90,tokens/s/user,169.09627443074638,3.5436518534899184,3,166.2835651783414,173.07633619934467,173.07633619934467,167.10624354644725,1.1634429056462454,2,-3.4493985625055235,2.0956415896325535
16,27B,sglang_dflash,16,output_token_throughput,avg,tokens/s,3240.046389794392,83.05952031430556,3,3145.3323389725547,3300.4732410469715,3300.4732410469715,3209.832964168102,91.21765893308738,2,-2.7462812226926814,2.563528737610957
16,27B,sglang_dflash,16,time_to_first_token,p99,ms,124.66349332666665,20.769414872105656,3,112.46028515,148.64469128,112.46028515,130.76509741499999,25.285564133605774,2,16.276690247214788,16.66038253691619
16,27B,sglang_dflash,32,acceptance_length,avg,tokens,7.637910847158744,0.04423832863520884,3,7.587261793022506,7.668982956915704,7.587261793022506,7.663235374226863,0.008128309389419311,2,1.0013306944835376,0.579194095354821
16,27B,sglang_dflash,32,inter_chunk_latency,p99,ms,77.08571123666665,4.90669389182085,3,71.69549246,81.29237647999996,71.69549246,79.78082062499996,2.137662790425451,2,11.277317286733046,6.365244366438338
16,27B,sglang_dflash,32,inter_token_latency,p90,ms,7.953953113986928,0.08390543099686519,3,7.857965293725491,8.013343300784314,7.99055074745098,7.935654297254903,0.10986884243854443,2,-0.6870171022140048,1.0548896855994603
16,27B,sglang_dflash,32,inter_token_latency,p99,ms,10.594951268941179,0.413856751159598,3,10.185086924156863,11.012688104431376,10.587078778235297,10.59888751429412,0.5852024066900986,2,0.11153913469594823,3.906169463684163
16,27B,sglang_dflash,32,interactivity,derived,tokens/s/user,94.48062605247536,3.689275019539,3,90.80435135519836,98.1827653947864,94.4547614074413,94.49355837499238,5.217326601794723,2,0.041074655181994046,3.90479527251433
16,27B,sglang_dflash,32,interactivity,derived_p90,tokens/s/user,125.73302793674686,1.333810644269352,3,124.79185808776269,127.25940655381747,125.14781916866048,126.02563232079008,1.744820253253798,2,0.7014210538871524,1.0608275853663198
16,27B,sglang_dflash,32,output_token_throughput,avg,tokens/s,4632.599247380224,41.666037633977446,3,4586.469155736126,4667.499396742012,4667.499396742012,4615.14917269933,40.5596689584542,2,-1.1215903761920942,0.8994094979733022
16,27B,sglang_dflash,32,time_to_first_token,p99,ms,447.87392067333343,20.455719255977627,3,435.9991125500001,471.49403237000007,435.9991125500001,453.8113247350001,25.007124956895257,2,4.085378082726554,4.567294122690713
16,27B,vllm_baseline,1,inter_chunk_latency,p99,ms,9.435735486666664,0.859782615211401,3,8.661772679999997,10.361198389999997,8.661772679999997,9.822716889999999,0.7615278403870053,2,13.403078710211581,9.111983018455025
16,27B,vllm_baseline,1,inter_token_latency,p90,ms,8.171133395686274,0.11407471484494358,3,8.096880000784314,8.302482519215685,8.114037667058824,8.199681259999998,0.1453829350118555,2,1.0554990801788788,1.3960696677056599
16,27B,vllm_baseline,1,inter_token_latency,p99,ms,8.76286783571242,1.1215893424840815,3,8.115242017764706,10.05796765035295,8.115242017764706,9.086680744686278,1.373607114949204,2,11.970545361371121,12.799341077736297
16,27B,vllm_baseline,1,interactivity,derived,tokens/s/user,115.29039572573656,13.740992469943892,3,99.42366437864897,123.22491403348732,123.22491403348732,111.32313657186118,16.82839496072224,2,-9.65858045426734,11.918592510196802
16,27B,vllm_baseline,1,interactivity,derived_p90,tokens/s/user,122.39782290864844,1.6954485705003617,3,120.44590249790342,123.50436216210859,123.2432040659333,121.975132330006,2.1626575685450096,2,-1.0289181829846727,1.3851950387759422
16,27B,vllm_baseline,1,output_token_throughput,avg,tokens/s,119.99548759754748,2.445418857181246,3,117.17538338629276,121.529364439416,121.529364439416,119.22854917661321,2.903614906471653,2,-1.89321755562194,2.037925680491361
16,27B,vllm_baseline,1,time_to_first_token,p99,ms,136.03772428333417,152.21630658795326,3,39.13721802,311.4821619500024,39.13721802,184.48797741500124,179.59689811191024,2,371.38756086527087,111.89271754570296
16,27B,vllm_baseline,2,inter_chunk_latency,p99,ms,9.863315479999988,0.520366903945618,3,9.28858235,10.30248154,9.28858235,10.150682044999982,0.21467690459041086,2,9.281283865669575,5.275780796029234
16,27B,vllm_baseline,2,inter_token_latency,p90,ms,8.486423393202614,0.09086672355027062,3,8.41640418509804,8.589106805490196,8.453759189019607,8.502755495294117,0.12211919400798057,2,0.5795801037028703,1.0707304990586763
16,27B,vllm_baseline,2,inter_token_latency,p99,ms,8.499826451398691,0.092382136694241,3,8.418137880156863,8.600081949568628,8.481259524470588,8.509109914862744,0.12865388527773547,2,0.3283756417522765,1.0868708581578042
16,27B,vllm_baseline,2,interactivity,derived,tokens/s/user,117.65869808144498,1.2748463762930053,3,116.27796175246436,118.79111678096749,117.90701571090308,117.53453926671592,1.777068962827628,2,-0.31590693899032907,1.0835122239841029
16,27B,vllm_baseline,2,interactivity,derived_p90,tokens/s/user,117.84423296155195,1.2555067416991057,3,116.42654150729567,118.815586562559,118.29057081480119,117.62106403492734,1.6893099591369016,2,-0.5659849092469416,1.065395149297403
16,27B,vllm_baseline,2,output_token_throughput,avg,tokens/s,227.67554225643525,2.024737026583079,3,225.5537423588547,229.5867562194502,229.5867562194502,226.71993527492776,1.6492458382539572,2,-1.248687420707395,0.8893080945438484
16,27B,vllm_baseline,2,time_to_first_token,p99,ms,127.41219956666667,7.794382618830221,3,118.42352869,132.30054936,131.51252065,125.362039025,9.812535418422877,2,-4.676727048193796,6.117453937173354
16,27B,vllm_baseline,4,inter_chunk_latency,p99,ms,9.572968476666661,0.3496808987200774,3,9.176603619999998,9.83784353,9.176603619999998,9.771150904999995,0.09431761478527104,2,6.4789470006551,3.6527948417713523
16,27B,vllm_baseline,4,inter_token_latency,p90,ms,8.610387316470588,0.07974778366851647,3,8.550212610588236,8.700839912549018,8.58010942627451,8.625526261568627,0.10650958664830254,2,0.5293269938380973,0.9261811430476419
16,27B,vllm_baseline,4,inter_token_latency,p99,ms,8.614938710196078,0.08186529480094556,3,8.55283729627451,8.707710461254901,8.584268373058823,8.630273878764704,0.10951186518145894,2,0.5359280920231635,0.9502713548507914
16,27B,vllm_baseline,4,interactivity,derived,tokens/s/user,116.08439290371689,1.0980907531489947,3,114.84074998238816,116.92026462792474,116.49216410083775,115.88050730515644,1.470438907435648,2,-0.5250626086333643,0.9459417632995478
16,27B,vllm_baseline,4,interactivity,derived_p90,tokens/s/user,116.14540640094474,1.0708957861265203,3,114.93143306288435,116.95615600969275,116.54863013025707,115.94379453628855,1.431695325712226,2,-0.5189555581155636,0.9220302544120328
16,27B,vllm_baseline,4,output_token_throughput,avg,tokens/s,450.1173224881963,3.417313952764641,3,446.6610021393176,453.4942464074472,453.4942464074472,448.4288605285708,2.500129310436938,2,-1.1169680583610564,0.7592051631948147
16,27B,vllm_baseline,4,time_to_first_token,p99,ms,94.66070270666667,12.98190667455866,3,85.75225055,109.55569078,85.75225055,99.114928785,14.765467214838576,2,15.582889252811572,13.714145683860831
16,27B,vllm_baseline,8,inter_chunk_latency,p99,ms,9.683323913333332,0.2540979926385061,3,9.39939163,9.889341860000002,9.39939163,9.825290055,0.09058293132548131,2,4.531127564050652,2.6240782081928398
16,27B,vllm_baseline,8,inter_token_latency,p90,ms,8.794396936732026,0.0395406547394048,3,8.76059961372549,8.83788072745098,8.784710469019608,8.799240170588234,0.05464599957294312,2,0.16539761463816305,0.4496118952085645
16,27B,vllm_baseline,8,inter_token_latency,p99,ms,8.808548666522876,0.05582360603337332,3,8.767724181686274,8.872161557882354,8.78576026,8.819942869784313,0.07384837691757896,2,0.38906831933418484,0.6337435160633491
16,27B,vllm_baseline,8,interactivity,derived,tokens/s/user,113.52910992818549,0.7171672708965889,3,112.71210442640816,114.05468275208362,113.82054260606468,113.38339358924588,0.9493462383591947,2,-0.3840686459664622,0.6317034206911722
16,27B,vllm_baseline,8,interactivity,derived_p90,tokens/s/user,113.71029341298784,0.5104655715184401,3,113.14929798655699,114.14743785725244,113.83414439515411,113.64836792190471,0.7057914711414139,2,-0.16319925294515647,0.4489176451813952
16,27B,vllm_baseline,8,output_token_throughput,avg,tokens/s,880.2711453872993,6.6457453353938245,3,872.6333898876373,884.7338004732077,883.4462458010527,878.6835951804226,8.556282380198303,2,-0.5390990842132792,0.7549657137142497
16,27B,vllm_baseline,8,time_to_first_token,p99,ms,165.41415458333333,116.96145041617991,3,91.36558875,300.25248714,91.36558875,202.43843750000002,138.32995559152317,2,121.56967439231875,70.70824785871416
16,27B,vllm_baseline,16,inter_chunk_latency,p99,ms,10.25602117333333,0.2646858840194207,3,9.95084755999999,10.423113719999998,9.95084755999999,10.40860798,0.020514214240256238,2,4.60021538105051,2.5807852728271485
16,27B,vllm_baseline,16,inter_token_latency,p90,ms,9.126198402091504,0.02676789800527077,3,9.09753572156863,9.15054764745098,9.130511837254902,9.124041684509805,0.03748509227516774,2,-0.07086297964914445,0.2933083067658952
16,27B,vllm_baseline,16,inter_token_latency,p99,ms,9.1641077852549,0.03304729574043151,3,9.137298108235294,9.201029738156862,9.137298108235294,9.177512623764706,0.033258222121266806,2,0.4401138613740363,0.36061661991366784
16,27B,vllm_baseline,16,interactivity,derived,tokens/s/user,109.12231503194035,0.3929249623910125,3,108.6834874419522,109.44154258234354,109.44154258234354,108.96270125673874,0.3948679636730756,2,-0.4375315938593638,0.36007755359295895
16,27B,vllm_baseline,16,interactivity,derived_p90,tokens/s/user,109.57527935161869,0.32161664259469874,3,109.2830766559163,109.91987617363007,109.52288522530968,109.60147641477319,0.4502852572317288,2,0.07175777857004739,0.29351204441163736
16,27B,vllm_baseline,16,output_token_throughput,avg,tokens/s,1695.0055077407894,5.390042678865056,3,1688.831204044396,1698.771659204976,1698.771659204976,1693.1224320086958,6.068712786347656,2,-0.3325477656558107,0.31799558492581215
16,27B,vllm_baseline,16,time_to_first_token,p99,ms,117.39991732666665,9.33348471423991,3,106.6313674,123.16193065,106.6313674,122.78419229,0.5342027117405787,2,15.148286366249852,7.950162936034596
16,27B,vllm_baseline,32,inter_chunk_latency,p99,ms,11.94483789,0.46839330390369555,3,11.42256125,12.32768332,12.084269099999998,11.875122285,0.6400179534986056,2,-1.7307361601207494,3.921303145485347
16,27B,vllm_baseline,32,inter_token_latency,p90,ms,9.945966553071896,0.07567212133193124,3,9.883464333333334,10.03009841882353,9.924336907058823,9.956781376078432,0.10368595620320488,2,0.326918254826003,0.7608322522315266
16,27B,vllm_baseline,32,inter_token_latency,p99,ms,10.074326698470587,0.1521585826845385,3,9.974862203019608,10.249487590823527,9.974862203019608,10.124058946196076,0.17738289034221624,2,1.4957273608381616,1.5103598209460305
16,27B,vllm_baseline,32,interactivity,derived,tokens/s/user,99.2771877898872,1.4868416862984184,3,97.56585303789336,100.25201147112372,100.25201147112372,98.78977594926894,1.7308883805665105,2,-1.458559783886193,1.4976670062866895
16,27B,vllm_baseline,32,interactivity,derived_p90,tokens/s/user,100.54713861469929,0.7627221489177828,3,99.69991900810221,101.17909735631497,100.76239947968071,100.43950818220858,1.0459370406055508,2,-0.32044820204707447,0.758571710171251
16,27B,vllm_baseline,32,output_token_throughput,avg,tokens/s,3080.621271946086,15.294805223718955,3,3063.479908029564,3092.8745208273654,3085.509386981329,3078.1772144284646,20.785130039678336,2,-0.2376324824614362,0.49648443848006485
16,27B,vllm_baseline,32,time_to_first_token,p99,ms,211.14123360333335,31.127191519571568,3,175.22668071,230.32762345,230.32762345,201.54803868,37.22402142125114,2,-12.495064351778694,14.742355620621966
16,27B,vllm_dflash,1,acceptance_length,avg,tokens,7.609941520467836,0.0,3,7.609941520467836,7.609941520467836,7.609941520467836,7.609941520467836,0.0,2,0.0,0.0
16,27B,vllm_dflash,1,inter_chunk_latency,p99,ms,20.46799869333333,4.1841457591466895,3,16.06305981,24.38932264,16.06305981,22.670468135,2.430827352717096,2,41.13418242324283,20.442378474987468
16,27B,vllm_dflash,1,inter_token_latency,p90,ms,2.408052081699347,0.32603909751059473,3,2.1527661576470587,2.775326669019608,2.1527661576470587,2.5356950437254904,0.3388902944644481,2,17.787760399251496,13.53953678944149
16,27B,vllm_dflash,1,inter_token_latency,p99,ms,2.9116424248235315,0.1796057698300985,3,2.7640543958431394,3.1116171146666693,2.8592557639607854,2.9378357552549046,0.2457639553677515,2,2.7482673038408567,6.168538014793627
16,27B,vllm_dflash,1,interactivity,derived,tokens/s/user,344.30168079682494,20.74744356505068,3,321.3763015013898,361.78738070564015,349.7413601834449,341.581841103515,28.574948140392088,2,-2.333015196043764,6.02594896343068
16,27B,vllm_dflash,1,interactivity,derived_p90,tokens/s/user,420.12154016023516,53.7816533288266,3,360.3179442487946,464.51863638221863,464.51863638221863,397.9229920492435,53.1815686130833,2,-14.3364849366729,12.801451053500893
16,27B,vllm_dflash,1,output_token_throughput,avg,tokens/s,463.2913142239326,42.91852098432655,3,414.1144323871416,493.1924910749527,493.1924910749527,448.34072579842257,48.40328833199436,2,-9.094170346911024,9.263830265460538
16,27B,vllm_dflash,1,time_to_first_token,p99,ms,88.52494388333334,11.503324778608299,3,75.77592802,98.12798505,75.77592802,94.89945181500002,4.565835487509263,2,25.236937764658762,12.994444587017739
16,27B,vllm_dflash,2,acceptance_length,avg,tokens,7.778633702247615,0.025598795382610704,3,7.749074759437454,7.793413173652695,7.793413173652695,7.771243966545074,0.03135199335865523,2,-0.2844608211273636,0.3290911535687045
16,27B,vllm_dflash,2,inter_chunk_latency,p99,ms,83.83644310000001,6.327728471931651,3,80.08827795000003,91.1422465,80.08827795000003,85.710525675,7.681613257739376,2,7.020063196401849,7.54770626943696
16,27B,vllm_dflash,2,inter_token_latency,p90,ms,2.5855024667973856,0.2834660863854201,3,2.393452496078431,2.9110718458823532,2.393452496078431,2.681527452156863,0.32462479477329825,2,12.03595878967434,10.963674953926628
16,27B,vllm_dflash,2,inter_token_latency,p99,ms,3.0795198307712415,0.1636711425137569,3,2.971067988588235,3.267786385019608,2.971067988588235,3.1337457518627447,0.1895620813195121,2,5.47539685726981,5.31482671026563
16,27B,vllm_dflash,2,interactivity,derived,tokens/s/user,325.3209872123611,16.794285936612315,3,306.01755505937075,336.57930543527243,336.57930543527243,319.69182810090535,19.338342390931093,2,-5.017384331614738,5.162373961950829
16,27B,vllm_dflash,2,interactivity,derived_p90,tokens/s/user,389.7185799514987,40.32207640851824,3,343.51608374574397,417.8064956954261,417.8064956954261,375.6746220795351,45.47904105774241,2,-10.084063807041543,10.346459851500128
16,27B,vllm_dflash,2,output_token_throughput,avg,tokens/s,769.2737805294655,62.31080497986655,3,697.404621104647,808.1671370020381,808.1671370020381,749.8271022931792,74.13658387007065,2,-7.218808095225948,8.09995174110576
16,27B,vllm_dflash,2,time_to_first_token,p99,ms,152.35067487666666,15.068477659769666,3,140.05425443,169.15991469999997,147.8378555,154.60708456499998,20.58080974782887,2,4.578819844285409,9.890653698756594
16,27B,vllm_dflash,4,acceptance_length,avg,tokens,7.660539810115561,0.08698223562094362,3,7.560101375814627,7.710759027266028,7.560101375814627,7.710759027266028,0.0,2,1.9927993549579526,1.1354583068165203
16,27B,vllm_dflash,4,inter_chunk_latency,p99,ms,81.56512803666664,1.3552345512574375,3,80.38202254999992,83.04373023999999,81.26963131999999,81.71287639499995,1.8821115571354312,2,0.5454006223489349,1.6615367178093656
16,27B,vllm_dflash,4,inter_token_latency,p90,ms,3.213963662614379,0.13916899017091544,3,3.08599112,3.36212403372549,3.36212403372549,3.1398834770588238,0.07621530226084136,2,-6.610123672933232,4.3301357694165485
16,27B,vllm_dflash,4,inter_token_latency,p99,ms,3.915927192457515,0.04907272332604949,3,3.867560743960784,3.965676941098039,3.965676941098039,3.891052318137254,0.03322210280185724,2,-1.8817625356069012,1.253157194050203
16,27B,vllm_dflash,4,interactivity,derived,tokens/s/user,255.39408813711466,3.1990457000845995,3,252.1637578786522,258.5609034225268,252.1637578786522,257.0092532663459,2.194364694929317,2,1.921566932717389,1.252591915270612
16,27B,vllm_dflash,4,interactivity,derived_p90,tokens/s/user,311.52834714457316,13.37721263930775,3,297.43102573521764,324.0450024366888,297.43102573521764,318.5770078492509,7.732912104537395,2,7.109541468232061,4.294059517190483
16,27B,vllm_dflash,4,output_token_throughput,avg,tokens/s,1274.2895745326487,14.410951787727274,3,1263.000666525907,1290.521565947509,1263.000666525907,1279.9340285360195,14.973038999461155,2,1.3407247089338714,1.1309008623893477
16,27B,vllm_dflash,4,time_to_first_token,p99,ms,178.94311538666662,2.9628476158432644,3,175.71432585999997,181.53712979,175.71432585999997,180.55751014999998,1.385391380855073,2,2.7562831125441667,1.6557483138935176
16,27B,vllm_dflash,8,acceptance_length,avg,tokens,7.454258340018896,0.06557788756330471,3,7.385651018600531,7.516315125292951,7.460808876163207,7.450983071946741,0.09239347589989251,2,-0.13169891334248174,0.8797372531515788
16,27B,vllm_dflash,8,inter_chunk_latency,p99,ms,87.77954938333335,2.7337557417347838,3,85.29324663999999,90.70708327,90.70708327,86.31578244,1.4460839963720427,2,-4.841188440519895,3.114342419094077
16,27B,vllm_dflash,8,inter_token_latency,p90,ms,4.797039067712419,0.1954651447343211,3,4.57581521254902,4.946401830588235,4.946401830588235,4.72235768627451,0.20724235380629105,2,-4.52943679036043,4.074704040872723
16,27B,vllm_dflash,8,inter_token_latency,p99,ms,6.096912997032679,0.2507121772890392,3,5.8080817476862725,6.25832797145098,6.25832797145098,6.0162055098235285,0.2943314470666195,2,-3.868804299358497,4.112116695958412
16,27B,vllm_dflash,8,interactivity,derived,tokens/s/user,164.20695126637727,6.913354407476915,3,159.78708763135535,172.17388518995338,159.78708763135535,166.41688308388825,8.141630457007809,2,4.149143432558522,4.210147228336296
16,27B,vllm_dflash,8,interactivity,derived_p90,tokens/s/user,208.69754823565003,8.67459883570534,3,202.16715791589422,218.5402935978563,202.16715791589422,211.96274339552792,9.302060703322724,2,4.845290194814367,4.156540845372294
16,27B,vllm_dflash,8,output_token_throughput,avg,tokens/s,1870.7615774024755,19.485440747556364,3,1850.7433301970448,1889.6664716431528,1850.7433301970448,1880.7707010051909,12.580519483965922,2,1.6224492244934385,1.0415779852936475
16,27B,vllm_dflash,8,time_to_first_token,p99,ms,228.32700938333335,21.51108738774534,3,204.67276527,246.7180047,204.67276527,240.15413144000001,9.282718585990082,2,17.335655832466877,9.421175114517807
16,27B,vllm_dflash,16,acceptance_length,avg,tokens,7.655990680262927,0.03737608199956032,3,7.616157923597148,7.690294036316711,7.616157923597148,7.675907058595815,0.020346259014451043,2,0.784504938028463,0.48819393283635415
16,27B,vllm_dflash,16,inter_chunk_latency,p99,ms,90.16132866666668,0.2400933244638702,3,89.97349935999999,90.43183584,89.97349935999999,90.25524332,0.24973953679764177,2,0.3131410493135478,0.26629301942910977
16,27B,vllm_dflash,16,inter_token_latency,p90,ms,6.98105525124183,0.12396298475750346,3,6.892721994117648,7.1227654513725485,7.1227654513725485,6.91020015117647,0.024717846757874133,2,-2.9843085757529364,1.7757055387214165
16,27B,vllm_dflash,16,inter_token_latency,p99,ms,9.573898589934641,0.24833935053606557,3,9.374977013568628,9.852231085960783,9.852231085960783,9.43473234192157,0.08450679578078836,2,-4.237606085327606,2.5939208380288568
16,27B,vllm_dflash,16,interactivity,derived,tokens/s/user,104.49701743273107,2.6810316484534567,3,101.49985229487544,106.66692820181598,101.49985229487544,105.99560000165889,0.9494014454656838,2,4.429314531140882,2.565653751964112
16,27B,vllm_dflash,16,interactivity,derived_p90,tokens/s/user,143.27465892627413,2.5206551643906505,3,140.39490796475704,145.08056481219103,140.39490796475704,144.71453440703266,0.5176451632158848,2,3.076768598587609,1.7593168137903035
16,27B,vllm_dflash,16,output_token_throughput,avg,tokens/s,2599.9144541691307,55.640846186733214,3,2556.288692523307,2662.574592611031,2556.288692523307,2621.7273349920424,57.76674571052171,2,2.5599081457478468,2.1401029598304486
16,27B,vllm_dflash,16,time_to_first_token,p99,ms,254.46610633,11.342193975243628,3,245.59066042,267.24440535,267.24440535,248.07695682000002,3.5161540889593925,2,-7.172254365773201,4.457251356113689
16,27B,vllm_dflash,32,acceptance_length,avg,tokens,7.700386994259304,0.002002802269524544,3,7.698933173232347,7.702671473470143,7.702671473470143,7.6992447546538845,0.0004406426721228086,2,-0.04448740710363275,0.026009111892917176
16,27B,vllm_dflash,32,inter_chunk_latency,p99,ms,118.15325559333333,2.0300107710867836,3,116.4342845,120.39288515999996,116.4342845,119.01274113999997,1.9518183911120932,2,2.2145166701307506,1.718116662035781
16,27B,vllm_dflash,32,inter_token_latency,p90,ms,11.494942132941176,0.13796225444859975,3,11.34042664392157,11.60577526117647,11.53862449372549,11.47310095254902,0.18762980663941414,2,-0.5678626703910838,1.2001996430520503
16,27B,vllm_dflash,32,inter_token_latency,p99,ms,15.260528295241832,0.4224865384810527,3,14.922926680078431,15.734310638784317,15.124347566862747,15.328618659431374,0.5737350993469174,2,1.350610938194663,2.7684922193210193
16,27B,vllm_dflash,32,interactivity,derived,tokens/s/user,65.56163756022495,1.793858167446435,3,63.55537417286324,67.01098393353121,66.11855457428042,65.28317905319722,2.4434850949027482,2,-1.2634509729711474,2.736139965690448
16,27B,vllm_dflash,32,interactivity,derived_p90,tokens/s/user,87.00318164779667,1.0496290552850198,3,86.16399831084017,88.18010392369115,86.66544270885869,87.17205111726565,1.4256019504351922,2,0.5845564189971952,1.206426058686098
16,27B,vllm_dflash,32,output_token_throughput,avg,tokens/s,3207.610224926512,31.74015121788679,3,3178.20089924043,3241.2557396868183,3203.374035852287,3209.728319463624,44.58650526627721,2,0.19836221247409025,0.989526438444184
16,27B,vllm_dflash,32,time_to_first_token,p99,ms,339.6615967466667,11.128098501831774,3,327.43748198000003,349.20335381,349.20335381,334.890718215,10.540467767107552,2,-4.098653532058416,3.276230992381384
16,35B-A3B,pr2_dflash,1,acceptance_length,avg,tokens,6.4714517350773475,0.03111845367366613,3,6.453485487472092,6.50738423028786,6.453485487472092,6.480434858879976,0.03811216654245943,2,0.4175940499161257,0.4808573863727379
16,35B-A3B,pr2_dflash,1,inter_chunk_latency,p99,ms,10.347150886666665,0.5338485025423692,3,9.771189899999998,10.82538366,9.771189899999998,10.635131379999997,0.2690573546484057,2,8.84172233721503,5.159376802268208
16,35B-A3B,pr2_dflash,1,inter_token_latency,p90,ms,1.5893319257516343,0.03592633165257116,3,1.5486132843137261,1.616561143529412,1.616561143529412,1.5757173168627454,0.038330890425825104,2,-2.5265871835501996,2.260467500241066
16,35B-A3B,pr2_dflash,1,inter_token_latency,p99,ms,2.010883020405229,0.04278052839061707,3,1.970257641568628,2.05553410654902,1.970257641568628,2.0311957098235296,0.034419690735605496,2,3.092898460040261,2.1274498793070538
16,35B-A3B,pr2_dflash,1,interactivity,derived,tokens/s/user,497.4436423842328,10.553711743561532,3,486.4915628565622,507.547834812023,507.547834812023,492.39154617033773,8.343836420116318,2,-2.986179351410012,2.1215894313128416
16,35B-A3B,pr2_dflash,1,interactivity,derived_p90,tokens/s/user,629.4119775290574,14.386059104246758,3,618.5970781264209,645.7390041330775,618.5970781264209,634.8194272303756,15.44261375117705,2,2.6224419218222383,2.285634785776318
16,35B-A3B,pr2_dflash,1,output_token_throughput,avg,tokens/s,703.5031319160753,5.599436138655143,3,697.4760147092974,708.5437767787779,708.5437767787779,700.9828094847242,4.959356731867548,2,-1.0671136409422521,0.7959362061977473
16,35B-A3B,pr2_dflash,1,time_to_first_token,p99,ms,58.942346533333364,7.377401777020031,3,50.55886809000001,64.44329310000006,50.55886809000001,63.134085755000044,1.8514987832574978,2,24.872427212205082,12.516301455436505
16,35B-A3B,pr2_dflash,2,acceptance_length,avg,tokens,6.7434409382573675,0.16819871259985747,3,6.574401008827238,6.910785619174434,6.574401008827238,6.827960902972431,0.11713183695257533,2,3.8567756028989653,2.494256480332179
16,35B-A3B,pr2_dflash,2,inter_chunk_latency,p99,ms,44.314546299999996,0.9276327309894176,3,43.426422119999984,45.2771921,45.2771921,43.833223399999994,0.5753038873667472,2,-3.189174577811349,2.093291725722616
16,35B-A3B,pr2_dflash,2,inter_token_latency,p90,ms,1.8906346674509804,0.012199698372866951,3,1.877499857254902,1.901611178039216,1.877499857254902,1.8972020725490197,0.006235416782169433,2,1.0493857146239405,0.64527000286708
16,35B-A3B,pr2_dflash,2,inter_token_latency,p99,ms,2.21162450779085,0.09064758207440667,3,2.124502489294118,2.305427924980392,2.305427924980392,2.1647227991960785,0.05688010774620169,2,-6.1032107861498375,4.0986877182398755
16,35B-A3B,pr2_dflash,2,interactivity,derived,tokens/s/user,452.6612762653158,18.484933474331786,3,433.7589517176101,470.6984364759477,433.7589517176101,462.1124385391686,12.142434728700367,2,6.536692028898439,4.083612724031052
16,35B-A3B,pr2_dflash,2,interactivity,derived_p90,tokens/s/user,528.9376221884372,3.418803714255926,3,525.86985791234,532.6232096028507,532.6232096028507,527.0948284812305,1.732369992032969,2,-1.0379534766692622,0.6463529102185809
16,35B-A3B,pr2_dflash,2,output_token_throughput,avg,tokens/s,1152.1361283821943,20.40590347674543,3,1128.583279520888,1164.502789705627,1128.583279520888,1163.9125528128475,0.834721018781805,2,3.1304090653334615,1.7711364980281432
16,35B-A3B,pr2_dflash,2,time_to_first_token,p99,ms,102.09747169,7.096103678143604,3,94.90535994,109.09350313,102.293552,101.999431535,10.032532262094739,2,-0.28752590876891526,6.950322628644129
16,35B-A3B,pr2_dflash,4,acceptance_length,avg,tokens,6.652279188002811,0.15901465758812944,3,6.470130678282514,6.763405914852129,6.723300970873787,6.616768296567321,0.20737690853246368,2,-1.5845293073741384,2.390378591970519
16,35B-A3B,pr2_dflash,4,inter_chunk_latency,p99,ms,46.07894313666666,2.877038014222231,3,44.262725120000006,49.39606891999999,44.262725120000006,46.98705214499999,3.4068641951892844,2,6.1549012574668716,6.243715281596529
16,35B-A3B,pr2_dflash,4,inter_token_latency,p90,ms,2.4625987394771247,0.05665662337805914,3,2.4272676490196083,2.527948228627452,2.432580340784314,2.47760793882353,0.0711919205744984,2,1.8510220313914916,2.300684332766647
16,35B-A3B,pr2_dflash,4,inter_token_latency,p99,ms,3.1224137376339836,0.2346282292916561,3,2.8830243681568564,3.3519717616470546,2.8830243681568564,3.2421084223725467,0.15537022440960574,2,12.45511686206302,7.514322220137496
16,35B-A3B,pr2_dflash,4,interactivity,derived,tokens/s/user,321.4832218020465,24.339339171314997,3,298.3318688545965,346.8579770067324,346.8579770067324,308.79584419970354,14.79829584938805,2,-10.973405638668677,7.5709516144833096
16,35B-A3B,pr2_dflash,4,interactivity,derived_p90,tokens/s/user,406.2165721078936,9.224492061208206,3,395.5777213613862,411.9858806687048,411.0861142935898,403.7818010150455,11.602320712994176,2,-1.7768328884316564,2.270831052839992
16,35B-A3B,pr2_dflash,4,output_token_throughput,avg,tokens/s,1797.5973596883475,29.356563641534557,3,1771.830948803891,1829.556122303028,1829.556122303028,1781.6179783810073,13.840949963304489,2,-2.6202062531799464,1.6331000645564007
16,35B-A3B,pr2_dflash,4,time_to_first_token,p99,ms,102.28255928333333,4.0987321526467575,3,97.58541390999996,105.13335131,97.58541390999996,104.63113197,0.7102454019140595,2,7.220052441954183,4.0072639767380505
16,35B-A3B,pr2_dflash,8,acceptance_length,avg,tokens,6.4895851439742245,0.07092792151047042,3,6.408235657001851,6.538473642800944,6.522046132119881,6.473354649901397,0.09209216292661607,2,-0.7465675837324603,1.0929500104691459
16,35B-A3B,pr2_dflash,8,inter_chunk_latency,p99,ms,52.64992759333334,10.214089152534834,3,46.24272799999999,64.42898436,46.24272799999999,55.85352739,12.127527550520885,2,20.78337460973325,19.400006076794998
16,35B-A3B,pr2_dflash,8,inter_token_latency,p90,ms,3.4982833512418297,0.13469014953571454,3,3.3536150035294114,3.620061819607843,3.3536150035294114,3.570617525098039,0.06992479187773475,2,6.470704637838565,3.8501783878627753
16,35B-A3B,pr2_dflash,8,inter_token_latency,p99,ms,4.371399931555556,0.37513985450962667,3,3.958009417921568,4.690171603686275,3.958009417921568,4.578095188372549,0.15849998655883052,2,15.66660674538265,8.581686882539108
16,35B-A3B,pr2_dflash,8,interactivity,derived,tokens/s/user,229.9257148423753,20.396100747005633,3,213.21181493957337,252.65225380012373,252.65225380012373,218.56244536350107,7.566934112764662,2,-13.492778284729457,8.870734950628773
16,35B-A3B,pr2_dflash,8,interactivity,derived_p90,tokens/s/user,286.14010578573817,11.129609674255134,3,276.23837653367167,298.1856888604029,298.1856888604029,280.1173142484058,5.485646323777594,2,-6.05943721881832,3.8895664918041897
16,35B-A3B,pr2_dflash,8,output_token_throughput,avg,tokens/s,2685.02097508574,92.57837262005461,3,2583.340417705042,2764.436649924535,2764.436649924535,2645.3131376663428,87.64266106642135,2,-4.309142416464629,3.4479571474147734
16,35B-A3B,pr2_dflash,8,time_to_first_token,p99,ms,144.88754889666666,41.71544045899981,3,113.47724348,192.21899617,128.96640703999998,152.848119825,55.67882728961307,2,18.517777871870855,28.79159788171386
16,35B-A3B,pr2_dflash,16,acceptance_length,avg,tokens,6.636148450023068,0.07920849755549056,3,6.586720545123208,6.727508090614887,6.586720545123208,6.660862402472999,0.09425123604394699,2,1.1256262785383386,1.1935914054968921
16,35B-A3B,pr2_dflash,16,inter_chunk_latency,p99,ms,62.08303969666667,11.474772607989053,3,49.319733,71.54591164,49.319733,68.46469304499999,4.357501125685172,2,38.818052897812706,18.482942626607812
16,35B-A3B,pr2_dflash,16,inter_token_latency,p90,ms,5.0424053767320265,0.6130740486999299,3,4.392681406666667,5.6106885219607845,4.392681406666667,5.367267361764707,0.3442495061178874,2,22.18658411281398,12.158364964644354
16,35B-A3B,pr2_dflash,16,inter_token_latency,p99,ms,6.982853965803922,0.9301545655557414,3,6.09215948827451,7.947994458274509,6.09215948827451,7.4282012045686265,0.7350986690208965,2,21.930511157260014,13.320550166319489
16,35B-A3B,pr2_dflash,16,interactivity,derived,tokens/s/user,144.9048204612117,19.164213927070985,3,125.81790352897372,164.1454072114634,164.1454072114634,135.28452708608586,13.387827424348625,2,-17.582508469577206,13.225380540187679
16,35B-A3B,pr2_dflash,16,interactivity,derived_p90,tokens/s/user,200.34950590006338,25.114536414745242,3,178.2312448972888,227.65138361328096,227.65138361328096,186.69856704345455,11.974601816089685,2,-17.989267589690705,12.535362291970243
16,35B-A3B,pr2_dflash,16,output_token_throughput,avg,tokens/s,3804.996187148405,398.2288638730839,3,3421.275678756537,4216.299273538198,4216.299273538198,3599.344643953509,251.82754561930082,2,-14.632610010791714,10.465946463182405
16,35B-A3B,pr2_dflash,16,time_to_first_token,p99,ms,196.53572662,34.413137944781724,3,169.98359662,235.41457189,169.98359662,209.81179162,36.2077990922923,2,23.430610830665245,17.509863746716753
16,35B-A3B,pr2_dflash,32,acceptance_length,avg,tokens,6.561056470155964,0.012342416536620179,3,6.547232937101472,6.570971184631803,6.547232937101472,6.56796823668321,0.0042468097160008635,2,0.31670325129622423,0.1881162979279583
16,35B-A3B,pr2_dflash,32,inter_chunk_latency,p99,ms,116.29812753333334,20.732686303322495,3,100.46944082,139.76669183,108.65824995,120.118066325,27.787352671160907,2,10.546660175617895,17.827188401962964
16,35B-A3B,pr2_dflash,32,inter_token_latency,p90,ms,11.759141424052288,2.358699857507981,3,10.041615130980391,14.448489884705882,10.787319256470589,12.245052507843138,3.116131022199092,2,13.513396764429242,20.058436006930474
16,35B-A3B,pr2_dflash,32,inter_token_latency,p99,ms,15.594449446588238,3.1509158177340244,3,13.293310019058826,19.1856826954902,14.304355625215694,16.23949635727451,4.16653667678295,2,13.52833208821762,20.205367483642608
16,35B-A3B,pr2_dflash,32,interactivity,derived,tokens/s/user,65.75226197613627,12.099654569697929,3,52.12220049042408,75.22580896453061,69.90877647345413,63.674004727477346,16.336718221919718,2,-8.918439229649877,18.401883381729597
16,35B-A3B,pr2_dflash,32,interactivity,derived_p90,tokens/s/user,87.16613197747692,15.925687711626999,3,69.21138527137892,99.5855733322023,92.70143732884954,84.39847930179062,21.47779435084368,2,-8.956665901095972,18.270499505177167
16,35B-A3B,pr2_dflash,32,output_token_throughput,avg,tokens/s,3448.482192231914,599.5228849124885,3,2764.087361709759,3880.848762416979,3700.510452569004,3322.468062063369,789.6695594074624,2,-10.215952511178205,17.385123410611772
16,35B-A3B,pr2_dflash,32,time_to_first_token,p99,ms,332.29746001333336,73.32482675964992,3,282.44320336,416.49047262,297.95870406,349.46683799,94.78573309328505,2,17.287004282186636,22.0660208346786
16,35B-A3B,sglang_baseline,1,inter_chunk_latency,p99,ms,5.572735396666601,0.7802436556027581,3,4.814751899999883,6.373480539999961,4.814751899999883,5.95172714499996,0.5964493711858991,2,23.61440980998635,14.00108923293703
16,35B-A3B,sglang_baseline,1,inter_token_latency,p90,ms,3.166896105751634,0.08160669616045485,3,3.074247413333333,3.2281139976470588,3.2281139976470588,3.1362871598039215,0.08773745086489448,2,-2.8445971211075283,2.5768668574963005
16,35B-A3B,sglang_baseline,1,inter_token_latency,p99,ms,3.186325908405229,0.08581676944027317,3,3.087437985137255,3.241283661019608,3.2302560790588237,3.1643608230784315,0.10878532067263964,2,-2.039939075034314,2.6932828564051334
16,35B-A3B,sglang_baseline,1,interactivity,derived,tokens/s/user,313.99528916922196,8.587956371786229,3,308.5197423558513,323.89314532435674,309.5729798274578,316.20644384010404,10.87063748894358,2,2.1427787452068525,2.735058985919342
16,35B-A3B,sglang_baseline,1,interactivity,derived_p90,tokens/s/user,315.90824660482406,8.245815974958543,3,309.7784033429087,325.2828629416407,309.7784033429087,318.9731682357817,8.923255827459476,2,2.968174925575706,2.610193327834648
16,35B-A3B,sglang_baseline,1,output_token_throughput,avg,tokens/s,305.11249414850056,7.233920155700058,3,300.1747525234436,313.41605703106825,300.1747525234436,307.58136496102907,8.25150065772018,2,2.4674335117531365,2.370902632449805
16,35B-A3B,sglang_baseline,1,time_to_first_token,p99,ms,44.32417445000002,10.000960373568555,3,32.780482830000025,50.3727805,32.780482830000025,50.09602026000002,0.3913980849336048,2,52.82270404557057,22.56321859948042
16,35B-A3B,sglang_baseline,2,inter_chunk_latency,p99,ms,8.079134483333418,1.354137471196897,3,6.641935730000002,9.331150300000042,6.641935730000002,8.797733860000125,0.754364763840658,2,32.457377150804234,16.760922521965316
16,35B-A3B,sglang_baseline,2,inter_token_latency,p90,ms,3.4199915749019607,0.08004588241497383,3,3.328285600392157,3.475837258039216,3.475837258039216,3.3920687333333337,0.09020297165605799,2,-2.410024362105423,2.3405286434738795
16,35B-A3B,sglang_baseline,2,inter_token_latency,p99,ms,3.4521655724313725,0.08561308577430427,3,3.356314202588235,3.5210432651372545,3.4791392495686275,3.4386787338627447,0.11648103718691473,2,-1.1629461428110277,2.479982028034845
16,35B-A3B,sglang_baseline,2,interactivity,derived,tokens/s/user,289.7933442275258,7.2645154144898845,3,284.0067345667844,297.9458833826839,287.4274147331091,290.97630897473414,9.85646665169099,2,1.234709724860572,2.5067916704071322
16,35B-A3B,sglang_baseline,2,interactivity,derived_p90,tokens/s/user,292.506568694991,6.933616577185008,3,287.70046632278707,300.45498495747313,287.70046632278707,294.909619881093,7.842330499326863,2,2.5057844536885865,2.370413973306351
16,35B-A3B,sglang_baseline,2,output_token_throughput,avg,tokens/s,552.2119969172508,10.042246677025355,3,545.4904073130947,563.7558164178863,547.3897670207713,554.6231118654905,12.915594639144658,2,1.321424929824233,1.8185491682699155
16,35B-A3B,sglang_baseline,2,time_to_first_token,p99,ms,70.47663520333333,11.826803189583224,3,58.45709961,82.10079048,58.45709961,76.486403,7.939942918633711,2,30.841939662219907,16.781168901525326
16,35B-A3B,sglang_baseline,4,inter_chunk_latency,p99,ms,8.078306173333315,1.6724859233861031,3,7.021317219999984,10.006547029999997,7.021317219999984,8.606800649999983,1.9795403144786643,2,22.580996988482482,20.70342331053284
16,35B-A3B,sglang_baseline,4,inter_token_latency,p90,ms,3.7832983956862747,0.08239717300114491,3,3.689203980392157,3.842551129803921,3.842551129803921,3.753672028627451,0.09117158815407589,2,-2.3130232539288476,2.17791895810001
16,35B-A3B,sglang_baseline,4,inter_token_latency,p99,ms,3.7904713801307186,0.08290510433143454,3,3.695984512470588,3.8510351069019606,3.8510351069019606,3.760189516745098,0.09079958781723463,2,-2.35899148242108,2.1871977392050765
16,35B-A3B,sglang_baseline,4,interactivity,derived,tokens/s/user,263.904549581516,5.837657294982443,3,259.67044502081137,270.5639043199205,259.67044502081137,266.0216018618683,6.423785740578035,2,2.4458527964350774,2.2120335948127647
16,35B-A3B,sglang_baseline,4,interactivity,derived_p90,tokens/s/user,264.4041937996854,5.824838504674865,3,260.24377196798116,271.06118428661716,260.24377196798116,266.4844047155376,6.472543741412844,2,2.3979950414814377,2.203005338518876
16,35B-A3B,sglang_baseline,4,output_token_throughput,avg,tokens/s,1010.1683607586743,16.213502750997275,3,998.5517552887006,1028.6915574952968,998.5517552887006,1015.9766634936611,17.98157554124946,2,1.7450180336343823,1.6050297535373534
16,35B-A3B,sglang_baseline,4,time_to_first_token,p99,ms,62.74862315666667,7.036514756077072,3,55.82453099,69.89241484,55.82453099,66.21066924,5.206774560727467,2,18.604971803274985,11.213815382863082
16,35B-A3B,sglang_baseline,8,inter_chunk_latency,p99,ms,9.292571450000024,1.1988532359897592,3,8.557424690000001,10.67597873000004,8.557424690000001,9.660144830000036,1.43660607849836,2,12.88612146699517,12.90120008697653
16,35B-A3B,sglang_baseline,8,inter_token_latency,p90,ms,4.75523837490196,0.034690991093488305,3,4.71878255372549,4.787843165882353,4.787843165882353,4.738935979411764,0.028501247933806498,2,-1.0214868109944875,0.7295321150793735
16,35B-A3B,sglang_baseline,8,inter_token_latency,p99,ms,4.76869671820915,0.03256663421891463,3,4.732926422941176,4.796629260862745,4.796629260862745,4.754730446882353,0.030835546371919514,2,-0.8735053659922887,0.6829252549141936
16,35B-A3B,sglang_baseline,8,interactivity,derived,tokens/s/user,209.70743690034396,1.435500886168016,3,208.4797355841788,211.2857692342006,208.4797355841788,210.32128755842655,1.3639830665399757,2,0.8833242085076298,0.6845255024742813
16,35B-A3B,sglang_baseline,8,interactivity,derived_p90,tokens/s/user,210.3018706446628,1.5361001908405372,3,208.86231343705882,211.91906781347606,208.86231343705882,211.02164924846483,1.2691415057643012,2,1.033856120748533,0.7304263086827285
16,35B-A3B,sglang_baseline,8,output_token_throughput,avg,tokens/s,1623.0438340453313,5.3804133102248795,3,1616.833832115906,1626.3093168353255,1616.833832115906,1626.148835010044,0.22695557382751802,2,0.5761261738287393,0.3315014171129654
16,35B-A3B,sglang_baseline,8,time_to_first_token,p99,ms,65.40797359333334,8.638615714590053,3,60.03016431,75.37252645,60.82123002,67.70134537999999,10.84868830861375,2,11.312029299206184,13.207282292981077
16,35B-A3B,sglang_baseline,16,inter_chunk_latency,p99,ms,9.70561282333333,0.16055798095129853,3,9.528428429999998,9.841461059999997,9.841461059999997,9.637688704999995,0.15451736273361028,2,-2.070549827486712,1.6542796820134837
16,35B-A3B,sglang_baseline,16,inter_token_latency,p90,ms,5.705418036078431,0.02597606203619151,3,5.6764469862745095,5.726631450980392,5.713175670980392,5.701539218627451,0.035485775303746435,2,-0.20367748207091863,0.45528762085321145
16,35B-A3B,sglang_baseline,16,inter_token_latency,p99,ms,5.7107501746928095,0.024618799516881982,3,5.682997663568627,5.729958773490196,5.719294087019607,5.706478218529412,0.03320651927758876,2,-0.2240812991114005,0.43109571884233694
16,35B-A3B,sglang_baseline,16,interactivity,derived,tokens/s/user,175.1105167734211,0.7563895570481024,3,174.52132546337438,175.96347195611057,174.84675290077837,175.24239870974247,1.0197515644781527,2,0.22628147357623973,0.4319498171699245
16,35B-A3B,sglang_baseline,16,interactivity,derived_p90,tokens/s/user,175.27442139311054,0.7994920457555136,3,174.62272691370794,176.16653558431395,175.03400168130977,175.39463124901096,1.0916375798400901,2,0.2060340072426614,0.45613731849805383
16,35B-A3B,sglang_baseline,16,output_token_throughput,avg,tokens/s,2728.2140891091403,8.27566389791423,3,2721.4046377867694,2737.424858386028,2725.812771154623,2729.4147480863985,11.328006621840379,2,0.132143226045911,0.3033363082080018
16,35B-A3B,sglang_baseline,16,time_to_first_token,p99,ms,61.99152945666666,3.146994152181372,3,59.28956471,65.44681981,59.28956471,63.34251182999999,2.9759408847259263,2,6.835852379459961,5.076490578250993
16,35B-A3B,sglang_baseline,32,inter_chunk_latency,p99,ms,12.365919290000027,0.5180084552174654,3,12.018593680000064,12.961312400000017,12.018593680000064,12.539582095000007,0.5964167169947533,2,4.334853385275106,4.189000777615978
16,35B-A3B,sglang_baseline,32,inter_token_latency,p90,ms,7.317905527581698,0.020010000090603525,3,7.29531895490196,7.333416058823529,7.324981569019608,7.3143675068627445,0.026938720526509863,2,-0.14490223704799465,0.27343889607736027
16,35B-A3B,sglang_baseline,32,inter_token_latency,p99,ms,7.371920125777777,0.029612629430620672,3,7.340640028862746,7.399521548509803,7.399521548509803,7.358119414411764,0.024719584105370267,2,-0.5595244750165929,0.4016949305659546
16,35B-A3B,sglang_baseline,32,interactivity,derived,tokens/s/user,135.65132940863262,0.5453103391894659,3,135.1438729442434,136.2279032983621,135.1438729442434,135.90505764082724,0.4565727074390428,2,0.5632402564767824,0.4019940988169654
16,35B-A3B,sglang_baseline,32,interactivity,derived_p90,tokens/s/user,136.6518038778439,0.37413447199678973,3,136.36209809708058,137.07419869943695,136.51911483701417,136.71814839825876,0.503531164813216,2,0.1457917167732914,0.27378670561219737
16,35B-A3B,sglang_baseline,32,output_token_throughput,avg,tokens/s,4127.093325593163,12.076862635908734,3,4118.5772409158935,4140.914727041117,4121.78800882248,4129.745983978505,15.794987913805759,2,0.19307094734108965,0.2926239288318734
16,35B-A3B,sglang_baseline,32,time_to_first_token,p99,ms,89.52713134999999,2.338058184534309,3,86.84516095,91.13605713,86.84516095,90.86811655,0.37892520214611497,2,4.632331330833939,2.6115638346478853
16,35B-A3B,sglang_dflash,1,acceptance_length,avg,tokens,6.493106258665082,0.12324485032637766,3,6.396813725490195,6.632000000000001,6.45050505050505,6.514406862745098,0.16630180954788445,2,0.9906482010279882,1.8980876858731028
16,35B-A3B,sglang_dflash,1,inter_chunk_latency,p99,ms,12.008502643333316,1.5145905230463206,3,10.636426389999984,13.63371036,10.636426389999984,12.69454076999998,1.3281863715464075,2,19.349679154786116,12.612650952674489
16,35B-A3B,sglang_dflash,1,inter_token_latency,p90,ms,1.4845677339869283,0.044593733400919926,3,1.4431190607843138,1.5317515996078435,1.4788325415686276,1.4874353301960785,0.06267266923589766,2,0.5817283827366682,3.0038193866142975
16,35B-A3B,sglang_dflash,1,inter_token_latency,p99,ms,1.870551573869282,0.04574667630568598,3,1.818967526980394,1.906196159058824,1.818967526980394,1.8963435973137261,0.013933626444035558,2,4.253845612174367,2.4456249667074323
16,35B-A3B,sglang_dflash,1,interactivity,derived,tokens/s/user,534.8173628308715,13.229624288444798,3,524.6049811021263,549.7624257537274,549.7624257537274,527.3448313694437,3.874733406911768,2,-4.077687621803006,2.4736714265255597
16,35B-A3B,sglang_dflash,1,interactivity,derived_p90,tokens/s/user,673.9999905873892,20.13915102384342,3,652.8473678473836,692.9435187811287,676.2090851336553,672.8954433142561,28.352260224730475,2,-0.4900321353630277,2.988004644672503
16,35B-A3B,sglang_dflash,1,output_token_throughput,avg,tokens/s,791.1173923377911,11.61974713394876,3,779.1693568971215,802.3783619482311,802.3783619482311,785.4869075325712,8.934365789631638,2,-2.105173222100143,1.4687765995905906
16,35B-A3B,sglang_dflash,1,time_to_first_token,p99,ms,47.65887975000003,11.179778565212075,3,37.295110940000015,59.50647273000004,37.295110940000015,52.84076415500003,9.42673546959165,2,41.68281799726967,23.457913035003866
16,35B-A3B,sglang_dflash,2,acceptance_length,avg,tokens,6.799712090672109,0.18237544550147877,3,6.618293387204409,6.983029453106638,6.797813431705282,6.8006614201555236,0.2579073455427691,2,0.041895654813917105,2.6821054048988726
16,35B-A3B,sglang_dflash,2,inter_chunk_latency,p99,ms,31.55081634,3.4205711860553922,3,29.274610719999995,35.48435708,29.274610719999995,32.688919150000004,3.953346233378172,2,11.663036146429096,10.841466506585459
16,35B-A3B,sglang_dflash,2,inter_token_latency,p90,ms,1.7797517249673203,0.06572441548457897,3,1.7129748607843138,1.8443705364705885,1.7129748607843138,1.8131401570588235,0.044166426122175445,2,5.847446951360813,3.6928979791148002
16,35B-A3B,sglang_dflash,2,inter_token_latency,p99,ms,2.1215418699999997,0.16523011548969277,3,1.939393421372549,2.2617836452156856,1.939393421372549,2.2126160943137254,0.06953341731422183,2,14.088047836514317,7.78820902977007
16,35B-A3B,sglang_dflash,2,interactivity,derived,tokens/s/user,473.32635796239475,37.984904829410745,3,442.12893753798414,515.6251377259387,515.6251377259387,452.1769680806228,14.210061068538717,2,-12.3050962808255,8.0250981569948
16,35B-A3B,sglang_dflash,2,interactivity,derived_p90,tokens/s/user,562.3885902174328,20.82031231885538,3,542.1904005870822,583.7797289927147,583.7797289927147,551.693020829792,13.438734425321245,2,-5.496372444840947,3.7021221057855658
16,35B-A3B,sglang_dflash,2,output_token_throughput,avg,tokens/s,1120.5598791492741,225.1490890641322,3,862.9850059672311,1279.9005616455893,1279.9005616455893,1040.8895379011167,251.59500186853845,2,-18.674186956928295,20.09255312933966
16,35B-A3B,sglang_dflash,2,time_to_first_token,p99,ms,1239.5620248633334,2025.7249355841286,3,67.58842786,3578.66602726,67.58842786,1825.548823365,2479.2821261779077,2,2600.9783792373005,163.4226359755957
16,35B-A3B,sglang_dflash,4,acceptance_length,avg,tokens,6.444684374185968,0.1020926407508741,3,6.341453980128393,6.545599891726141,6.341453980128393,6.496299571214754,0.06972118189654287,2,2.4417994922234953,1.5841371713997936
16,35B-A3B,sglang_dflash,4,inter_chunk_latency,p99,ms,34.49848696,3.2253530931803773,3,32.5894148,38.22240658,32.6836395,35.40591069,3.983126686006079,2,8.329155600923821,9.34925956874596
16,35B-A3B,sglang_dflash,4,inter_token_latency,p90,ms,2.3816085048366014,0.0687934465427125,3,2.3029221639215685,2.4303794588235292,2.3029221639215685,2.4209516752941176,0.013332899330411638,2,5.125206280161931,2.8885287570566645
16,35B-A3B,sglang_dflash,4,inter_token_latency,p99,ms,3.0131269708365984,0.0805876602644723,3,2.927514911215685,3.087513095999997,3.0243529052941143,3.0075140036078407,0.11313580143852527,2,-0.5567770102753888,2.674552418283821
16,35B-A3B,sglang_dflash,4,interactivity,derived,tokens/s/user,332.0403851439159,8.932310569159137,3,323.8852658780758,341.5866461239434,330.6492434297284,332.73595600100964,12.516766008214594,2,0.6310955227468051,2.6901277581905028
16,35B-A3B,sglang_dflash,4,interactivity,derived_p90,tokens/s/user,420.12161645875017,12.32443866772938,3,411.4583820931686,434.23091568893227,434.23091568893227,413.06696684365915,2.274882370370257,2,-4.8738926871881745,2.933540714142106
16,35B-A3B,sglang_dflash,4,output_token_throughput,avg,tokens/s,1921.2483009310433,27.53329058645886,3,1898.4480518107089,1951.836796202566,1913.4600547798552,1925.1424240066374,37.75154319851736,2,0.6105363525932717,1.433093815781965
16,35B-A3B,sglang_dflash,4,time_to_first_token,p99,ms,71.93373568999999,11.51567549590148,3,64.80909041,85.21924476,64.80909041,75.49605833,13.750662118788034,2,16.48992117061252,16.008727178480672
16,35B-A3B,sglang_dflash,8,acceptance_length,avg,tokens,6.483651868231043,0.18295473697814982,3,6.272406768865434,6.591291043375955,6.272406768865434,6.589274417913847,0.0028519390787405323,2,5.051771365040625,2.821785325560146
16,35B-A3B,sglang_dflash,8,inter_chunk_latency,p99,ms,40.2633919933333,2.868920334724362,3,38.54727062,43.57540855999992,38.54727062,41.121452679999955,3.4704176869611563,2,6.677987879806868,7.12538162507369
16,35B-A3B,sglang_dflash,8,inter_token_latency,p90,ms,3.404561096078431,0.1650950023992775,3,3.2140181466666666,3.5049704827450974,3.5049704827450974,3.354356402745098,0.19846826506590584,2,-4.2971568731169025,4.849230128060953
16,35B-A3B,sglang_dflash,8,inter_token_latency,p99,ms,4.274709225228758,0.36794786817576974,3,4.02778679580392,4.697599261333332,4.697599261333332,4.06326420717647,0.050172636320950016,2,-13.503387983265668,8.607553140788875
16,35B-A3B,sglang_dflash,8,interactivity,derived,tokens/s/user,235.0424400569328,19.317736159611222,3,212.8746928736887,248.2753061909292,212.8746928736887,246.12631364855486,3.039134398864466,2,15.62027891901474,8.218828971879297
16,35B-A3B,sglang_dflash,8,interactivity,derived_p90,tokens/s/user,294.19805028929983,14.675566275594822,3,285.30910742985736,311.1370111699971,285.30910742985736,298.6425217190211,17.669876436497834,2,4.673322351773046,4.988328869332613
16,35B-A3B,sglang_dflash,8,output_token_throughput,avg,tokens/s,2823.404351241592,59.73793723108576,3,2775.613535024584,2890.377010406881,2804.2225082933105,2832.9952727157324,81.15003167535744,2,1.02605140417098,2.115812324395406
16,35B-A3B,sglang_dflash,8,time_to_first_token,p99,ms,79.77745585666665,9.182395166184982,3,70.99402483,89.31260266999996,70.99402483,84.16917136999997,7.273910301594263,2,18.558106223092373,11.510012531212663
16,35B-A3B,sglang_dflash,16,acceptance_length,avg,tokens,6.638488174964146,0.025628386566062655,3,6.614257101605404,6.665316138733973,6.665316138733973,6.625074193079232,0.015297677467717818,2,-0.6037514923093346,0.38605757652345407
16,35B-A3B,sglang_dflash,16,inter_chunk_latency,p99,ms,70.85372941333333,6.44988662496364,3,66.74653796999998,78.28777784,66.74653796999998,72.90732513500001,7.609109187118015,2,9.230122418887209,9.10310110472448
16,35B-A3B,sglang_dflash,16,inter_token_latency,p90,ms,5.120679610065359,0.3887641464389897,3,4.865472029803922,5.568110509411764,4.865472029803922,5.248283400196078,0.45230383546740477,2,7.86791842697292,7.59204199526218
16,35B-A3B,sglang_dflash,16,inter_token_latency,p99,ms,6.460031971333333,0.20143273789432747,3,6.322925089411764,6.691301192392157,6.365869632196078,6.507113140901961,0.26048124044451,2,2.218762193801904,3.1181384053235934
16,35B-A3B,sglang_dflash,16,interactivity,derived,tokens/s/user,154.89671383393878,4.748986473500425,3,149.44776378277146,158.15464928954776,157.0877284294971,153.8012065361596,6.156697784856393,2,-2.092156991634475,3.065905244827663
16,35B-A3B,sglang_dflash,16,interactivity,derived_p90,tokens/s/user,196.00911055524398,14.276319532383202,3,179.5941367021546,205.52990416436532,205.52990416436532,191.2487137506833,16.482060925751448,2,-6.948473251007381,7.283497941469158
16,35B-A3B,sglang_dflash,16,output_token_throughput,avg,tokens/s,3924.488892226338,176.359001588731,3,3733.6274913980337,4081.413020718351,4081.413020718351,3846.0268279803313,158.95666619642358,2,-5.767272058552663,4.493808147554308
16,35B-A3B,sglang_dflash,16,time_to_first_token,p99,ms,95.94341582666665,12.144364580622078,3,88.02798868999999,109.92585388,89.87640490999999,98.976921285,15.484128969357865,2,10.125590119134209,12.657840536511996
16,35B-A3B,sglang_dflash,32,acceptance_length,avg,tokens,6.59725815860607,0.022483321164745208,3,6.58259721781979,6.623143745329832,6.5860335126685845,6.602870481574811,0.028670724555918427,2,0.25564657200483065,0.3407979591554394
16,35B-A3B,sglang_dflash,32,inter_chunk_latency,p99,ms,45.20046131666666,2.4791800792437377,3,42.84092727999999,47.7840742,42.84092727999999,46.380228335,1.9853378617643904,2,8.261494976212402,5.484855700642142
16,35B-A3B,sglang_dflash,32,inter_token_latency,p90,ms,5.640940876470588,0.03067206812975555,3,5.609715670588236,5.671028134901961,5.609715670588236,5.656553479411764,0.020470254104913987,2,0.8349408699820371,0.5437402873285633
16,35B-A3B,sglang_dflash,32,inter_token_latency,p99,ms,7.251395724091505,0.27734173833041753,3,6.958792908470589,7.510418620705883,6.958792908470589,7.39769713190196,0.15941225823739358,2,6.307189037011218,3.824666986646415
16,35B-A3B,sglang_dflash,32,interactivity,derived,tokens/s/user,138.04009089167073,5.319458558889111,3,133.14837035089434,143.70308373205793,143.70308373205793,135.20859447147714,2.913596892856382,2,-5.9111391627609144,3.8535606029581975
16,35B-A3B,sglang_dflash,32,interactivity,derived_p90,tokens/s/user,177.2788863899757,0.9642422144252203,3,176.33486842457495,178.26215421986615,178.26215421986615,176.78725247503047,0.6397676595554422,2,-0.8273779430582606,0.5439126080158769
16,35B-A3B,sglang_dflash,32,output_token_throughput,avg,tokens/s,6673.547435556589,36.54094681204455,3,6637.985730573092,6710.994620902246,6710.994620902246,6654.823842883759,23.81268679450751,2,-0.8369963200914543,0.5475490683913443
16,35B-A3B,sglang_dflash,32,time_to_first_token,p99,ms,293.5336914,12.497782656906878,3,285.10850919000006,307.89304553000005,285.10850919000006,297.74628250500007,14.349689884140851,2,4.432618777638098,4.257699549683406
16,35B-A3B,vllm_baseline,1,inter_chunk_latency,p99,ms,5.071485359999991,0.4524468256214249,3,4.68596474,5.5695954999999735,4.68596474,5.264245669999987,0.43182987085430036,2,12.34070169294501,8.921386802966651
16,35B-A3B,vllm_baseline,1,inter_token_latency,p90,ms,4.024588823006535,0.027997761163516387,3,3.9923701956862745,4.043009990980392,3.9923701956862745,4.040698136666666,0.003269455724701021,2,1.2105075083620687,0.6956676171107808
16,35B-A3B,vllm_baseline,1,inter_token_latency,p99,ms,4.05841996745098,0.059256633157480254,3,3.9951209000784313,4.112569937254902,3.9951209000784313,4.090069501137255,0.031820421916885604,2,2.3766139607179326,1.46009120871486
16,35B-A3B,vllm_baseline,1,interactivity,derived,tokens/s/user,246.4364536091948,3.61043878345089,3,243.15695909295337,250.30531616211368,250.30531616211368,244.50202233273535,1.902206675949179,2,-2.31848604670456,1.4650587324131907
16,35B-A3B,vllm_baseline,1,interactivity,derived_p90,tokens/s/user,248.48063609310327,1.7353585500307827,3,247.34047213113848,250.47777410033078,250.47777410033078,247.48206708948953,0.20024551046370792,2,-1.1959971385090973,0.6983878411276123
16,35B-A3B,vllm_baseline,1,output_token_throughput,avg,tokens/s,240.46583017952193,2.2237614880620646,3,238.6796479325328,242.9565069474167,242.9565069474167,239.2204917955745,0.7648687262398604,2,-1.5377300236913527,0.9247723414182778
16,35B-A3B,vllm_baseline,1,time_to_first_token,p99,ms,50.535957936666726,6.49691896081079,3,46.43565634000002,58.02675218000014,46.43565634000002,52.58610873500008,7.69423174795536,2,13.245107057315387,12.85603207314866
16,35B-A3B,vllm_baseline,2,inter_chunk_latency,p99,ms,5.303159053333338,0.22942964999395313,3,5.112351099999999,5.557723980000014,5.112351099999999,5.398563030000007,0.22508757409019545,2,5.598440412279371,4.326282649390715
16,35B-A3B,vllm_baseline,2,inter_token_latency,p90,ms,4.438805232679738,0.024633406144464236,3,4.410622635686274,4.456229790588235,4.410622635686274,4.452896531176471,0.004713940667025497,2,0.9584564126651651,0.5549557787105895
16,35B-A3B,vllm_baseline,2,inter_token_latency,p99,ms,4.449070834287582,0.03446648188155904,3,4.412686173450981,4.481229399529412,4.412686173450981,4.467263164705883,0.019751238702722735,2,1.236820138791317,0.7746894388809629
16,35B-A3B,vllm_baseline,2,interactivity,derived,tokens/s/user,224.7750385161912,1.7438028066351035,3,223.15304815794812,226.6193335969644,226.6193335969644,223.8528909758046,0.9897272045420247,2,-1.2207443104037319,0.7757991359478701
16,35B-A3B,vllm_baseline,2,interactivity,derived_p90,tokens/s/user,225.29048704512456,1.2539548059040908,3,224.40494476116257,226.72535888901868,226.72535888901868,224.57305112317755,0.23773829708277797,2,-0.9493017350982291,0.5565946535740454
16,35B-A3B,vllm_baseline,2,output_token_throughput,avg,tokens/s,428.87368524396356,2.4689587506902115,3,426.60616086601743,431.5039457487308,431.5039457487308,427.55855499157997,1.346888689095001,2,-0.9143348041244281,0.5756843647998015
16,35B-A3B,vllm_baseline,2,time_to_first_token,p99,ms,79.58852698666665,10.720785365935425,3,70.49997352999999,91.4118068,76.85380063,80.955890165,14.786899112259452,2,5.337523325292448,13.470264838211495
16,35B-A3B,vllm_baseline,4,inter_chunk_latency,p99,ms,5.701238946666663,0.23352038561486999,3,5.547229959999995,5.969927280000001,5.547229959999995,5.778243439999997,0.27108188621576007,2,4.164483565054922,4.09595857671256
16,35B-A3B,vllm_baseline,4,inter_token_latency,p90,ms,4.749667839738562,0.015605208752334747,3,4.7318188854901955,4.76073326627451,4.7318188854901955,4.758592316862745,0.003027759694472783,2,0.5658169093210264,0.3285536858340332
16,35B-A3B,vllm_baseline,4,inter_token_latency,p99,ms,4.7940173165098035,0.05744678660125491,3,4.751409601372549,4.859350371764705,4.751409601372549,4.815321174078431,0.062266688508335576,2,1.3451076221132174,1.1983016082027418
16,35B-A3B,vllm_baseline,4,interactivity,derived,tokens/s/user,208.61317385241531,2.484955525735178,3,205.78882432732328,210.46385891696812,210.46385891696812,207.6878313201389,2.6856014442811986,2,-1.319004417724945,1.1911786201446581
16,35B-A3B,vllm_baseline,4,interactivity,derived_p90,tokens/s/user,210.54255641138147,0.6929499318920481,3,210.0516756702367,211.33522313511043,211.33522313511043,210.14622304951695,0.13371018606495283,2,-0.5626133059860705,0.3291258279100998
16,35B-A3B,vllm_baseline,4,output_token_throughput,avg,tokens/s,806.2177299035492,1.6266117135902292,3,804.7007090456135,807.9353291992181,807.9353291992181,805.3589302557145,0.9308653623665512,2,-0.31888677848227465,0.20175836542131448
16,35B-A3B,vllm_baseline,4,time_to_first_token,p99,ms,76.34694542,10.217302482569798,3,69.2025794,88.05004446999997,88.05004446999997,70.495395895,1.828318620888644,2,-19.937126302055553,13.382725957616703
16,35B-A3B,vllm_baseline,8,inter_chunk_latency,p99,ms,6.3776574533333275,0.1317485352660054,3,6.239652419999996,6.5021003399999975,6.239652419999996,6.446659969999994,0.0784045231569883,2,3.317613483348447,2.0657825577814015
16,35B-A3B,vllm_baseline,8,inter_token_latency,p90,ms,5.382260048496732,0.013432190616879088,3,5.3705603847058825,5.396928165098038,5.3705603847058825,5.388109880392156,0.012470937827926154,2,0.3267721509332633,0.24956413283357992
16,35B-A3B,vllm_baseline,8,inter_token_latency,p99,ms,5.3959059338692805,0.016715423935160564,3,5.376940570862745,5.408493716313725,5.376940570862745,5.405388615372548,0.0043912758635495,2,0.5290749290397745,0.3097797504259737
16,35B-A3B,vllm_baseline,8,interactivity,derived,tokens/s/user,185.32687922560254,0.574976903069563,3,184.89436291359357,185.97936629966276,185.97936629966276,185.00063568857243,0.15029239968613092,2,-0.5262576330716917,0.31025014043949384
16,35B-A3B,vllm_baseline,8,interactivity,derived_p90,tokens/s/user,185.79632717454703,0.46331742945917803,3,185.29058927762,186.20030841618865,186.20030841618865,185.5943365537262,0.429563517403284,2,-0.32544084787872185,0.24936845442801076
16,35B-A3B,vllm_baseline,8,output_token_throughput,avg,tokens/s,1371.0292247157195,55.747822449162385,3,1306.6671579274964,1404.1915719661267,1306.6671579274964,1403.210258109831,1.3877873645176788,2,7.388499787157854,4.066129404405774
16,35B-A3B,vllm_baseline,8,time_to_first_token,p99,ms,887.1503565133333,1265.1561133537198,3,141.98334405,2347.92712858,2347.92712858,156.76197048,20.90013393055147,2,-93.32338859363118,142.60898438073335
16,35B-A3B,vllm_baseline,16,inter_chunk_latency,p99,ms,7.710879136666665,0.24998330378650369,3,7.461149119999999,7.961114960000003,7.961114960000003,7.585761224999995,0.17622812892685574,2,-4.714838774291586,3.2419559346713993
16,35B-A3B,vllm_baseline,16,inter_token_latency,p90,ms,6.4877360156862744,0.02954561732449988,3,6.462028261568627,6.520013513333334,6.481166272156862,6.491020887450981,0.04100176473163278,2,0.152050030508466,0.45540720604327084
16,35B-A3B,vllm_baseline,16,inter_token_latency,p99,ms,6.5039924963137254,0.03445538429933547,3,6.473981551490196,6.54161833345098,6.496377604,6.507799942470588,0.047826427182106585,2,0.17582627068284395,0.529757442353505
16,35B-A3B,vllm_baseline,16,interactivity,derived,tokens/s/user,153.75458679686548,0.8131760473870755,3,152.86737150139692,154.4644500523511,153.93193883684845,153.665910776874,1.1293050734672856,2,-0.17282187308536034,0.5288792122093969
16,35B-A3B,vllm_baseline,16,interactivity,derived_p90,tokens/s/user,154.13910249837997,0.7009535919602932,3,153.37391524649672,154.75017432951535,154.2932179191278,154.06204478800603,0.9731621302720488,2,-0.14982715004553393,0.4547539077358131
16,35B-A3B,vllm_baseline,16,output_token_throughput,avg,tokens/s,2312.081907430927,2.183218026499173,3,2309.5612501071646,2313.37623525976,2313.308236925856,2311.4687426834626,2.6976018715264027,2,-0.07951790483562426,0.09442650018074225
16,35B-A3B,vllm_baseline,16,time_to_first_token,p99,ms,172.81671794333332,49.53822108134805,3,140.88801568,229.88403523,147.67810292,185.38602545499998,62.929688922415544,2,25.5338616825455,28.665178734381275
16,35B-A3B,vllm_baseline,32,inter_chunk_latency,p99,ms,9.688542219999997,0.12313484107786961,3,9.57431825,9.818981230000006,9.818981230000006,9.623322714999993,0.06930277901982933,2,-1.9926559631483487,1.270932595243102
16,35B-A3B,vllm_baseline,32,inter_token_latency,p90,ms,7.669715802352941,0.053738104862478986,3,7.613761738431372,7.720923007843137,7.720923007843137,7.644112199607843,0.042922033820041956,2,-0.9948397122632513,0.7006531434449375
16,35B-A3B,vllm_baseline,32,inter_token_latency,p99,ms,7.951131631699346,0.15105359998243512,3,7.8203472415294115,8.116467673686273,7.8203472415294115,8.016523826784313,0.14134194376449208,2,2.508540595398623,1.8997748619859205
16,35B-A3B,vllm_baseline,32,interactivity,derived,tokens/s/user,125.79834615358347,2.3755070853377362,3,123.20630601930654,127.8715598061387,127.8715598061387,124.76173932730586,2.19971487953949,2,-2.4319876003292107,1.888345242979228
16,35B-A3B,vllm_baseline,32,interactivity,derived_p90,tokens/s/user,130.38719884557733,0.9144255518148542,3,129.51819348336605,131.34112076982663,129.51819348336605,130.821701526683,0.7345697382113209,2,1.0064285242554538,0.7013154358027465
16,35B-A3B,vllm_baseline,32,output_token_throughput,avg,tokens/s,3933.286793258669,1.8518182536931638,3,3931.631491600504,3935.286712470021,3932.942175705483,3933.4591020352627,2.5846314635702567,2,0.013143501904822052,0.04708068216299478
16,35B-A3B,vllm_baseline,32,time_to_first_token,p99,ms,215.11536850333334,11.249765215758206,3,206.577426,227.86283436,206.577426,219.38433975499998,11.9904020588981,2,6.1995707870810435,5.2296427233574825
16,35B-A3B,vllm_dflash,1,acceptance_length,avg,tokens,6.453485487472091,0.0,3,6.453485487472092,6.453485487472092,6.453485487472092,6.453485487472092,0.0,2,0.0,0.0
16,35B-A3B,vllm_dflash,1,inter_chunk_latency,p99,ms,12.786395366666662,1.9897400538828731,3,10.524192699999997,14.265195999999998,14.265195999999998,12.046995049999994,2.153567736183617,2,-15.549740431186532,15.561383774116683
16,35B-A3B,vllm_dflash,1,inter_token_latency,p90,ms,1.9313278355555556,0.038188485624153334,3,1.8887784188235295,1.9626285494117648,1.9626285494117648,1.915677478627451,0.03804101518979089,2,-2.392254550581452,1.9773176216438797
16,35B-A3B,vllm_dflash,1,inter_token_latency,p99,ms,2.3608798478562094,0.04117621337414712,3,2.320158148431373,2.4024960014901966,2.3599853936470594,2.361327074960785,0.058221654246235585,2,0.05685125498391397,1.7441045723498831
16,35B-A3B,vllm_dflash,1,interactivity,derived,tokens/s/user,423.6567738708747,7.385942519950601,3,416.2337832736162,431.0051022496402,423.7314360893676,423.6194427616282,10.444899815016074,2,-0.026430261765097995,1.743378832932751
16,35B-A3B,vllm_dflash,1,interactivity,derived_p90,tokens/s/user,517.9145750599687,10.32420658675559,3,509.5207650473229,529.4427287150357,509.5207650473229,522.1114800662915,10.367951268183525,2,2.471089675373528,1.9934188153635495
16,35B-A3B,vllm_dflash,1,output_token_throughput,avg,tokens/s,602.4580147680276,11.37418581584487,3,595.1438513143341,615.5622845793182,596.6679084104305,605.3530679468262,14.438012622875206,2,1.4556103008009247,1.8879632334585876
16,35B-A3B,vllm_dflash,1,time_to_first_token,p99,ms,55.01012576000002,0.20223702567375526,3,54.8063829,55.21082254000005,55.21082254000005,54.90977737000001,0.14622186174838503,2,-0.5452647798933619,0.3676359995177644
16,35B-A3B,vllm_dflash,2,acceptance_length,avg,tokens,6.6827993511258965,0.10284070173948343,3,6.566037735849057,6.759921925829538,6.566037735849057,6.741180158764315,0.026504861166475786,2,2.6673989696864187,1.5388865703734942
16,35B-A3B,vllm_dflash,2,inter_chunk_latency,p99,ms,54.83135282666665,0.6756441613202219,3,54.05123827999999,55.229220559999966,55.21359963999999,54.64022941999998,0.8329592583055742,2,-1.0384583213890353,1.232222308021606
16,35B-A3B,vllm_dflash,2,inter_token_latency,p90,ms,2.1633302081045755,0.13416974009044655,3,2.0205631709803926,2.2868165,2.2868165,2.101587062156863,0.11458508577800627,2,-8.099881990668557,6.202000026986208
16,35B-A3B,vllm_dflash,2,inter_token_latency,p99,ms,2.4418814912026146,0.12976932435297006,3,2.2979845232156864,2.5500283798039214,2.477631570588235,2.424006451509804,0.17822192014995053,2,-2.1643701878443222,5.314317046936594
16,35B-A3B,vllm_dflash,2,interactivity,derived,tokens/s/user,410.30923289878166,22.274271406516938,3,392.15249834862334,435.16394035615576,403.61125999156593,413.65821935238955,30.413682312138107,2,2.489266370079357,5.4286546878684865
16,35B-A3B,vllm_dflash,2,interactivity,derived_p90,tokens/s/user,463.4558375268369,29.17301933164795,3,437.28913098186933,494.9115248472001,437.28913098186933,476.53919079932064,25.9824039829601,2,8.975768441653464,6.2946708120725
16,35B-A3B,vllm_dflash,2,output_token_throughput,avg,tokens/s,1035.7241415775127,24.649320661450282,3,1011.5770866299785,1060.8467614370195,1011.5770866299785,1047.7976690512799,18.454203428572487,2,3.580605264791892,2.3799117614374494
16,35B-A3B,vllm_dflash,2,time_to_first_token,p99,ms,104.06190867,5.87501980980281,3,97.28887942,107.78070909,107.78070909,102.20250845999999,6.9489208288382915,2,-5.175509306903936,5.645696763484907
16,35B-A3B,vllm_dflash,4,acceptance_length,avg,tokens,6.619460533021717,0.014888537217579672,3,6.607244995233556,6.636044657097289,6.636044657097289,6.61116847098393,0.005548632617822586,2,-0.37486465807238245,0.22492070378404694
16,35B-A3B,vllm_dflash,4,inter_chunk_latency,p99,ms,58.91731436666665,4.250346225207155,3,55.39781861999998,63.63937642,57.714748059999984,59.518597519999986,5.8276614079208935,2,3.1254566997758193,7.214086845091927
16,35B-A3B,vllm_dflash,4,inter_token_latency,p90,ms,2.8246519788235296,0.0339532682151035,3,2.789939651372549,2.8577915250980395,2.8577915250980395,2.808082205686275,0.025657446366561212,2,-1.7394312697480374,1.2020336830750056
16,35B-A3B,vllm_dflash,4,inter_token_latency,p99,ms,4.0120499175555535,0.2757933657819395,3,3.8129724588235288,4.326851520352935,3.8129724588235288,4.1115886469215654,0.3044276750820469,2,7.831585234952709,6.874125981711959
16,35B-A3B,vllm_dflash,4,interactivity,derived,tokens/s/user,250.0098551085508,16.60220075217032,3,231.11493317857867,262.2625814371983,262.2625814371983,243.88349194422702,18.057468978337763,2,-7.007896205495245,6.640618524802503
16,35B-A3B,vllm_dflash,4,interactivity,derived_p90,tokens/s/user,354.0600496561687,4.259774095145217,3,349.920556211914,358.43069204311865,349.920556211914,356.12979637829596,3.253957854797687,2,1.7744713924784605,1.2031219278430105
16,35B-A3B,vllm_dflash,4,output_token_throughput,avg,tokens/s,1569.5667997086991,45.95148501633854,3,1517.966363818129,1606.0714670622517,1584.662568245716,1562.0189154401903,62.29971596106012,2,-1.4289258331250387,2.927653988658961
16,35B-A3B,vllm_dflash,4,time_to_first_token,p99,ms,162.98518703666656,60.7430518527539,3,119.95353432,232.46898183999969,232.46898183999969,128.243289635,11.723484395227434,2,-44.83423611186743,37.269062886732534
16,35B-A3B,vllm_dflash,8,acceptance_length,avg,tokens,6.50466162472307,0.04928700102734343,3,6.474824629773967,6.561550632911392,6.47760961148385,6.51818763134268,0.06132454492367906,2,0.6264350940027308,0.7577181392497381
16,35B-A3B,vllm_dflash,8,inter_chunk_latency,p99,ms,58.32111603333332,0.7198862077932267,3,57.73095852,59.1231679,57.73095852,58.61619478999999,0.7169682479204829,2,1.533382248786519,1.2343491633146682
16,35B-A3B,vllm_dflash,8,inter_token_latency,p90,ms,3.954829015947712,0.07243486753855055,3,3.8726390713725487,4.009356031764706,4.009356031764706,3.9275655080392156,0.07767771166682665,2,-2.0399915367329102,1.8315549735894887
16,35B-A3B,vllm_dflash,8,inter_token_latency,p99,ms,4.887795708052287,0.13086715108970542,3,4.777774374,5.032515297568627,4.853097452588234,4.905144835784313,0.18012903450110038,2,1.0724569968880493,2.6774267769438755
16,35B-A3B,vllm_dflash,8,interactivity,derived,tokens/s/user,204.68807891240886,5.427805600442906,3,198.7077914066417,209.30247469237236,206.0539706382125,204.00513304950704,7.491572395863938,2,-0.994320848251351,2.651744854552863
16,35B-A3B,vllm_dflash,8,interactivity,derived_p90,tokens/s/user,252.9125066934297,4.674339880070769,3,249.41661256255486,258.2218434432047,249.41661256255486,254.6604537588671,5.036565592485837,2,2.102442633005075,1.848204322191474
16,35B-A3B,vllm_dflash,8,output_token_throughput,avg,tokens/s,2398.980548792549,17.165794703702147,3,2381.6138758953807,2415.938153315816,2399.3896171664505,2398.7760146055984,24.270929323318214,2,-0.025573277322787913,0.7155453891588244
16,35B-A3B,vllm_dflash,8,time_to_first_token,p99,ms,162.7783193933333,1.9450010477261803,3,160.54425611999997,164.09472516,163.69597689999998,162.31949063999997,2.5105607345769188,2,-0.8408797125422862,1.1948772139773296
16,35B-A3B,vllm_dflash,16,acceptance_length,avg,tokens,6.505495237976258,0.08501069974747427,3,6.438245777157911,6.601046954314721,6.601046954314721,6.457719379807026,0.027539832974642933,2,-2.1712854869788467,1.3067521631745835
16,35B-A3B,vllm_dflash,16,inter_chunk_latency,p99,ms,63.92105396666667,6.778882403777477,3,58.89007635,71.6298264,58.89007635,66.43654277499999,7.344412135725112,2,12.81449590954724,10.605085465756721
16,35B-A3B,vllm_dflash,16,inter_token_latency,p90,ms,5.6136456122875815,0.19387091814219182,3,5.410823637647058,5.7971137007843145,5.410823637647058,5.715056599607843,0.11604626537278626,2,5.622673780088006,3.453565321576983
16,35B-A3B,vllm_dflash,16,inter_token_latency,p99,ms,7.118109439503268,0.5715078614781764,3,6.531640026784314,7.673377458039217,6.531640026784314,7.411344145862746,0.37057106387350847,2,13.468349686618165,8.028927713677563
16,35B-A3B,vllm_dflash,16,interactivity,derived,tokens/s/user,141.09841238876973,11.439379527348189,3,130.32071020464704,153.1009051171371,153.1009051171371,135.09716602458604,6.754928600633639,2,-11.759394288868796,8.107376499622946
16,35B-A3B,vllm_dflash,16,interactivity,derived_p90,tokens/s/user,178.2798984327225,6.192135373950162,3,172.4996354418072,184.81474669443455,184.81474669443455,175.01247430186646,3.5536907959539756,2,-5.303836716436261,3.473266155290575
16,35B-A3B,vllm_dflash,16,output_token_throughput,avg,tokens/s,3448.6847550527614,60.04598027483859,3,3379.64316766774,3488.7249831079266,3477.686114382617,3434.184075387833,77.13249140189552,2,-1.2508903208622746,1.7411269669361227
16,35B-A3B,vllm_dflash,16,time_to_first_token,p99,ms,409.65711016999995,378.05652102358545,3,191.24141902,846.19914657,846.19914657,191.38609197,0.20459844799852517,2,-77.3828545271207,92.28608795943983
16,35B-A3B,vllm_dflash,32,acceptance_length,avg,tokens,6.556716245300066,0.04940614683733917,3,6.510490879198309,6.608783703291904,6.5508741534099855,6.559637291245107,0.06950352245855777,2,0.13377051107843485,0.7535196733998378
16,35B-A3B,vllm_dflash,32,inter_chunk_latency,p99,ms,120.23182122333333,9.459568283248366,3,109.9848794,128.63150482,109.9848794,125.355292135,4.633264412345779,2,13.975023493093008,7.8677742605903
16,35B-A3B,vllm_dflash,32,inter_token_latency,p90,ms,12.593300295424838,0.34088023544137136,3,12.301864527450983,12.96814310117647,12.301864527450983,12.739018179411765,0.32403157183732095,2,3.5535560563628055,2.7068379808683956
16,35B-A3B,vllm_dflash,32,inter_token_latency,p99,ms,16.822147626091507,0.4789207627214597,3,16.29744821384315,17.23576858545098,17.23576858545098,16.615337146411772,0.44956283976685063,2,-3.5996737596194373,2.8469656393850897
16,35B-A3B,vllm_dflash,32,interactivity,derived,tokens/s/user,59.477890638359305,1.7097994923649016,3,58.01888062271374,61.35929912945476,58.01888062271374,60.20739564618209,1.6290375285890206,2,3.7720738490283345,2.8746807830844525
16,35B-A3B,vllm_dflash,32,interactivity,derived_p90,tokens/s/user,79.4457554179612,2.131073572947421,3,77.11204234855181,81.28849068111188,81.28849068111188,78.52438778638584,1.997358072940658,2,-3.400361935085483,2.6824259669203485
16,35B-A3B,vllm_dflash,32,output_token_throughput,avg,tokens/s,3125.552172599393,85.9798612339609,3,3027.091110556668,3185.809987233465,3185.809987233465,3095.4232652823575,96.63625995924657,2,-2.8371661308526086,2.7508694939638456
16,35B-A3B,vllm_dflash,32,time_to_first_token,p99,ms,334.46435901,17.415216436535978,3,317.79257569,352.53824298000006,317.79257569,342.80025067,13.77160079508696,2,7.869181627576638,5.206897526565839
16,4B,pr2_dflash,1,acceptance_length,avg,tokens,5.746425585946337,0.0531853012034842,3,5.695547269137969,5.801651048639,5.801651048639,5.7188128546000065,0.03290250649696327,2,-1.4278382712870408,0.9255371083818794
16,4B,pr2_dflash,1,inter_chunk_latency,p99,ms,7.868472066666666,1.8586110976186365,3,6.679183889999994,10.01025236,6.679183889999994,8.463116155000002,2.187981003949439,2,26.708835905399965,23.620991240374362
16,4B,pr2_dflash,1,inter_token_latency,p90,ms,1.4256039206535949,0.16600261675488973,3,1.3204548835294116,1.616975516862745,1.3204548835294116,1.4781784392156863,0.19628870962622194,2,11.944637992075812,11.644371508096212
16,4B,pr2_dflash,1,inter_token_latency,p99,ms,1.7152280617908502,0.2270589782203757,3,1.577564590509804,1.977301501254902,1.590818093607844,1.7774330458823528,0.2826566802784205,2,11.730753693609408,13.23783019170675
16,4B,pr2_dflash,1,interactivity,derived,tokens/s/user,589.4118725529927,72.51026430541857,3,505.7397667302362,633.8884670813011,628.6073838474408,569.8141169057686,90.61481501848088,2,-9.3529392833128,12.302138399646733
16,4B,pr2_dflash,1,interactivity,derived_p90,tokens/s/user,707.4555600096655,77.27645653318191,3,618.4385536895446,757.3147802877781,757.3147802877781,682.5259498706093,90.6332648564393,2,-9.875527635780356,10.923153467353643
16,4B,pr2_dflash,1,output_token_throughput,avg,tokens/s,844.9094664181256,89.4116414322466,3,741.9350396925217,902.8497568770554,902.8497568770554,815.9393211886606,104.65785856551604,2,-9.626234600651241,10.582393142225596
16,4B,pr2_dflash,1,time_to_first_token,p99,ms,44.532935333333334,4.872996958845116,3,40.75294910000001,50.0326206,40.75294910000001,46.42292845,5.1048755945217055,2,13.913052859283725,10.942456234627835
16,4B,pr2_dflash,2,acceptance_length,avg,tokens,5.568224881833316,0.17889537609789236,3,5.3617131062951495,5.67574931880109,5.66721222040371,5.51873121254812,0.2220571354010906,2,-2.620000841348624,3.2127900703427006
16,4B,pr2_dflash,2,inter_chunk_latency,p99,ms,36.651911043333335,0.33631190467202426,3,36.27049868,36.90585608999999,36.77937836,36.588177384999995,0.44926553308811723,2,-0.5198591806759634,0.9175835450282653
16,4B,pr2_dflash,2,inter_token_latency,p90,ms,1.5575137928104574,0.12476383158422392,3,1.4567696121568627,1.6970709223529412,1.5187008439215686,1.576920267254902,0.16991868596765908,2,3.8335017437008956,8.01044794339148
16,4B,pr2_dflash,2,inter_token_latency,p99,ms,1.8670041540653592,0.10373766324636481,3,1.7567221869019607,1.9626410456470589,1.8816492296470584,1.8596816162745098,0.14560662139285374,2,-1.1674659137542398,5.556370242694875
16,4B,pr2_dflash,2,interactivity,derived,tokens/s/user,536.736057389011,30.21125202321499,3,509.5175209027142,569.2419709023736,531.4486803619452,539.3797459025438,42.23156359739605,2,1.4923483364747803,5.628698055088693
16,4B,pr2_dflash,2,interactivity,derived_p90,tokens/s/user,644.7194779527482,50.034984518336415,3,589.2505650933716,686.4503430432084,658.4575257216646,637.85045406829,68.73062211815622,2,-3.1295977110732287,7.760737224384511
16,4B,pr2_dflash,2,output_token_throughput,avg,tokens/s,1472.8657155090866,42.66094011547716,3,1425.4715904541451,1508.194781055976,1484.930775017138,1466.8331857550606,58.49412903594189,2,-1.2187496930197717,2.896458221972509
16,4B,pr2_dflash,2,time_to_first_token,p99,ms,73.92975406333333,16.583903784626212,3,54.78035704,83.54064607999999,83.54064607999999,69.124308055,20.28541006342832,2,-17.256675284980016,22.43197477759671
16,4B,pr2_dflash,4,acceptance_length,avg,tokens,5.486714654971408,0.06625010823800263,3,5.418604651162791,5.550933333333333,5.550933333333333,5.454605315790445,0.05091262817087371,2,-1.7353481254123282,1.2074640728395574
16,4B,pr2_dflash,4,inter_chunk_latency,p99,ms,37.978130153333325,0.7437312560290473,3,37.12001718,38.43664465999999,38.37772861999999,37.778330919999995,0.9309962194045512,2,-1.5618373508629935,1.9583145695333037
16,4B,pr2_dflash,4,inter_token_latency,p90,ms,1.9593600815686276,0.06635555616185414,3,1.9043445858823538,2.0330525807843136,1.9043445858823538,1.9868678294117648,0.065315101765888,2,4.333419704668362,3.3865932447052356
16,4B,pr2_dflash,4,inter_token_latency,p99,ms,2.3170130784182987,0.10826595057023888,3,2.2496569079607838,2.44189903490196,2.259483292392153,2.345777971431372,0.13593571158983064,2,3.819221825174779,4.672651681541059
16,4B,pr2_dflash,4,interactivity,derived,tokens/s/user,432.2028769490737,19.670013519036797,3,409.51734109684406,444.51222604715167,442.5790637032253,427.0147835719979,24.745120455205548,2,-3.5167230914619485,4.551106567796981
16,4B,pr2_dflash,4,interactivity,derived_p90,tokens/s/user,510.75624267590837,17.077869532736102,3,491.8711938154687,525.1150487224783,525.1150487224783,503.57683965262333,16.554283099240244,2,-4.101617183178041,3.3436438178931023
16,4B,pr2_dflash,4,output_token_throughput,avg,tokens/s,2383.9289775372395,23.813482446373666,3,2365.556910955069,2410.833146264904,2375.3968753917457,2388.1950286099864,32.015133014182204,2,0.5387795761973457,0.9989174455597503
16,4B,pr2_dflash,4,time_to_first_token,p99,ms,108.78757658666662,27.067844258863406,3,88.16528754999999,139.43856104999998,139.43856104999998,93.46208435499994,7.490801878765417,2,-32.97256967426231,24.8813744254148
16,4B,pr2_dflash,8,acceptance_length,avg,tokens,5.52262390643073,0.05380218203278122,3,5.4663246514075245,5.573521505376344,5.4663246514075245,5.5507735339423325,0.03217048971845453,2,1.544893286077742,0.9742141225682984
16,4B,pr2_dflash,8,inter_chunk_latency,p99,ms,39.485514519999995,1.5887722912935767,3,38.30380348999999,41.29163407,41.29163407,38.58245474499999,0.39407238399328337,2,-6.561085280391776,4.023683901823896
16,4B,pr2_dflash,8,inter_token_latency,p90,ms,2.703537768862642,0.06510617641232666,3,2.66568153992126,2.7787152713725485,2.666216495294117,2.722198405646904,0.0799269180120253,2,2.099676093505365,2.4081844597168818
16,4B,pr2_dflash,8,inter_token_latency,p99,ms,3.5262356174379073,0.2729429686799003,3,3.287349102666666,3.823717603607841,3.287349102666666,3.6456788748235276,0.2517847848744405,2,10.900265258295438,7.7403497182702505
16,4B,pr2_dflash,8,interactivity,derived,tokens/s/user,284.7008731847156,21.572114407099797,3,261.52558940452536,304.19647222402074,304.19647222402074,274.953073665063,18.98933034980356,2,-9.61332600117133,7.577115646253632
16,4B,pr2_dflash,8,interactivity,derived_p90,tokens/s/user,370.02681416825027,8.788742233759251,3,359.87854182197276,375.1385846448629,375.0633160379152,367.5085632334178,10.790479761262704,2,-2.0142606545220376,2.37516360902511
16,4B,pr2_dflash,8,output_token_throughput,avg,tokens/s,3665.6417114466662,60.36533263954481,3,3623.696268283557,3734.826550105473,3623.696268283557,3686.614433028221,68.18222984136936,2,1.736297969985956,1.6467875856781784
16,4B,pr2_dflash,8,time_to_first_token,p99,ms,110.21590334333332,12.664444257201849,3,95.68213038,118.88465677,118.88465677,105.88152663,14.424124504767292,2,-10.937601615956627,11.490577922997977
16,4B,pr2_dflash,16,acceptance_length,avg,tokens,5.571854235577706,0.02192306176195967,3,5.549899799599198,5.593745787842027,5.571917119291893,5.571822793720613,0.03100379561433005,2,-0.0016928746293332075,0.39346079123849553
16,4B,pr2_dflash,16,inter_chunk_latency,p99,ms,40.36036458666666,1.5427879986855757,3,38.85954355999999,41.94194716,41.94194716,39.569573299999995,1.0041336879962468,2,-5.656327425500485,3.8225323643266766
16,4B,pr2_dflash,16,inter_token_latency,p90,ms,3.8424666660130726,0.1244746116528207,3,3.7036547215686295,3.9441582698039217,3.9441582698039217,3.791620864117648,0.12440291182246706,2,-3.8674260831286777,3.2394454518970504
16,4B,pr2_dflash,16,inter_token_latency,p99,ms,5.089831128588236,0.15781238165041833,3,4.968939496392157,5.268360210862746,5.032193678509803,5.118649853627452,0.21172241762987445,2,1.7180613593404281,3.1005425850776835
16,4B,pr2_dflash,16,interactivity,derived,tokens/s/user,196.59435318119583,6.008010558556787,3,189.8123818371637,201.25018642832725,198.72049127809652,195.5312841327455,8.087749188298357,2,-1.6048708036293657,3.0560443173153415
16,4B,pr2_dflash,16,interactivity,derived_p90,tokens/s/user,260.43416243735237,8.551725933970848,3,253.53952138683158,270.00357084487194,253.53952138683158,263.88148296261284,8.657939713130832,2,4.079033327511206,3.283642151220454
16,4B,pr2_dflash,16,output_token_throughput,avg,tokens/s,5351.843712267976,200.766507011417,3,5233.854809081683,5583.6564336743495,5238.019894047898,5408.755621378016,247.34710081954546,2,3.259547133910856,3.7513522031893793
16,4B,pr2_dflash,16,time_to_first_token,p99,ms,122.78783882333333,2.520478750788688,3,119.98290352,124.86266545,124.86266545,121.75042551,2.4996535700506906,2,-2.4925304363667133,2.0527104108535887
16,4B,pr2_dflash,32,acceptance_length,avg,tokens,5.635240907090534,0.03590261298327192,3,5.609058362604701,5.676168367869457,5.609058362604701,5.648332179333449,0.03936631535239588,2,0.7001855603889773,0.6371087514306178
16,4B,pr2_dflash,32,inter_chunk_latency,p99,ms,52.257688306666665,2.19183600413564,3,50.49362664,54.71140928,50.49362664,53.13971914,2.2227055118360624,2,5.240448500294126,4.194284276933891
16,4B,pr2_dflash,32,inter_token_latency,p90,ms,6.373734048366013,0.151066630836016,3,6.255671310980392,6.543972518823529,6.321558315294118,6.399821914901961,0.20385973909015448,2,1.238042832231634,2.370143305159459
16,4B,pr2_dflash,32,inter_token_latency,p99,ms,8.28823822423298,0.26795925389648856,3,8.022888074855798,8.558732511725495,8.283094086117648,8.290810293290647,0.37889923497164885,2,0.09315609713924644,3.2330061787200424
16,4B,pr2_dflash,32,interactivity,derived,tokens/s/user,120.73698587553832,3.9018398483881893,3,116.83973048929808,124.64339408324275,120.72783305407413,120.74156228627041,5.51802344537686,2,0.0113720522011862,3.231685651330073
16,4B,pr2_dflash,32,interactivity,derived_p90,tokens/s/user,156.95205579563228,3.680580871694847,3,152.81237766869157,159.85494606226032,158.18884365594494,156.33366186547596,4.979847868062529,2,-1.1727639873921336,2.3450351465847263
16,4B,pr2_dflash,32,output_token_throughput,avg,tokens/s,6651.2043017275255,82.66020732474503,3,6558.805568367768,6718.129628701297,6676.677708113512,6638.467598534533,112.65912346801389,2,-0.5722922574583178,1.2427855704759452
16,4B,pr2_dflash,32,time_to_first_token,p99,ms,171.12963312000008,5.712300862845124,3,166.23516962000002,177.40616656000006,169.7475631800001,171.82066809000003,7.899087688888188,2,1.2212869929694392,3.3379963240145125
16,4B,sglang_baseline,1,inter_chunk_latency,p99,ms,3.2189715199999847,0.38723958923770563,3,2.97279251,3.665327819999955,2.97279251,3.3420610249999774,0.457168285753851,2,12.42160405604551,12.02991660012287
16,4B,sglang_baseline,1,inter_token_latency,p90,ms,2.3645857796078427,0.040057744070707633,3,2.318697621568627,2.39256280745098,2.318697621568627,2.3875298586274507,0.007117664484965059,2,2.968573237775507,1.6940702433451602
16,4B,sglang_baseline,1,inter_token_latency,p99,ms,2.416059907529412,0.05968181084767648,3,2.3658991356470587,2.4820651180784314,2.3658991356470587,2.441140293470588,0.05787644199815218,2,3.1802352302289227,2.4702123760128636
16,4B,sglang_baseline,1,interactivity,derived,tokens/s/user,414.0639553264029,10.137415805609255,3,402.89031609862894,422.67228764446304,422.67228764446304,409.7597891673728,9.714901980174208,2,-3.0549668985991763,2.448272947984091
16,4B,sglang_baseline,1,interactivity,derived_p90,tokens/s/user,422.9887232508009,7.231604260406383,3,417.9618595113886,431.2765885029407,431.2765885029407,418.844790624731,1.2486531551300104,2,-2.8825580172026743,1.7096446933216654
16,4B,sglang_baseline,1,output_token_throughput,avg,tokens/s,406.5027809576511,7.132949145684428,3,401.5398439104578,414.67686798366975,414.67686798366975,402.41573744464176,1.2387005152378368,2,-2.9567915371423226,1.7547110326970994
16,4B,sglang_baseline,1,time_to_first_token,p99,ms,33.46140207000003,6.892990573933077,3,28.799998390000027,41.37930409000003,28.799998390000027,35.79210391000003,7.901494270249406,2,24.278145523882433,20.599825911398433
16,4B,sglang_baseline,2,inter_chunk_latency,p99,ms,3.362062880000002,0.08449836713062897,3,3.264687710000004,3.41609193,3.264687710000004,3.410750465000001,0.007553972245939776,2,4.474019201058499,2.513289315119202
16,4B,sglang_baseline,2,inter_token_latency,p90,ms,2.37582913372549,0.0486479477515808,3,2.3202074949019607,2.4104442011764706,2.3202074949019607,2.4036399531372545,0.009622659858809458,2,3.595905039468006,2.0476197998000356
16,4B,sglang_baseline,2,inter_token_latency,p99,ms,2.396782535921569,0.059590160350900784,3,2.336312513529412,2.455452024509804,2.336312513529412,2.4270175471176474,0.040212423566979724,2,3.8824015649862487,2.486256448292595
16,4B,sglang_baseline,2,interactivity,derived,tokens/s/user,417.3982421856494,10.392476644451213,3,407.2569897592016,428.0249299736548,428.0249299736548,412.0848982916466,6.827693724480576,2,-3.7240895484731085,2.4898228104728988
16,4B,sglang_baseline,2,interactivity,derived_p90,tokens/s/user,421.02465936175275,8.715320070011193,3,414.8612938278878,430.9959355778456,430.9959355778456,416.03902125370627,1.6655580983712601,2,-3.4703144715474643,2.0700260367701686
16,4B,sglang_baseline,2,output_token_throughput,avg,tokens/s,790.3247016370051,16.977696311890348,3,779.7966997393352,809.9104711250523,809.9104711250523,780.5318168929816,1.0396126486198043,2,-3.6273952837355683,2.148192543738583
16,4B,sglang_baseline,2,time_to_first_token,p99,ms,52.053584906666664,4.205215837255861,3,47.31715788,55.34836979,55.34836979,50.406192465000004,4.368554604746543,2,-8.929219313507076,8.07862867619188
16,4B,sglang_baseline,4,inter_chunk_latency,p99,ms,3.5384692633333312,0.16268006275774138,3,3.3680512199999977,3.692111249999998,3.3680512199999977,3.6236782849999982,0.09677882721640327,2,7.589761802969286,4.597469997647866
16,4B,sglang_baseline,4,inter_token_latency,p90,ms,2.4514769964705883,0.04841569475830315,3,2.395585629411765,2.4805162133333334,2.395585629411765,2.47942268,0.0015464896709073046,2,3.49964741643658,1.9749601904487633
16,4B,sglang_baseline,4,inter_token_latency,p99,ms,2.460011902601513,0.04753676444155396,3,2.405385201294735,2.491982140823529,2.405385201294735,2.4873252532549017,0.006585833557999332,2,3.4065251551419484,1.932379448704409
16,4B,sglang_baseline,4,interactivity,derived,tokens/s/user,406.6044114689409,7.942057825814248,3,401.2869850140774,415.7338290190423,415.7338290190423,402.03970269389015,1.064503551429256,2,-3.2939648807181587,1.9532640575939533
16,4B,sglang_baseline,4,interactivity,derived_p90,tokens/s/user,408.0246701089887,8.151060601227263,3,403.1418922499981,417.43446267272424,417.43446267272424,403.3197738271209,0.2515625388634252,2,-3.3812945762145885,1.9976881787687024
16,4B,sglang_baseline,4,output_token_throughput,avg,tokens/s,1538.6237281620959,30.203582571992477,3,1519.7335503703798,1573.4583284244843,1573.4583284244843,1521.2064280309014,2.082963563226229,2,-3.3208315371086483,1.9630259184986711
16,4B,sglang_baseline,4,time_to_first_token,p99,ms,51.54744743999999,2.5755753232356264,3,49.23862305,54.32530833999999,51.07841093,51.781965695,3.5968296623208538,2,1.3774014347552432,4.996513796795729
16,4B,sglang_baseline,8,inter_chunk_latency,p99,ms,4.023936910000007,0.04897419083689471,3,3.967651590000016,4.056817020000005,3.967651590000016,4.052079570000003,0.006699766041067447,2,2.12790811100394,1.2170715379554653
16,4B,sglang_baseline,8,inter_token_latency,p90,ms,2.5643424113015283,0.02719552406206998,3,2.5329448417477223,2.5805321121568627,2.5329448417477223,2.5800411960784313,0.0006942601761047507,2,1.859351753519145,1.0605262363643133
16,4B,sglang_baseline,8,inter_token_latency,p99,ms,2.568127162651176,0.028759509630793344,3,2.5351029567450984,2.587665940745098,2.5351029567450984,2.584639265604215,0.004280365033134324,2,1.95401566343949,1.1198631457604227
16,4B,sglang_baseline,8,interactivity,derived,tokens/s/user,389.42157737018533,4.38797823710835,3,386.4486463473171,394.4612968634349,394.4612968634349,386.90171762356056,0.6407395435851928,2,-1.9164311682754231,1.1267938121818877
16,4B,sglang_baseline,8,interactivity,derived_p90,tokens/s/user,389.9929446258618,4.161420996379958,3,387.51697577759614,394.7973850508343,394.7973850508343,387.59072441337554,0.1042963209257348,2,-1.8254073887877476,1.0670503284032997
16,4B,sglang_baseline,8,output_token_throughput,avg,tokens/s,2942.6792647625025,31.33993894355921,3,2921.894610456159,2978.7268132557906,2978.7268132557906,2924.6554905158587,3.9044740245124765,2,-1.815249471663738,1.0650137552822494
16,4B,sglang_baseline,8,time_to_first_token,p99,ms,49.96325668,1.8154656347049989,3,47.9464523,51.46692702,47.9464523,50.97165887,0.700414934741434,2,6.309552479652392,3.633601481049411
16,4B,sglang_baseline,16,inter_chunk_latency,p99,ms,5.107935313333329,0.06421463516973691,3,5.043735559999998,5.172164819999997,5.172164819999997,5.075820559999997,0.04537504214873844,2,-1.8627453562085172,1.2571544318918129
16,4B,sglang_baseline,16,inter_token_latency,p90,ms,2.709647478562091,0.029138422418298237,3,2.6804603745098037,2.738736974117647,2.6804603745098037,2.724241030588235,0.020500359938688446,2,1.6333259948466239,1.0753584238847524
16,4B,sglang_baseline,16,inter_token_latency,p99,ms,2.7280222381568624,0.044140289155733044,3,2.692122341490196,2.777305287058823,2.692122341490196,2.745972186490196,0.04431169577535328,2,2.000274808097746,1.6180326002604588
16,4B,sglang_baseline,16,interactivity,derived,tokens/s/user,366.6294945185152,5.893185984708689,3,360.06124521478296,371.4541440365821,371.4541440365821,364.2171697594817,5.877364855312181,2,-1.9482820136171863,1.6073954967665802
16,4B,sglang_baseline,16,interactivity,derived_p90,tokens/s/user,369.0801530619974,3.9693784607296125,3,365.13181420869205,373.0702417799695,373.0702417799695,367.0851087030113,2.7623755651750628,2,-1.604291204895425,1.0754787077545302
16,4B,sglang_baseline,16,output_token_throughput,avg,tokens/s,5584.931455088391,35.650846925830784,3,5557.609622375542,5625.259223141957,5625.259223141957,5564.767571061608,10.122868110605523,2,-1.075357591193138,0.6383399189859269
16,4B,sglang_baseline,16,time_to_first_token,p99,ms,49.93403678333333,5.28168628122647,3,43.83527309,52.98800479999999,43.83527309,52.983418629999996,0.006485823813343044,2,20.869370475273552,10.577326852511467
16,4B,sglang_baseline,32,inter_chunk_latency,p99,ms,7.806979333333338,0.07640812047854519,3,7.718757340000007,7.852018120000004,7.718757340000007,7.8510903300000034,0.001312093201033797,2,1.7144338676670534,0.978715546899255
16,4B,sglang_baseline,32,inter_token_latency,p90,ms,2.961079551895425,0.026614759583833563,3,2.9316911894117648,2.9835575972549027,2.9316911894117648,2.975773733137255,0.011008046202846268,2,1.5036557699085407,0.8988194716618509
16,4B,sglang_baseline,32,inter_token_latency,p99,ms,3.027087775499408,0.030347815099635054,3,2.997173999753126,3.0578517629411763,2.997173999753126,3.042044663372549,0.022354614591734552,2,1.4970990547468643,1.0025416291282891
16,4B,sglang_baseline,32,interactivity,derived,tokens/s/user,330.37264151988074,3.310895091398743,3,327.0269710648616,333.6476294277105,333.6476294277105,328.7351475659658,2.415726374788627,2,-1.4723562910280097,1.0021698758610749
16,4B,sglang_baseline,32,interactivity,derived_p90,tokens/s/user,337.7329183844267,3.0456258705255452,3,335.1703352132619,341.10004614798703,341.10004614798703,336.04935450264657,1.2431210006353035,2,-1.480706819708022,0.9017853175504917
16,4B,sglang_baseline,32,output_token_throughput,avg,tokens/s,9638.419969405097,34.61918534478006,3,9598.445746623858,9658.591820377747,9658.222341213685,9628.518783500804,42.52969661312188,2,-0.30754684105924746,0.35917905066048733
16,4B,sglang_baseline,32,time_to_first_token,p99,ms,134.54913059666669,69.30380998973146,3,71.3260993,208.64775387,208.64775387,97.49981896,37.01522932092332,2,-53.27061175997696,51.50818119923875
16,4B,sglang_dflash,1,acceptance_length,avg,tokens,5.599397513952309,0.12287822912998692,3,5.457534246575342,5.672602739726028,5.672602739726028,5.562794901065448,0.14886104516417667,2,-1.9357576001502896,2.1944901897713973
16,4B,sglang_dflash,1,inter_chunk_latency,p99,ms,8.242953203333316,0.877660240648102,3,7.672441999999999,9.253588170000016,7.802829439999936,8.463015085000007,1.1180391788541495,2,8.460849363382694,10.647400500747601
16,4B,sglang_dflash,1,inter_token_latency,p90,ms,1.1181697655375433,0.03949667916209136,3,1.0728103364705883,1.1449579239215686,1.1449579239215686,1.1047756863455305,0.0452058313191443,2,-3.5094946929063453,3.5322614131946164
16,4B,sglang_dflash,1,inter_token_latency,p99,ms,1.4300018752156871,0.123402430541265,3,1.3165832644705888,1.5614127462745098,1.4120096149019628,1.4389980053725493,0.17312058681794096,2,1.9113460833239726,8.629529281047427
16,4B,sglang_dflash,1,interactivity,derived,tokens/s/user,702.7326356834811,59.736733294681756,3,640.4456492275818,759.5417828754719,708.2104749473898,699.9937160515269,84.21368371552244,2,-1.1602142564289597,8.50063456019536
16,4B,sglang_dflash,1,interactivity,derived_p90,tokens/s/user,895.0778639904778,32.24402928080298,3,873.3945406263693,932.1312127639213,873.3945406263693,905.9195256725318,37.068923377322825,2,3.723973935403424,3.6023714335925083
16,4B,sglang_dflash,1,output_token_throughput,avg,tokens/s,1095.3610482325537,7.681803574512632,3,1088.0976533202377,1103.4021024352453,1094.583388942178,1095.7498778777415,10.82187975154635,2,0.10656921595446622,0.7013033361837899
16,4B,sglang_dflash,1,time_to_first_token,p99,ms,33.04100248333336,2.551436582647328,3,30.42387011000003,35.52123084000001,30.42387011000003,34.34956867000002,1.6569805313334776,2,12.90335038180974,7.722031387922722
16,4B,sglang_dflash,2,acceptance_length,avg,tokens,5.285701441633756,0.15901760371997906,3,5.168522046385037,5.466718016575569,5.221864261940662,5.317620031480303,0.2108563926442259,2,1.8337468140938062,3.0084484618720415
16,4B,sglang_dflash,2,inter_chunk_latency,p99,ms,22.692705043333333,0.1506172950119168,3,22.520301720000003,22.79874077,22.79874077,22.639687180000003,0.16883653668214962,2,-0.6976419952512858,0.6637256101654799
16,4B,sglang_dflash,2,inter_token_latency,p90,ms,1.3592104457516339,0.08374274451506183,3,1.2779025541176472,1.4451922784313724,1.2779025541176472,1.3998643915686273,0.06410331235500717,2,9.54390748011229,6.1611316170214305
16,4B,sglang_dflash,2,inter_token_latency,p99,ms,1.6504091309542481,0.024736260286565274,3,1.6274740680784312,1.676620126745098,1.676620126745098,1.6373036330588233,0.013901104107498154,2,-2.3449851912848985,1.4987956514917635
16,4B,sglang_dflash,2,interactivity,derived,tokens/s/user,606.0008611707425,9.057126407607404,3,596.4380267469098,614.449114498461,596.4380267469098,610.7822783826587,5.18568936596699,2,2.404986099559281,1.494573190887848
16,4B,sglang_dflash,2,interactivity,derived_p90,tokens/s/user,737.5805468213506,45.295237267507375,3,691.9494484743657,782.5322805544196,782.5322805544196,715.104679954816,32.746442399541394,2,-8.616590302425797,6.141056385327681
16,4B,sglang_dflash,2,output_token_throughput,avg,tokens/s,1819.2818907967455,33.84705517145595,3,1790.2552758390275,1856.4604770484736,1811.1299195027357,1823.3578764437507,46.81414672501928,2,0.6751562551830848,1.860462380386406
16,4B,sglang_dflash,2,time_to_first_token,p99,ms,56.46562151333333,0.19307820292726302,3,56.24285486,56.58478019,56.58478019,56.406042174999996,0.23078171408024295,2,-0.3158764855140106,0.34193939206295837
16,4B,sglang_dflash,4,acceptance_length,avg,tokens,5.299832455624477,0.011556512488633234,3,5.2870575580656745,5.309559736012135,5.302880072795622,5.298308647038905,0.015911442617408584,2,-0.0862064707095489,0.21805429861030456
16,4B,sglang_dflash,4,inter_chunk_latency,p99,ms,23.765463886666666,0.2446384320422815,3,23.5370129,24.02358369,23.73579507,23.780298295,0.3440575051362931,2,0.1874941406797337,1.0293863111989705
16,4B,sglang_dflash,4,inter_token_latency,p90,ms,1.5146134848366015,0.05404158785073029,3,1.4607495678431373,1.568831008235294,1.5142598784313728,1.5147902880392157,0.07642511942170373,2,0.03502764719569562,3.568011799166067
16,4B,sglang_dflash,4,inter_token_latency,p99,ms,1.9681195115686263,0.04224299285691376,3,1.933772787843137,2.015287829215685,2.015287829215685,1.944535352745097,0.015220565250272544,2,-3.5107876624314915,2.1463631963714107
16,4B,sglang_dflash,4,interactivity,derived,tokens/s/user,508.2539621486746,10.81426714251248,3,496.207035790606,517.123834964792,496.207035790606,514.2774253277089,4.025431112832358,2,3.641703610330982,2.1277290386078853
16,4B,sglang_dflash,4,interactivity,derived_p90,tokens/s/user,660.795317033667,23.58400900322883,3,637.417283793271,684.5800416539196,660.3886256538102,660.9986627235953,33.34910590272372,2,0.0923754659131415,3.569033919474227
16,4B,sglang_dflash,4,output_token_throughput,avg,tokens/s,3097.5011556055556,17.526319256867357,3,3077.2998857289317,3108.6522134218126,3106.551367665921,3092.976049575372,22.16944351761884,2,-0.4369899764686269,0.5658212338403791
16,4B,sglang_dflash,4,time_to_first_token,p99,ms,61.07640320333332,5.047675557440924,3,57.68085793,66.87682532,57.68085793,62.774175839999984,5.802022536278934,2,8.830170168725825,8.264526548225815
16,4B,sglang_dflash,8,acceptance_length,avg,tokens,5.218076048093375,0.22449808022798898,3,5.08569241328655,5.477284232555523,5.091251498438052,5.281488322921037,0.27689723086226786,2,3.7365434518673357,4.302315224210234
16,4B,sglang_dflash,8,inter_chunk_latency,p99,ms,30.66146782333333,3.4993204882346505,3,28.51712841,34.69954383999998,28.767731220000005,31.608336124999994,4.371627874665333,2,9.874275045454862,11.412762456113315
16,4B,sglang_dflash,8,inter_token_latency,p90,ms,2.3303220856209146,0.08069568788858651,3,2.238151325882353,2.3882483831372543,2.3882483831372543,2.3013589368627447,0.08938906069367271,2,-3.638208106326435,3.462855559174136
16,4B,sglang_dflash,8,inter_token_latency,p99,ms,2.870067671568627,0.19580761251686934,3,2.740554980352941,3.095324697019607,3.095324697019607,2.7574391588431366,0.02387783421036291,2,-10.91599658355099,6.8224040309771254
16,4B,sglang_dflash,8,interactivity,derived,tokens/s/user,349.46857767468026,22.9712614871313,3,323.06788394861104,364.8895961471335,323.06788394861104,362.6689245377149,3.140503907616696,2,12.257807896312901,6.573197979623567
16,4B,sglang_dflash,8,interactivity,derived_p90,tokens/s/user,429.4749072573784,15.147469722871492,3,418.7169169926867,446.79731367393896,418.7169169926867,434.8539023897242,16.89053421913636,2,3.853912928318426,3.526974327697758
16,4B,sglang_dflash,8,output_token_throughput,avg,tokens/s,4291.2672060203395,188.18201682669365,3,4114.66984640133,4489.2130512681615,4269.918720391525,4301.941448834746,264.842040008679,2,0.7499610774859056,4.3852318625763465
16,4B,sglang_dflash,8,time_to_first_token,p99,ms,70.95815835,9.264574542214268,3,62.68362475,80.96751266,62.68362475,75.09542515,8.304385796083658,2,19.80070624425718,13.056390917753106
16,4B,sglang_dflash,16,acceptance_length,avg,tokens,5.5889845753564265,0.01688845870993669,3,5.576035259014091,5.608086839884177,5.58283162717101,5.592061049449134,0.022663890180986735,2,0.16531794068812555,0.30217400821614654
16,4B,sglang_dflash,16,inter_chunk_latency,p99,ms,47.27378093333332,3.605593486045815,3,43.50576496999996,50.69136192,50.69136192,45.564990439999974,2.9121845876581403,2,-10.112909351479548,7.627046990657494
16,4B,sglang_dflash,16,inter_token_latency,p90,ms,3.652694708627451,0.14672502076299965,3,3.5628339462745093,3.8220116415686274,3.573238538039216,3.692422793921568,0.18326630587477147,2,3.335468780311346,4.016898001807919
16,4B,sglang_dflash,16,inter_token_latency,p99,ms,4.974114356196079,0.25486606977187226,3,4.688619841411764,5.178719313529412,4.688619841411764,5.116861613588236,0.08747999819401645,2,9.133642450472724,5.12384821740969
16,4B,sglang_dflash,16,interactivity,derived,tokens/s/user,201.40136592580325,10.55709667036417,3,193.09793395975305,213.2823802790749,213.2823802790749,195.46085874916744,3.341680284057424,2,-8.355833944927117,5.241819796919069
16,4B,sglang_dflash,16,interactivity,derived_p90,tokens/s/user,274.058645466863,10.760613519901915,3,261.64232184012417,280.6754440648725,279.85817049559233,271.15888295249835,13.45844979227195,2,-3.108462950246793,3.926390828346629
16,4B,sglang_dflash,16,output_token_throughput,avg,tokens/s,5765.821318495963,137.26131049664653,3,5612.407792157279,5877.008290648202,5808.047872682408,5744.7080414027405,187.10080678827262,2,-1.090552844400261,2.3806029169917404
16,4B,sglang_dflash,16,time_to_first_token,p99,ms,73.70653879333334,8.537980763076416,3,65.5880576,82.60982861,82.60982861,69.254893885,5.185689605248779,2,-16.16627821375648,11.583749424208026
16,4B,sglang_dflash,32,acceptance_length,avg,tokens,5.542792939876072,0.012222881802476944,3,5.529099383873291,5.552600078084659,5.529099383873291,5.5496397178774615,0.0041865815545270415,2,0.3714951130030508,0.22051846307558856
16,4B,sglang_dflash,32,inter_chunk_latency,p99,ms,33.099670036666666,3.587929286364678,3,30.367345429999997,37.16287483999999,30.367345429999997,34.46583234,3.814194081796631,2,13.496362134936879,10.839773575960407
16,4B,sglang_dflash,32,inter_token_latency,p90,ms,4.35825875869281,0.06578203654866675,3,4.300937927058823,4.430081867058823,4.343756481960784,4.365509897058823,0.09131855572314898,2,0.5007972981077247,1.5093650971838355
16,4B,sglang_dflash,32,inter_token_latency,p99,ms,5.633071145503268,0.1377961872471308,3,5.511051126901962,5.782518282274509,5.605644027333334,5.646784704588235,0.1919562664333499,2,0.7339152656554271,2.4462000157255224
16,4B,sglang_dflash,32,interactivity,derived,tokens/s/user,177.59341901288602,4.315008438234022,3,172.9350347348418,181.45358788608263,178.39163441773363,177.1943113104622,6.0235266991404295,2,-0.6711767125064161,2.429711901611021
16,4B,sglang_dflash,32,interactivity,derived_p90,tokens/s/user,229.48412367135145,3.4476595913728794,3,225.72946279746975,232.5074244175027,230.21548379908194,229.11844360748623,4.7927426241474596,2,-0.47652754432153666,1.5023521175305083
16,4B,sglang_dflash,32,output_token_throughput,avg,tokens/s,9442.54265622716,238.04076980140164,3,9170.236137494689,9611.103908118315,9546.28792306848,9390.670022806502,311.74059021456185,2,-1.630140443238981,2.5209393112396343
16,4B,sglang_dflash,32,time_to_first_token,p99,ms,208.43212699000006,18.514223762112504,3,191.37530595,228.1218601700001,205.79921485000008,209.74858306000004,25.9837376742012,2,1.919039493361785,8.882615184846605
16,4B,vllm_baseline,1,inter_chunk_latency,p99,ms,3.4098770099999967,0.3286007973137131,3,3.120504929999996,3.767110299999998,3.120504929999996,3.554563049999997,0.30058720359510605,2,13.909868105864565,9.636734590427748
16,4B,vllm_baseline,1,inter_token_latency,p90,ms,2.469162629281046,0.06396495086383301,3,2.409948533333333,2.537002949019608,2.460536405490196,2.4734757411764705,0.08984103891145948,2,0.5258745880533544,2.590552363999527
16,4B,vllm_baseline,1,inter_token_latency,p99,ms,2.510638757254902,0.11085189998461051,3,2.4208012099607847,2.634519895686274,2.4765951661176464,2.527660552823529,0.15112193194277027,2,2.0619190170646062,4.4152867338754245
16,4B,vllm_baseline,1,interactivity,derived,tokens/s/user,398.81411355560664,17.2984363682432,3,379.5758011307434,413.0863764795455,403.7801630565311,396.3310888051444,23.695555070600694,2,-1.844834128303563,4.3374684546692395
16,4B,vllm_baseline,1,interactivity,derived_p90,tokens/s/user,405.1759821564572,10.445668886271124,3,394.16588001462003,414.9466207134493,406.4154457413024,404.55625036403467,14.694202666221456,2,-0.45746179106863627,2.578057275427932
16,4B,vllm_baseline,1,output_token_throughput,avg,tokens/s,387.8053918509351,10.45809080194694,3,376.42991109731474,397.00318798795433,389.9830764675363,386.71654954263454,14.547503600599743,2,-0.8376073532446404,2.6967368225676522
16,4B,vllm_baseline,1,time_to_first_token,p99,ms,37.29174933000003,11.38339458961932,3,29.016023570000037,50.27359009,29.016023570000037,41.42961221000003,12.50727346322361,2,42.781839524126,30.52523626308337
16,4B,vllm_baseline,2,inter_chunk_latency,p99,ms,3.398038596666661,0.15631168938086884,3,3.27607142,3.57424523,3.27607142,3.4590221849999923,0.16294999293693616,2,5.584455939608057,4.60005632467519
16,4B,vllm_baseline,2,inter_token_latency,p90,ms,2.5915950018300653,0.05900712950834893,3,2.5306476749019606,2.6484487494117643,2.5956885811764705,2.5895482121568625,0.08329793861694394,2,-0.2365603125173421,2.2768653847025018
16,4B,vllm_baseline,2,inter_token_latency,p99,ms,2.603088924061448,0.05789803668713582,3,2.538831934184345,2.6512006005098034,2.619234237490196,2.5950162673470745,0.07945664595161991,2,-0.9246202495553746,2.224205103097319
16,4B,vllm_baseline,2,interactivity,derived,tokens/s/user,384.28683399522197,8.622472889648957,3,377.18760315900215,393.8819212628471,381.7909775638168,385.5347622109246,11.80466553851409,2,0.9805848925494853,2.2437596417253696
16,4B,vllm_baseline,2,interactivity,derived_p90,tokens/s/user,385.9965009625318,8.811599568110786,3,377.57951715022074,395.15575791827314,385.2542278191014,386.3676375342469,12.428279034857285,2,0.28900648837741905,2.2828185090118516
16,4B,vllm_baseline,2,output_token_throughput,avg,tokens/s,716.9347747667729,13.583844786166035,3,703.3645410192884,730.532189799259,716.9075934817713,716.9483654092737,19.21042868121168,2,0.0056871942595071445,1.894711382996454
16,4B,vllm_baseline,2,time_to_first_token,p99,ms,60.88161297,5.914366146676044,3,57.12665404999999,67.69922801,57.81895685,62.41294103,7.4759387417123175,2,7.945463616575088,9.714535897053853
16,4B,vllm_baseline,4,inter_chunk_latency,p99,ms,3.620805266666666,0.2502416093255556,3,3.3444467499999986,3.8320621600000018,3.3444467499999986,3.758984524999999,0.10334738252315481,2,12.394808648097033,6.911214243673741
16,4B,vllm_baseline,4,inter_token_latency,p90,ms,2.629588314324018,0.05999880094149472,3,2.5774952272857803,2.695189741568627,2.6160799741176466,2.6363424844272036,0.08322258915785789,2,0.7745371131626433,2.281680391362648
16,4B,vllm_baseline,4,inter_token_latency,p99,ms,2.6984678598499308,0.15434412296274438,3,2.5963034234509803,2.8760171854117647,2.6230829706870464,2.7361603044313725,0.19778749787367036,2,4.310856156971221,5.719694692651551
16,4B,vllm_baseline,4,interactivity,derived,tokens/s/user,371.36561833268917,20.586470210074676,3,347.703068351738,385.1629940351156,381.2307926112138,366.4330311934268,26.48816747346042,2,-3.881575597928688,5.543450764909587
16,4B,vllm_baseline,4,interactivity,derived_p90,tokens/s/user,380.41875427441937,8.618466791218031,3,371.03139143665265,387.97356030530676,382.2513110812986,379.5024758709797,11.979922495032937,2,-0.7191172745864671,2.2655210066223503
16,4B,vllm_baseline,4,output_token_throughput,avg,tokens/s,1415.990135176022,32.35003739277449,3,1379.3126177202553,1440.4603459566702,1428.1974418511406,1409.8864818384627,43.23797329012109,2,-1.2821028434937154,2.2846230767527946
16,4B,vllm_baseline,4,time_to_first_token,p99,ms,60.08036281666666,2.221037792105946,3,58.06749119,62.46312335,59.71047390999999,60.265307269999994,3.1081813079376674,2,0.9292060901011867,3.696778261614986
16,4B,vllm_baseline,8,inter_chunk_latency,p99,ms,3.8211471166666677,0.11755772924170052,3,3.697624650000005,3.931657399999998,3.931657399999998,3.7658919750000024,0.09654457688192838,2,-4.21617165829341,3.076503616648254
16,4B,vllm_baseline,8,inter_token_latency,p90,ms,2.7126969845751634,0.0539277611145969,3,2.657389070588235,2.765129549411764,2.7155723337254902,2.7112593099999995,0.07618402318440297,2,-0.15882558795897728,1.9879758565456787
16,4B,vllm_baseline,8,inter_token_latency,p99,ms,2.7274612336601307,0.059144858667588875,3,2.6635344234117646,2.7802365705882357,2.7386127069803923,2.721885497,0.08252087964751322,2,-0.6107913666564269,2.1684949335913797
16,4B,vllm_baseline,8,interactivity,derived,tokens/s/user,366.75699812285416,8.001884076098971,3,359.68162226872033,375.4409896903392,365.14838240950286,367.5613059795298,11.143555571037075,2,0.6608063149848187,2.1817945170929076
16,4B,vllm_baseline,8,interactivity,derived_p90,tokens/s/user,368.7341408591389,7.343407604342085,3,361.64670845629405,376.30921684292235,368.24649727820037,368.97796264960823,10.367959109389517,2,0.198634712567336,1.99151822156532
16,4B,vllm_baseline,8,output_token_throughput,avg,tokens/s,2715.407471022785,75.90179907920177,3,2629.275595979232,2772.511149800577,2744.435667288546,2700.8933728899046,101.28283141408382,2,-1.5865664084471098,2.795226863341162
16,4B,vllm_baseline,8,time_to_first_token,p99,ms,79.86470120333333,14.151631644980306,3,69.03343412,95.87662741,74.68404208,82.455030765,18.981004004060228,2,10.405152785752914,17.719507406595866
16,4B,vllm_baseline,16,inter_chunk_latency,p99,ms,5.010504043333304,1.438988226802012,3,4.124214990000001,6.670840379999911,4.124214990000001,5.453648569999956,1.7213691657113919,2,32.234827311947534,28.71943050752846
16,4B,vllm_baseline,16,inter_token_latency,p90,ms,2.880788002222222,0.058258056295853754,3,2.844620645882353,2.9479933952941177,2.849749965490196,2.8963070205882353,0.07309557209895665,2,1.6337242095564308,2.0222958527636834
16,4B,vllm_baseline,16,inter_token_latency,p99,ms,3.0816891936601305,0.3772692114215617,3,2.855073044666667,3.517202014627451,2.872792521686274,3.186137529647059,0.46819588467933415,2,10.907331650141483,12.242286217497426
16,4B,vllm_baseline,16,interactivity,derived,tokens/s/user,327.5546676261427,37.46057566699376,3,284.31690754217937,350.2537358432983,348.0933594929504,317.2853216927388,46.62437842165424,2,-8.850510060027595,11.436434699123172
16,4B,vllm_baseline,16,interactivity,derived_p90,tokens/s/user,347.2208293036572,6.941516499293796,3,339.21378575552444,351.54072352231594,350.90797863313117,345.3772546389202,8.716461286162827,2,-1.576118051163855,1.9991647716569412
16,4B,vllm_baseline,16,output_token_throughput,avg,tokens/s,5036.8809145122095,184.14881191360598,3,4824.319737994006,5148.070128555642,5148.070128555642,4981.286307490493,221.98425142111049,2,-3.239734830728558,3.6560088483140096
16,4B,vllm_baseline,16,time_to_first_token,p99,ms,92.33412741,20.303340841326364,3,80.04172091,115.76900343,81.19165789,97.90536216999999,25.26300374325961,2,20.585494513049653,21.98898869880636
16,4B,vllm_baseline,32,inter_chunk_latency,p99,ms,5.576096390000001,0.9254861223319893,3,4.888457440000004,6.62835716,4.888457440000004,5.919915865,1.001887287534159,2,21.09987532181512,16.597383861436246
16,4B,vllm_baseline,32,inter_token_latency,p90,ms,3.201071689607843,0.13889540352721072,3,3.113288373921568,3.361206627843137,3.1287200670588233,3.2372475008823525,0.17530467852786996,2,3.468748609572825,4.339028206651208
16,4B,vllm_baseline,32,inter_token_latency,p99,ms,3.2953952647320257,0.18837482583299184,3,3.1826309832156863,3.5128619721568626,3.1826309832156863,3.351777405490196,0.22780797886899304,2,5.314672771255635,5.716304439986809
16,4B,vllm_baseline,32,interactivity,derived,tokens/s/user,304.0950589092542,16.828858746373054,3,284.668173109577,314.2054499166642,314.2054499166642,299.03986340554917,20.324639330789605,2,-4.826646550891256,5.534078326275929
16,4B,vllm_baseline,32,interactivity,derived_p90,tokens/s/user,312.77850213694336,13.244708840357523,3,297.51220639526497,321.203781948531,319.61951806703416,309.357994171898,16.752473730707845,2,-3.2105435729316234,4.234532984162259
16,4B,vllm_baseline,32,output_token_throughput,avg,tokens/s,8860.49390115914,417.02522591955625,3,8379.496323397325,9120.767337791838,9120.767337791838,8730.35718284279,496.1921859336574,2,-4.2804529541213725,4.706568624408178
16,4B,vllm_baseline,32,time_to_first_token,p99,ms,142.10551531666667,39.45666205975812,3,116.2621183,187.52209502,116.2621183,155.027213825,45.95470169367145,2,33.34284295850474,27.765749958285046
16,4B,vllm_dflash,1,acceptance_length,avg,tokens,5.634708429561353,0.13208067926910377,3,5.515402591884428,5.776640711902114,5.515402591884428,5.694361348399816,0.11636059176837478,2,3.24470885912691,2.344055258940628
16,4B,vllm_dflash,1,inter_chunk_latency,p99,ms,9.69535678,0.6744147741684994,3,8.973951999999997,10.310060439999994,10.310060439999994,9.388004950000003,0.585559297430597,2,-8.94325979334406,6.956059374315253
16,4B,vllm_dflash,1,inter_token_latency,p90,ms,1.9465131567320266,0.08986472899440631,3,1.875899022745098,2.0476677945098043,2.0476677945098043,1.8959358378431377,0.028336335658409467,2,-7.409988918783094,4.616702881437438
16,4B,vllm_dflash,1,inter_token_latency,p99,ms,2.407707075359477,0.04223299118904614,3,2.3811647806666665,2.456407807647059,2.3811647806666665,2.420978222705883,0.05010499953306097,2,1.6720154086971473,1.7540751373478702
16,4B,vllm_dflash,1,interactivity,derived,tokens/s/user,415.41728179456777,7.2145798866971385,3,407.0985269167821,419.9625360324811,419.9625360324811,413.1446546756111,8.550515876376439,2,-1.6234498965742805,1.7367067290823242
16,4B,vllm_dflash,1,interactivity,derived_p90,tokens/s/user,514.455439403081,23.276365309178846,3,488.36046681067825,533.0777338625878,488.36046681067825,527.5029256992823,7.883969312174929,2,8.01507524641185,4.524466751908824
16,4B,vllm_dflash,1,output_token_throughput,avg,tokens/s,643.3741240694366,32.97683148327945,3,607.6096572912027,672.5766313831572,607.6096572912027,661.2563574585536,16.00928491395305,2,8.829138826811022,5.125607364296237
16,4B,vllm_dflash,1,time_to_first_token,p99,ms,52.93866733666669,9.299496436867187,3,44.35123300000003,62.81562842,62.81562842,48.000186795000026,5.16039994536177,2,-23.585598039297583,17.566548054046148
16,4B,vllm_dflash,2,acceptance_length,avg,tokens,5.638933667646093,0.05194012705874512,3,5.579258463191833,5.673960612691466,5.663581927054981,5.626609537941649,0.06696453210413299,2,-0.6528092925912277,0.921098387036479
16,4B,vllm_dflash,2,inter_chunk_latency,p99,ms,45.982836503333324,2.0045518302560175,3,44.820016,48.29748487999998,48.29748487999998,44.825512315,0.007772963216075034,2,-7.188723333371183,4.359347927809338
16,4B,vllm_dflash,2,inter_token_latency,p90,ms,2.1383210563398696,0.2088401132769099,3,2.0007140580392155,2.3786250756862746,2.3786250756862746,2.018169046666667,0.02468508164800979,2,-15.153965738615193,9.766546172181377
16,4B,vllm_dflash,2,inter_token_latency,p99,ms,2.594310709581699,0.17315535696602286,3,2.4854325151372545,2.793980422470588,2.793980422470588,2.4944758531372546,0.012789211248724154,2,-10.719637364835055,6.6744263255168095
16,4B,vllm_dflash,2,interactivity,derived,tokens/s/user,386.56483142217274,24.856333611940194,3,357.91231461663074,402.34445872483343,357.91231461663074,400.8910898249438,2.055374009355213,2,12.008185651379089,6.430055605548414
16,4B,vllm_dflash,2,interactivity,derived_p90,tokens/s/user,470.49411218351383,43.584535543899314,3,420.4109383280939,499.8215492023095,420.4109383280939,495.53569911122383,6.06110732511129,2,17.86936398036858,9.26356662395371
16,4B,vllm_dflash,2,output_token_throughput,avg,tokens/s,1092.8362152778743,43.608905082039726,3,1048.0159468243437,1135.123327501041,1048.0159468243437,1115.2463495046397,28.1102918615024,2,6.415017145875979,3.990433742255818
16,4B,vllm_dflash,2,time_to_first_token,p99,ms,96.50584254333334,6.3559519230150645,3,92.79349834,103.84489711999998,103.84489711999998,92.836315255,0.06055226189198034,2,-10.600984901818332,6.5860799258460405
16,4B,vllm_dflash,4,acceptance_length,avg,tokens,5.54554979912411,0.10567887617133757,3,5.484408033826639,5.667577164709096,5.484664198836595,5.575992599267868,0.12952013455103115,2,1.6651593811457976,1.9056519190942798
16,4B,vllm_dflash,4,inter_chunk_latency,p99,ms,46.6787134,1.71309382016245,3,45.20904839999999,48.56017314,48.56017314,45.737983529999994,0.7480272344615846,2,-5.811737124296446,3.669967947665091
16,4B,vllm_dflash,4,inter_token_latency,p90,ms,2.7393901372549023,0.16396678543227694,3,2.551756724705883,2.855124498431373,2.855124498431373,2.681522956666667,0.18351716517699368,2,-6.080349275840124,5.985521492626288
16,4B,vllm_dflash,4,inter_token_latency,p99,ms,3.3738693295294095,0.33016195589093456,3,3.149862521058823,3.7530292972941135,3.7530292972941135,3.184289345647058,0.048686882242121296,2,-15.154156991449819,9.785854864064515
16,4B,vllm_dflash,4,interactivity,derived,tokens/s/user,298.20282472629583,27.706389513882556,3,266.45142384606146,317.4741733375243,266.45142384606146,314.078525166413,4.802171696633002,2,17.87459066004744,9.291122422905532
16,4B,vllm_dflash,4,interactivity,derived_p90,tokens/s/user,365.9476676629899,22.629376909747943,3,350.2474237286001,391.88688730320115,350.2474237286001,373.7977896301848,25.581847260271303,2,6.723922663263737,6.183774050061138
16,4B,vllm_dflash,4,output_token_throughput,avg,tokens/s,1835.1724800862312,81.75990552610394,3,1744.149979611241,1902.3830496010155,1744.149979611241,1880.6837303237262,30.687471616206484,2,7.828096913025662,4.455161921470302
16,4B,vllm_dflash,4,time_to_first_token,p99,ms,105.88266766333332,2.897729270206221,3,103.09277883,108.87736991999996,108.87736991999996,104.385316535,1.8279243522895958,2,-4.1257916023326064,2.7367361761415943
16,4B,vllm_dflash,8,acceptance_length,avg,tokens,5.497767074545735,0.16603398138693315,3,5.336209116662374,5.6679415380412514,5.336209116662374,5.5785460534874165,0.12642430667094887,2,4.541368816831826,3.020025751102816
16,4B,vllm_dflash,8,inter_chunk_latency,p99,ms,48.01270125,1.8103064669987754,3,46.37160275,49.9545472,49.9545472,47.041778275,0.9477713166255084,2,-5.830838408640404,3.770474103451481
16,4B,vllm_dflash,8,inter_token_latency,p90,ms,3.4173668528104577,0.23936367417907667,3,3.204029458431372,3.676220751764706,3.676220751764706,3.287939903333333,0.11866728920511355,2,-10.561956820601303,7.004330658331953
16,4B,vllm_dflash,8,inter_token_latency,p99,ms,4.467376851712418,0.7583289368506111,3,3.8672033736862734,5.319647096156863,5.319647096156863,4.041241729490196,0.2461274031510206,2,-24.03177022006292,16.97481457289486
16,4B,vllm_dflash,8,interactivity,derived,tokens/s/user,227.93311731261997,36.20813384631238,3,187.98239468224165,258.5847971700504,187.98239468224165,247.90847862780913,15.098594478653014,2,31.878561844509036,15.885420369454861
16,4B,vllm_dflash,8,interactivity,derived_p90,tokens/s/user,293.5661818197677,20.21269741212197,3,272.0184851576085,312.1069930766428,272.0184851576085,304.34003015084727,10.984144308109087,2,11.882113443324105,6.885226795139289
16,4B,vllm_dflash,8,output_token_throughput,avg,tokens/s,2845.6865043209527,158.12434363870975,3,2664.712924305733,2957.143047630136,2664.712924305733,2936.173294328563,29.65570951870294,2,10.187227582631863,5.556632587553487
16,4B,vllm_dflash,8,time_to_first_token,p99,ms,131.8418894966666,20.53466646977253,3,112.90235014999996,153.6665332699999,128.95678506999994,133.28444170999992,28.824630313682142,2,3.3558968127585187,15.575221614441226
16,4B,vllm_dflash,16,acceptance_length,avg,tokens,5.618767772769309,0.011761524831422357,3,5.605686115613182,5.628468688513467,5.628468688513467,5.613917314897229,0.011640673662095492,2,-0.258531661478989,0.20932569750298616
16,4B,vllm_dflash,16,inter_chunk_latency,p99,ms,50.92616168000001,1.0542859286986501,3,49.73593129999996,51.74270982,49.73593129999996,51.52127687000002,0.313153481046254,2,3.589649421121943,2.0702246034628895
16,4B,vllm_dflash,16,inter_token_latency,p90,ms,4.879560809673204,0.20797758171582126,3,4.731879441960785,5.117405562745097,5.117405562745097,4.760638433137256,0.04067135536193403,2,-6.971640711948246,4.262219282184743
16,4B,vllm_dflash,16,inter_token_latency,p99,ms,6.5239551916995,0.2623974522512898,3,6.223467624039215,6.7078566523534,6.7078566523534,6.432004461372548,0.2949156236111924,2,-4.112374567278076,4.0220609207301266
16,4B,vllm_dflash,16,interactivity,derived,tokens/s/user,153.45039139977072,6.308281681278383,3,149.07891623610615,160.68212456626716,149.07891623610615,155.63612898160298,7.136115391506843,2,4.398484313577744,4.1109583519040855
16,4B,vllm_dflash,16,interactivity,derived_p90,tokens/s/user,205.1795239884209,8.553991303745674,3,195.41152010308448,211.33251856172026,195.41152010308448,210.0635259310891,1.7946265887900885,2,7.498025612960446,4.169027755531985
16,4B,vllm_dflash,16,output_token_throughput,avg,tokens/s,4256.383167429611,147.1873792676203,3,4098.171166624326,4389.255762633876,4098.171166624326,4335.489167832253,76.03744757107384,2,5.790826970348473,3.4580387497515956
16,4B,vllm_dflash,16,time_to_first_token,p99,ms,144.3843955,0.38216796742458325,3,143.95868618,144.69790321,144.69790321,144.227641645,0.380360466277369,2,-0.32499542465207476,0.2646878605552518
16,4B,vllm_dflash,32,acceptance_length,avg,tokens,5.6014056972884525,0.01827279656376885,3,5.58065817338398,5.615103655855795,5.608455262625582,5.597880914619887,0.024356634237062906,2,-0.18854296790350444,0.32621805224025113
16,4B,vllm_dflash,32,inter_chunk_latency,p99,ms,58.33248424333333,2.1687184662678285,3,55.91943548,60.11886769,60.11886769,57.439292519999995,2.149402438836227,2,-4.45712847390457,3.7178572015226417
16,4B,vllm_dflash,32,inter_token_latency,p90,ms,7.2939896827450985,0.15065608953599896,3,7.120693354509804,7.393811467450981,7.393811467450981,7.244078790392157,0.17449335682413886,2,-2.02510812884501,2.0654826245833053
16,4B,vllm_dflash,32,inter_token_latency,p99,ms,9.539722700196078,0.18189516210380202,3,9.349251528980393,9.711615964470589,9.711615964470589,9.453776068058824,0.1478200207655141,2,-2.654963884023609,1.906713306248025
16,4B,vllm_dflash,32,interactivity,derived,tokens/s/user,104.85033905014946,2.0053298468176797,3,102.96947528181148,106.96043388074914,102.96947528181148,105.79077093431845,1.654153202247558,2,2.739933989937815,1.9125640078841704
16,4B,vllm_dflash,32,interactivity,derived_p90,tokens/s/user,137.13863840521222,2.865615814143348,3,135.24824164129657,140.4357623919674,135.24824164129657,138.08383678717004,3.326125087996948,2,2.096585590660749,2.089575809901314
16,4B,vllm_dflash,32,output_token_throughput,avg,tokens/s,5675.735922230318,109.57929340666541,3,5554.173709717122,5766.924147886432,5554.173709717122,5736.517028486916,43.00216064749354,2,3.2829963249219496,1.9306622948659935
16,4B,vllm_dflash,32,time_to_first_token,p99,ms,187.99083225666672,2.5676586332832314,3,185.0706321600001,189.89499807,189.89499807,187.0387493500001,2.7833380224376167,2,-1.5041200395110033,1.3658424735189045
